credit_id,customer_id,credit_score,total_accounts,active_accounts,overdue_accounts,credit_utilization,record_date
CR0000001,C000644,719,12,0,3,0.79,2026-08-23
CR0000002,C000649,686,5,3,3,0.28,2025-12-19
CR0000003,C000435,310,11,6,0,0.68,2026-04-12
CR0000004,C000394,759,3,10,5,0.25,2025-01-11
CR0000005,C000579,417,2,2,3,0.11,2026-02-09
CR0000006,C000747,849,6,2,5,0.28,2025-08-28
CR0000007,C000289,707,5,8,2,0.31,2025-06-30
CR0000008,C000625,883,5,1,0,0.41,2026-06-05
CR0000009,C000929,506,2,8,3,0.23,2025-01-30
CR0000010,C000201,830,1,7,3,0.15,2025-04-06
CR0000011,C000912,534,1,6,1,0.13,2026-05-16
CR0000012,C000145,369,4,6,4,0.38,2026-03-14
CR0000013,C000201,446,8,9,0,0.65,2025-03-18
CR0000014,C000997,815,13,3,1,0.7,2025-09-27
CR0000015,C000459,344,10,0,1,0.36,2025-02-03
CR0000016,C000723,556,15,2,2,0.47,2026-05-29
CR0000017,C000495,357,7,6,1,0.9,2025-10-30
CR0000018,C000859,817,2,3,1,0.61,2026-07-17
CR0000019,C000339,643,11,7,0,0.83,2024-10-11
CR0000020,C000364,371,14,3,4,0.53,2025-06-09
CR0000021,C000225,870,3,2,4,0.92,2024-11-20
CR0000022,C000977,358,2,10,0,0.42,2025-01-06
CR0000023,C000649,847,1,9,5,0.2,2025-12-22
CR0000024,C000623,629,6,0,1,0.86,2026-09-11
CR0000025,C000785,539,1,6,0,0.56,2026-06-16
CR0000026,C000393,696,13,9,0,0.82,2025-01-13
CR0000027,C000134,336,10,8,0,0.07,2026-06-28
CR0000028,C000185,787,15,9,5,0.4,2025-10-06
CR0000029,C000907,696,8,3,5,0.49,2026-04-23
CR0000030,C000843,556,6,10,3,0.48,2025-08-02
CR0000031,C000843,456,8,8,2,0.25,2026-05-07
CR0000032,C000850,593,11,2,3,0.95,2025-07-10
CR0000033,C000872,464,6,0,3,0.77,2025-03-19
CR0000034,C000559,447,1,7,3,0.69,2026-02-11
CR0000035,C000458,854,14,3,3,0.16,2025-08-23
CR0000036,C000125,661,4,6,3,0.85,2026-04-02
CR0000037,C000689,771,12,7,3,0.91,2026-01-24
CR0000038,C000506,774,6,5,2,0.65,2025-01-23
CR0000039,C000749,436,12,8,1,0.27,2025-02-26
CR0000040,C000861,495,10,3,5,0.64,2025-12-08
CR0000041,C000787,672,15,7,4,0.83,2026-04-09
CR0000042,C000541,718,6,10,2,0.24,2026-07-01
CR0000043,C000336,444,8,1,4,0.64,2025-06-11
CR0000044,C000008,607,15,9,3,0.1,2024-10-28
CR0000045,C000880,522,6,8,1,0.64,2026-01-27
CR0000046,C000595,829,7,2,3,0.07,2025-04-09
CR0000047,C000659,511,7,9,5,0.21,2026-04-25
CR0000048,C000989,876,13,2,5,0.41,2026-06-14
CR0000049,C000951,502,3,6,2,0.47,2024-12-15
CR0000050,C000938,433,13,7,2,0.6,2024-10-26
CR0000051,C000020,843,12,10,0,0.66,2025-01-24
CR0000052,C000170,366,2,0,0,0.88,2025-09-11
CR0000053,C000025,354,6,1,2,0.89,2025-07-22
CR0000054,C000080,665,4,2,1,0.33,2025-09-20
CR0000055,C000935,367,6,9,2,0.58,2025-05-08
CR0000056,C000420,757,8,5,5,0.21,2025-09-20
CR0000057,C000966,610,2,8,1,0.86,2026-04-18
CR0000058,C000050,455,3,6,0,0.53,2026-04-23
CR0000059,C000027,719,3,8,4,0.62,2026-09-02
CR0000060,C000391,587,12,3,0,0.65,2025-11-03
CR0000061,C000818,450,15,7,0,0.73,2025-03-16
CR0000062,C000346,438,15,6,3,0.39,2025-07-07
CR0000063,C000381,474,13,0,4,0.67,2026-02-28
CR0000064,C000882,671,15,7,4,0.56,2026-03-18
CR0000065,C000086,758,15,0,3,0.9,2025-07-15
CR0000066,C000323,880,6,5,0,0.85,2025-09-19
CR0000067,C000222,370,3,2,4,0.32,2025-04-07
CR0000068,C000294,703,15,2,0,0.94,2025-01-06
CR0000069,C000174,501,11,5,2,0.69,2025-11-02
CR0000070,C000967,385,6,9,3,0.06,2026-07-23
CR0000071,C000590,727,3,5,2,0.22,2025-08-19
CR0000072,C000557,586,9,0,3,0.34,2024-09-25
CR0000073,C000447,470,1,10,1,0.68,2025-04-28
CR0000074,C000925,569,8,6,2,0.09,2026-09-06
CR0000075,C000273,769,11,1,2,0.55,2026-05-28
CR0000076,C000071,433,14,9,0,0.71,2025-08-30
CR0000077,C000092,319,5,6,1,0.86,2025-07-09
CR0000078,C000715,689,7,0,5,0.65,2026-02-25
CR0000079,C000417,684,6,5,4,0.82,2025-05-19
CR0000080,C000310,734,7,5,1,0.9,2025-11-01
CR0000081,C000382,567,9,3,3,0.3,2026-02-28
CR0000082,C000189,385,15,7,5,0.13,2024-10-17
CR0000083,C000514,626,14,8,0,0.07,2024-11-30
CR0000084,C000088,431,13,1,1,0.12,2026-08-29
CR0000085,C000802,682,2,2,4,0.77,2025-11-02
CR0000086,C000714,389,14,1,0,0.7,2026-01-24
CR0000087,C000758,649,14,9,0,0.19,2025-06-17
CR0000088,C000781,771,11,5,5,0.15,2026-07-03
CR0000089,C000676,424,1,2,1,0.88,2025-08-17
CR0000090,C000401,383,3,1,5,0.91,2026-01-03
CR0000091,C000149,303,7,10,1,0.24,2026-08-30
CR0000092,C000722,381,7,5,5,0.53,2026-02-04
CR0000093,C000890,787,14,3,5,0.94,2026-07-14
CR0000094,C000274,490,8,4,5,0.66,2025-04-15
CR0000095,C000573,362,8,2,4,0.06,2025-06-03
CR0000096,C000922,480,4,4,1,0.84,2025-04-13
CR0000097,C000936,889,4,1,5,0.74,2025-04-11
CR0000098,C000448,492,3,5,1,0.2,2026-06-01
CR0000099,C000873,603,10,6,4,0.63,2024-12-01
CR0000100,C000447,523,7,4,2,0.71,2025-04-02
CR0000101,C000557,843,1,10,5,0.28,2026-02-06
CR0000102,C000012,465,2,0,0,0.49,2025-12-13
CR0000103,C000613,361,10,6,0,0.66,2025-07-16
CR0000104,C000966,756,1,10,0,0.34,2025-09-09
CR0000105,C000453,670,12,10,4,0.66,2026-05-09
CR0000106,C000890,367,10,4,5,0.81,2026-02-22
CR0000107,C000841,761,6,7,2,0.5,2026-04-20
CR0000108,C000056,800,6,8,5,0.22,2025-03-22
CR0000109,C000950,474,1,5,3,0.47,2026-04-09
CR0000110,C000606,772,6,6,3,0.83,2026-02-19
CR0000111,C000495,775,8,2,1,0.71,2025-12-17
CR0000112,C000594,694,7,0,1,0.76,2026-05-07
CR0000113,C000395,690,14,10,1,0.41,2025-02-14
CR0000114,C000546,314,7,10,1,0.19,2025-10-24
CR0000115,C000491,488,4,1,0,0.4,2025-06-05
CR0000116,C000970,453,5,5,1,0.07,2026-02-24
CR0000117,C000281,701,3,4,4,0.3,2026-03-06
CR0000118,C000640,494,8,9,5,0.5,2025-02-02
CR0000119,C000784,745,14,2,3,0.92,2025-05-17
CR0000120,C000883,361,6,1,0,0.91,2025-11-15
CR0000121,C000169,788,10,4,1,0.26,2024-09-24
CR0000122,C000623,806,13,3,3,0.49,2026-02-20
CR0000123,C000517,615,11,2,2,0.62,2024-09-22
CR0000124,C000202,739,10,1,4,0.17,2026-06-23
CR0000125,C000165,588,6,5,5,0.83,2024-11-07
CR0000126,C000989,678,10,7,0,0.07,2024-09-25
CR0000127,C000773,678,7,3,1,0.9,2025-08-01
CR0000128,C000355,539,15,5,5,0.87,2024-11-30
CR0000129,C000948,787,13,4,4,0.36,2025-10-28
CR0000130,C000778,639,12,3,1,0.92,2024-12-05
CR0000131,C000437,886,15,3,5,0.58,2026-03-02
CR0000132,C000378,542,14,3,3,0.56,2025-08-28
CR0000133,C000699,319,6,8,0,0.4,2025-06-16
CR0000134,C000104,451,10,5,0,0.53,2025-03-05
CR0000135,C000792,773,10,4,0,0.45,2026-04-02
CR0000136,C000008,497,13,4,5,0.18,2025-04-24
CR0000137,C000668,360,8,3,1,0.62,2025-03-30
CR0000138,C000895,635,6,9,3,0.56,2025-02-12
CR0000139,C000210,579,6,7,2,0.59,2024-10-12
CR0000140,C000971,849,4,10,1,0.91,2024-10-04
CR0000141,C000802,423,5,0,5,0.85,2026-01-10
CR0000142,C000193,836,13,8,2,0.27,2024-11-26
CR0000143,C000345,685,7,0,2,0.28,2024-10-30
CR0000144,C000987,447,5,0,0,0.64,2026-09-14
CR0000145,C000542,731,2,5,3,0.75,2025-12-21
CR0000146,C000090,451,8,10,3,0.55,2026-02-08
CR0000147,C000889,754,13,5,0,0.89,2026-08-11
CR0000148,C000028,766,5,3,5,0.6,2026-06-26
CR0000149,C000293,591,3,9,1,0.34,2025-03-03
CR0000150,C000470,317,2,0,2,0.55,2025-12-25
CR0000151,C000742,677,3,5,5,0.39,2026-01-24
CR0000152,C000357,326,11,6,5,0.34,2024-12-19
CR0000153,C000087,482,6,9,0,0.63,2026-03-19
CR0000154,C000277,631,10,9,0,0.84,2024-12-18
CR0000155,C000209,357,12,2,3,0.11,2024-11-22
CR0000156,C000321,369,3,2,0,0.52,2026-07-13
CR0000157,C000615,540,2,5,2,0.35,2025-12-29
CR0000158,C000197,722,6,1,3,0.41,2024-12-25
CR0000159,C000448,363,9,6,5,0.76,2025-07-05
CR0000160,C000176,458,9,1,1,0.45,2026-02-07
CR0000161,C000081,418,13,4,1,0.27,2026-05-02
CR0000162,C000705,871,1,0,5,0.81,2026-08-15
CR0000163,C000127,530,8,0,0,0.25,2026-02-01
CR0000164,C000640,538,3,2,4,0.34,2025-11-29
CR0000165,C000616,696,13,10,5,0.41,2026-06-01
CR0000166,C000307,822,13,4,3,0.07,2025-02-06
CR0000167,C000221,724,9,1,0,0.23,2026-08-12
CR0000168,C000438,336,4,3,4,0.49,2024-12-11
CR0000169,C000516,657,12,1,4,0.84,2026-03-10
CR0000170,C000267,821,15,2,3,0.24,2025-02-06
CR0000171,C000650,849,1,10,5,0.61,2025-03-31
CR0000172,C000084,572,9,5,4,0.4,2025-05-02
CR0000173,C000965,506,13,9,2,0.35,2025-09-13
CR0000174,C000645,634,15,4,3,0.16,2026-02-11
CR0000175,C000184,592,8,0,3,0.59,2026-09-13
CR0000176,C000615,824,13,6,1,0.22,2024-11-13
CR0000177,C000992,342,7,1,5,0.89,2026-01-25
CR0000178,C000843,510,4,9,5,0.72,2025-09-03
CR0000179,C000514,519,15,9,2,0.37,2026-09-02
CR0000180,C000119,355,11,10,1,0.56,2025-04-18
CR0000181,C000127,558,4,8,0,0.33,2026-05-06
CR0000182,C000427,521,14,2,2,0.24,2025-08-13
CR0000183,C000080,697,12,5,3,0.94,2026-03-07
CR0000184,C000183,469,15,7,3,0.55,2026-08-18
CR0000185,C000824,592,13,10,1,0.12,2026-02-16
CR0000186,C000408,409,15,0,0,0.61,2026-05-06
CR0000187,C000042,311,5,0,2,0.45,2026-05-07
CR0000188,C000059,881,3,1,0,0.38,2025-05-25
CR0000189,C000461,495,7,5,0,0.3,2025-04-03
CR0000190,C000960,322,5,0,0,0.32,2025-01-19
CR0000191,C000578,569,8,3,0,0.88,2026-05-15
CR0000192,C000692,331,15,7,1,0.06,2024-11-12
CR0000193,C000071,388,12,3,3,0.83,2025-04-19
CR0000194,C000480,893,12,8,2,0.29,2026-05-12
CR0000195,C000328,876,8,1,5,0.67,2024-11-03
CR0000196,C000150,520,2,6,5,0.39,2025-07-10
CR0000197,C000645,338,8,6,3,0.42,2025-07-14
CR0000198,C000330,313,10,0,5,0.11,2025-06-01
CR0000199,C000311,587,12,4,5,0.48,2024-11-01
CR0000200,C000040,573,1,10,2,0.92,2025-04-04
CR0000201,C000545,492,4,7,0,0.95,2026-06-09
CR0000202,C000661,345,14,9,3,0.55,2025-04-09
CR0000203,C000853,800,13,3,5,0.81,2025-02-01
CR0000204,C000465,348,5,5,0,0.59,2025-08-24
CR0000205,C000760,767,14,7,4,0.2,2024-11-08
CR0000206,C000925,680,12,8,4,0.18,2025-10-02
CR0000207,C000946,655,7,2,4,0.41,2026-09-07
CR0000208,C000166,778,6,4,1,0.78,2025-02-18
CR0000209,C000708,806,11,8,3,0.37,2026-01-03
CR0000210,C000753,742,2,9,2,0.85,2025-07-17
CR0000211,C000910,640,15,5,5,0.47,2025-02-01
CR0000212,C000881,852,14,10,1,0.85,2026-01-30
CR0000213,C000257,651,9,10,1,0.59,2025-10-03
CR0000214,C000370,853,11,2,4,0.18,2024-12-09
CR0000215,C000882,510,14,6,0,0.79,2025-01-05
CR0000216,C000023,414,9,8,0,0.52,2025-11-09
CR0000217,C000014,889,1,4,4,0.65,2026-05-06
CR0000218,C000017,468,12,3,5,0.69,2025-08-16
CR0000219,C000818,642,8,1,2,0.71,2025-03-04
CR0000220,C000405,682,9,6,4,0.64,2026-01-05
CR0000221,C000727,702,4,9,2,0.72,2026-01-28
CR0000222,C000922,408,4,10,5,0.46,2024-12-07
CR0000223,C000106,492,12,0,4,0.77,2026-08-25
CR0000224,C000071,807,3,1,5,0.91,2025-08-24
CR0000225,C000325,547,13,6,2,0.79,2026-03-25
CR0000226,C000382,854,11,1,1,0.07,2025-04-05
CR0000227,C000186,331,5,1,1,0.22,2024-12-05
CR0000228,C000113,373,2,4,3,0.91,2024-10-13
CR0000229,C000579,732,6,10,3,0.06,2024-11-11
CR0000230,C000880,607,6,6,2,0.24,2024-11-09
CR0000231,C000170,738,10,9,3,0.62,2025-12-03
CR0000232,C000042,342,11,7,0,0.5,2026-04-04
CR0000233,C000041,659,1,4,5,0.48,2025-03-29
CR0000234,C000504,692,13,8,0,0.43,2026-05-12
CR0000235,C000193,659,11,7,0,0.39,2025-08-28
CR0000236,C000089,799,13,1,3,0.28,2024-09-30
CR0000237,C000710,394,2,3,5,0.8,2026-08-13
CR0000238,C000320,396,8,6,5,0.35,2025-10-07
CR0000239,C000903,780,1,5,2,0.55,2025-01-09
CR0000240,C000270,762,4,9,3,0.14,2026-02-05
CR0000241,C000168,431,10,10,0,0.89,2026-01-26
CR0000242,C000412,755,2,8,1,0.47,2024-09-16
CR0000243,C000324,878,7,8,5,0.7,2026-09-10
CR0000244,C000283,559,10,1,5,0.52,2024-10-15
CR0000245,C000697,478,15,7,2,0.82,2026-02-14
CR0000246,C000912,340,5,9,2,0.43,2025-07-16
CR0000247,C000442,458,14,1,1,0.48,2025-04-10
CR0000248,C000106,555,1,6,5,0.78,2025-01-11
CR0000249,C000432,480,13,6,0,0.32,2026-03-13
CR0000250,C000506,528,6,10,4,0.81,2025-05-30
CR0000251,C000385,534,12,7,5,0.9,2026-08-19
CR0000252,C000008,418,2,2,1,0.17,2025-07-16
CR0000253,C000519,876,1,7,3,0.38,2025-12-06
CR0000254,C000278,740,1,8,5,0.38,2024-09-18
CR0000255,C000532,856,2,6,3,0.08,2025-10-21
CR0000256,C000585,746,9,6,0,0.11,2026-03-19
CR0000257,C000980,569,15,10,2,0.48,2026-09-16
CR0000258,C000220,819,15,3,1,0.16,2026-05-07
CR0000259,C000320,465,2,9,1,0.65,2025-10-02
CR0000260,C000290,756,11,8,2,0.55,2025-09-22
CR0000261,C000440,789,2,10,1,0.57,2025-08-20
CR0000262,C000210,418,9,0,1,0.23,2025-07-26
CR0000263,C000166,607,3,6,0,0.38,2026-07-03
CR0000264,C000547,822,13,0,0,0.52,2026-04-04
CR0000265,C000277,572,10,8,0,0.32,2026-05-15
CR0000266,C000787,440,6,3,3,0.77,2026-06-08
CR0000267,C000163,493,11,7,3,0.48,2026-05-19
CR0000268,C000961,401,3,6,4,0.62,2024-11-09
CR0000269,C000396,854,14,1,1,0.65,2025-11-09
CR0000270,C000070,822,3,1,3,0.51,2025-03-10
CR0000271,C000596,374,10,2,1,0.61,2024-09-18
CR0000272,C000390,723,14,10,2,0.89,2025-07-11
CR0000273,C000110,568,7,0,3,0.09,2026-03-05
CR0000274,C000575,628,13,6,0,0.22,2026-06-13
CR0000275,C000014,682,7,7,4,0.8,2026-05-14
CR0000276,C000680,530,12,2,3,0.6,2025-09-25
CR0000277,C000126,821,15,6,5,0.83,2024-12-19
CR0000278,C000053,461,4,9,4,0.31,2025-11-30
CR0000279,C000126,376,7,9,0,0.43,2025-11-05
CR0000280,C000767,875,2,2,5,0.09,2026-09-12
CR0000281,C000086,584,7,4,3,0.64,2025-06-21
CR0000282,C000671,649,5,8,4,0.34,2025-06-01
CR0000283,C000163,615,14,7,4,0.49,2026-02-27
CR0000284,C000084,873,15,10,4,0.59,2025-05-09
CR0000285,C000013,887,3,7,2,0.13,2025-07-24
CR0000286,C000319,801,6,8,4,0.6,2024-10-28
CR0000287,C000410,364,5,10,2,0.89,2026-01-20
CR0000288,C000213,595,10,8,1,0.33,2026-01-31
CR0000289,C000605,631,15,3,4,0.22,2024-11-25
CR0000290,C000324,613,4,5,4,0.66,2025-06-26
CR0000291,C000835,585,5,9,3,0.65,2025-11-05
CR0000292,C000202,492,13,9,1,0.77,2026-07-10
CR0000293,C000581,602,4,10,5,0.38,2025-06-07
CR0000294,C000744,855,9,5,1,0.77,2024-11-17
CR0000295,C000382,895,9,2,0,0.7,2026-07-01
CR0000296,C000475,598,11,3,1,0.59,2025-09-08
CR0000297,C000632,645,3,10,3,0.39,2026-04-29
CR0000298,C000844,701,8,4,4,0.46,2026-05-04
CR0000299,C000202,649,3,4,4,0.11,2025-04-29
CR0000300,C000261,427,7,8,3,0.05,2026-02-01
CR0000301,C000440,493,13,4,3,0.46,2025-02-20
CR0000302,C000705,863,10,4,4,0.56,2025-01-31
CR0000303,C000104,503,5,0,3,0.62,2025-11-20
CR0000304,C000230,801,10,1,3,0.44,2024-10-16
CR0000305,C000939,620,2,2,1,0.16,2025-07-11
CR0000306,C000779,355,1,1,2,0.15,2026-02-11
CR0000307,C000794,848,5,2,0,0.88,2025-02-11
CR0000308,C000882,733,4,0,5,0.56,2025-05-06
CR0000309,C000641,310,2,5,4,0.7,2026-03-10
CR0000310,C000731,591,7,3,1,0.25,2025-07-16
CR0000311,C000986,884,13,4,4,0.37,2026-08-13
CR0000312,C000673,542,3,0,4,0.58,2024-12-07
CR0000313,C000007,525,3,6,1,0.54,2026-01-18
CR0000314,C000646,317,3,1,4,0.72,2026-03-05
CR0000315,C000805,576,13,7,0,0.14,2025-06-22
CR0000316,C000575,716,4,3,3,0.6,2025-09-28
CR0000317,C000059,477,15,3,2,0.15,2024-11-20
CR0000318,C000529,544,11,4,3,0.57,2026-08-04
CR0000319,C000365,695,8,3,1,0.14,2026-01-20
CR0000320,C000682,383,7,7,3,0.19,2025-08-22
CR0000321,C000344,693,14,9,3,0.07,2026-04-10
CR0000322,C000920,578,4,10,3,0.44,2025-02-10
CR0000323,C000800,836,6,5,0,0.5,2025-01-02
CR0000324,C000381,697,14,7,4,0.23,2024-10-13
CR0000325,C000313,447,12,1,4,0.8,2025-02-12
CR0000326,C000719,686,3,6,1,0.25,2024-10-05
CR0000327,C000644,661,7,4,1,0.69,2026-03-29
CR0000328,C000451,536,7,9,3,0.91,2025-12-20
CR0000329,C000284,876,4,10,5,0.11,2025-03-20
CR0000330,C000310,322,7,9,2,0.37,2025-09-30
CR0000331,C000560,320,8,6,5,0.45,2025-07-14
CR0000332,C000876,734,2,6,2,0.36,2024-11-03
CR0000333,C000019,575,6,4,3,0.19,2026-05-24
CR0000334,C000064,524,14,9,5,0.52,2025-11-09
CR0000335,C000209,843,13,3,0,0.93,2026-01-28
CR0000336,C000345,673,1,3,0,0.69,2025-05-13
CR0000337,C000235,462,2,9,5,0.55,2025-10-09
CR0000338,C000694,556,2,8,2,0.46,2025-11-04
CR0000339,C000431,600,3,6,2,0.83,2026-06-25
CR0000340,C000752,490,4,6,2,0.2,2026-06-08
CR0000341,C000393,368,4,1,4,0.1,2025-08-30
CR0000342,C000659,480,5,8,3,0.9,2024-09-28
CR0000343,C000312,471,4,0,1,0.59,2024-10-14
CR0000344,C000482,378,2,1,2,0.79,2025-06-06
CR0000345,C000795,483,9,1,3,0.55,2024-10-29
CR0000346,C000544,677,12,2,1,0.53,2025-06-05
CR0000347,C000392,491,4,0,2,0.82,2026-05-20
CR0000348,C000149,578,9,0,4,0.5,2026-03-30
CR0000349,C000449,358,7,2,1,0.09,2024-10-19
CR0000350,C000735,459,14,2,1,0.83,2025-07-27
CR0000351,C000518,676,10,4,3,0.27,2024-12-16
CR0000352,C000275,479,12,1,5,0.27,2025-02-27
CR0000353,C000329,343,2,6,1,0.05,2026-06-04
CR0000354,C000905,771,9,7,5,0.73,2026-02-05
CR0000355,C000928,863,9,6,4,0.47,2026-02-16
CR0000356,C000027,832,6,9,4,0.7,2025-10-27
CR0000357,C000999,714,13,4,4,0.89,2025-09-07
CR0000358,C000089,470,9,7,1,0.77,2026-09-16
CR0000359,C000156,511,2,9,2,0.81,2026-02-24
CR0000360,C000251,418,10,6,3,0.39,2026-07-23
CR0000361,C000962,682,1,5,3,0.23,2026-07-27
CR0000362,C000927,316,4,6,5,0.73,2025-11-06
CR0000363,C000837,760,14,9,5,0.18,2025-01-09
CR0000364,C000771,609,7,3,1,0.06,2026-04-14
CR0000365,C000704,532,15,7,2,0.49,2025-12-09
CR0000366,C000648,777,12,7,2,0.84,2025-03-15
CR0000367,C000060,774,3,6,0,0.27,2026-09-04
CR0000368,C000930,449,15,10,0,0.32,2024-11-10
CR0000369,C000143,354,6,7,3,0.85,2024-10-14
CR0000370,C000893,743,2,9,2,0.37,2026-04-10
CR0000371,C000960,824,9,7,0,0.89,2025-01-03
CR0000372,C000055,790,2,5,2,0.22,2025-09-30
CR0000373,C000837,818,3,0,0,0.18,2026-02-05
CR0000374,C000244,875,5,0,0,0.51,2024-09-30
CR0000375,C000498,833,6,0,3,0.41,2025-09-17
CR0000376,C000722,771,6,9,2,0.31,2026-08-21
CR0000377,C000785,352,13,8,4,0.16,2026-08-30
CR0000378,C000908,748,13,7,3,0.74,2026-01-09
CR0000379,C000003,337,11,8,5,0.72,2024-10-21
CR0000380,C000282,818,2,2,3,0.35,2025-03-23
CR0000381,C000600,750,12,10,2,0.18,2026-03-14
CR0000382,C000192,501,2,9,3,0.3,2026-02-01
CR0000383,C000490,525,1,0,2,0.06,2024-12-26
CR0000384,C000055,436,4,6,4,0.22,2024-09-27
CR0000385,C000914,455,7,8,4,0.28,2025-01-27
CR0000386,C000444,515,1,1,1,0.82,2026-01-20
CR0000387,C000634,571,12,7,0,0.25,2024-10-24
CR0000388,C000515,469,15,10,3,0.15,2026-08-19
CR0000389,C000947,770,13,5,4,0.71,2025-05-12
CR0000390,C000996,681,14,7,2,0.57,2026-06-15
CR0000391,C000753,861,15,5,5,0.65,2026-05-25
CR0000392,C000424,839,3,10,5,0.8,2024-11-30
CR0000393,C000409,832,11,4,4,0.75,2025-09-05
CR0000394,C000268,551,4,0,3,0.49,2026-01-03
CR0000395,C000838,636,9,4,3,0.93,2025-01-26
CR0000396,C000843,714,1,9,2,0.77,2026-06-26
CR0000397,C000151,563,2,2,4,0.25,2025-12-19
CR0000398,C000031,524,15,3,3,0.86,2024-11-04
CR0000399,C000413,400,12,8,4,0.38,2026-06-13
CR0000400,C000491,709,7,9,2,0.32,2026-06-12
CR0000401,C000535,548,3,9,3,0.9,2024-12-07
CR0000402,C000533,367,13,5,0,0.44,2024-12-13
CR0000403,C000660,742,3,6,3,0.93,2025-10-07
CR0000404,C000042,641,6,1,2,0.26,2025-12-22
CR0000405,C000110,803,15,6,4,0.24,2026-05-29
CR0000406,C000485,740,14,3,2,0.27,2026-01-07
CR0000407,C000349,468,6,2,4,0.34,2025-03-06
CR0000408,C000495,685,14,1,0,0.12,2024-11-04
CR0000409,C000722,308,3,8,3,0.49,2026-06-02
CR0000410,C000318,394,15,10,1,0.94,2025-02-20
CR0000411,C000171,302,8,2,0,0.17,2025-08-13
CR0000412,C000075,675,11,10,5,0.37,2025-06-05
CR0000413,C000845,885,2,0,1,0.85,2026-06-08
CR0000414,C000708,638,2,0,4,0.12,2026-06-27
CR0000415,C000608,340,10,0,1,0.76,2026-04-12
CR0000416,C000158,700,14,7,0,0.29,2026-02-24
CR0000417,C000639,598,10,8,0,0.8,2025-07-25
CR0000418,C000067,591,3,1,3,0.6,2025-05-25
CR0000419,C000881,566,3,10,5,0.51,2024-12-18
CR0000420,C000584,808,10,3,5,0.31,2026-03-01
CR0000421,C000886,702,14,5,5,0.2,2025-12-07
CR0000422,C000892,784,13,7,2,0.91,2025-11-14
CR0000423,C000378,613,5,10,5,0.78,2024-12-31
CR0000424,C000570,728,13,3,2,0.65,2025-05-23
CR0000425,C000535,515,4,7,1,0.68,2026-06-27
CR0000426,C000432,337,2,0,4,0.84,2026-05-25
CR0000427,C000205,451,2,7,1,0.18,2025-02-28
CR0000428,C000156,375,5,5,5,0.34,2026-05-02
CR0000429,C000052,544,12,7,3,0.42,2024-10-21
CR0000430,C000163,865,12,9,2,0.89,2025-12-20
CR0000431,C000635,514,15,7,5,0.08,2025-01-28
CR0000432,C000004,460,7,3,2,0.11,2025-06-03
CR0000433,C000325,332,14,4,3,0.22,2024-11-04
CR0000434,C000664,809,8,10,3,0.76,2024-12-18
CR0000435,C000520,631,8,2,2,0.72,2025-04-16
CR0000436,C000355,732,11,5,4,0.83,2025-01-03
CR0000437,C000755,488,1,2,2,0.42,2026-04-27
CR0000438,C000595,798,15,5,1,0.09,2025-08-04
CR0000439,C000445,443,4,8,4,0.5,2025-01-24
CR0000440,C000918,584,15,3,5,0.21,2026-03-10
CR0000441,C000950,339,13,0,5,0.37,2025-06-30
CR0000442,C000970,651,13,9,2,0.35,2025-11-19
CR0000443,C000643,407,8,8,1,0.24,2025-01-22
CR0000444,C000860,640,11,10,5,0.72,2025-08-22
CR0000445,C000360,580,9,6,4,0.94,2025-03-24
CR0000446,C000089,501,7,0,3,0.92,2026-09-04
CR0000447,C000254,860,5,8,3,0.09,2025-12-12
CR0000448,C000520,640,1,6,4,0.61,2024-10-17
CR0000449,C000287,364,8,6,3,0.87,2024-12-28
CR0000450,C000250,885,4,5,4,0.25,2024-12-02
CR0000451,C000470,571,5,10,0,0.79,2026-05-23
CR0000452,C000752,893,5,6,2,0.05,2026-07-06
CR0000453,C000086,534,1,3,3,0.27,2026-01-20
CR0000454,C000450,302,7,0,0,0.77,2026-01-04
CR0000455,C000341,580,9,8,3,0.06,2025-07-05
CR0000456,C000048,613,13,9,5,0.1,2026-05-13
CR0000457,C000720,894,4,8,5,0.55,2025-01-16
CR0000458,C000286,418,14,3,3,0.55,2024-09-28
CR0000459,C000428,636,3,8,5,0.23,2026-07-31
CR0000460,C000076,739,2,5,5,0.27,2025-09-29
CR0000461,C000766,791,1,1,1,0.89,2024-11-17
CR0000462,C000665,564,3,10,2,0.65,2024-09-20
CR0000463,C000906,725,3,6,1,0.71,2024-09-21
CR0000464,C000396,670,2,4,2,0.95,2025-02-02
CR0000465,C001000,861,11,1,0,0.93,2026-09-05
CR0000466,C000216,424,14,0,1,0.11,2024-11-24
CR0000467,C000394,576,3,1,3,0.35,2026-03-18
CR0000468,C000251,812,13,8,3,0.51,2026-02-04
CR0000469,C000200,792,11,9,2,0.76,2025-12-21
CR0000470,C000412,664,13,1,2,0.21,2026-08-05
CR0000471,C000420,493,9,4,5,0.07,2025-04-24
CR0000472,C000382,388,2,2,1,0.36,2025-08-05
CR0000473,C000140,834,14,8,1,0.48,2026-03-08
CR0000474,C000985,659,1,5,3,0.76,2026-06-05
CR0000475,C000430,742,2,8,3,0.24,2026-05-24
CR0000476,C000598,494,10,10,3,0.75,2026-05-09
CR0000477,C000428,368,12,3,5,0.89,2025-09-20
CR0000478,C000154,806,9,7,3,0.34,2026-03-07
CR0000479,C000613,677,4,0,0,0.46,2024-12-23
CR0000480,C000931,303,10,5,0,0.94,2025-02-23
CR0000481,C000384,681,11,5,3,0.72,2025-01-05
CR0000482,C000825,307,6,7,0,0.17,2026-01-25
CR0000483,C000507,398,10,8,4,0.74,2025-04-14
CR0000484,C000961,439,8,7,4,0.95,2025-10-27
CR0000485,C000123,648,2,9,0,0.76,2025-08-31
CR0000486,C000933,624,4,4,4,0.79,2025-08-02
CR0000487,C000644,600,1,1,0,0.9,2025-03-20
CR0000488,C000735,440,12,4,3,0.95,2026-09-14
CR0000489,C000651,587,6,6,0,0.93,2025-01-29
CR0000490,C000731,672,2,7,2,0.71,2026-01-03
CR0000491,C000365,716,1,0,2,0.34,2026-03-07
CR0000492,C000039,395,14,2,4,0.59,2024-10-15
CR0000493,C000331,402,6,1,0,0.93,2025-12-23
CR0000494,C000127,641,6,1,1,0.57,2025-02-02
CR0000495,C000146,896,13,1,1,0.09,2026-03-27
CR0000496,C000077,618,14,8,4,0.87,2025-10-09
CR0000497,C000723,381,13,8,4,0.83,2026-01-04
CR0000498,C000733,859,5,8,5,0.32,2024-11-23
CR0000499,C000511,713,13,0,2,0.88,2026-01-16
CR0000500,C000357,730,2,10,2,0.29,2026-06-19
CR0000501,C000530,353,3,1,0,0.9,2026-05-16
CR0000502,C000313,304,2,7,0,0.47,2025-05-07
CR0000503,C000899,669,7,8,0,0.29,2025-06-13
CR0000504,C000615,874,15,3,0,0.35,2025-08-07
CR0000505,C000829,489,11,9,5,0.83,2024-09-19
CR0000506,C000795,317,8,3,5,0.69,2025-11-23
CR0000507,C000442,473,12,10,4,0.26,2025-03-18
CR0000508,C000050,717,1,10,4,0.84,2025-02-12
CR0000509,C000710,890,13,3,3,0.54,2024-12-16
CR0000510,C000782,360,7,3,4,0.65,2025-11-01
CR0000511,C000896,497,14,8,2,0.36,2024-11-29
CR0000512,C000569,714,10,6,4,0.31,2026-01-09
CR0000513,C000736,555,10,1,5,0.43,2025-06-24
CR0000514,C000186,809,1,1,3,0.58,2026-07-18
CR0000515,C000316,559,12,2,4,0.22,2026-04-30
CR0000516,C000552,894,2,10,1,0.17,2025-11-09
CR0000517,C000295,341,4,3,5,0.09,2025-10-15
CR0000518,C000797,373,11,6,1,0.92,2025-03-05
CR0000519,C000817,583,2,9,0,0.64,2025-09-11
CR0000520,C000015,413,14,0,3,0.15,2026-05-07
CR0000521,C000180,511,8,2,1,0.7,2026-01-15
CR0000522,C000771,426,14,5,2,0.93,2026-02-10
CR0000523,C000592,687,11,8,5,0.3,2025-02-24
CR0000524,C000851,506,14,10,1,0.24,2025-04-18
CR0000525,C000443,661,4,10,5,0.27,2024-10-27
CR0000526,C000527,800,5,6,0,0.28,2025-02-13
CR0000527,C000425,743,8,2,0,0.75,2024-12-12
CR0000528,C000053,361,12,7,4,0.31,2026-05-27
CR0000529,C000706,723,2,4,1,0.31,2025-01-09
CR0000530,C000138,481,7,0,3,0.76,2026-03-02
CR0000531,C000196,842,2,9,3,0.36,2026-07-03
CR0000532,C000962,529,8,3,5,0.83,2026-08-24
CR0000533,C000345,788,7,4,1,0.48,2025-09-19
CR0000534,C000200,748,15,2,0,0.75,2025-10-07
CR0000535,C000617,797,7,3,4,0.51,2025-01-30
CR0000536,C000619,448,2,4,5,0.38,2025-01-18
CR0000537,C000199,560,12,1,2,0.83,2026-02-18
CR0000538,C000955,828,13,4,5,0.41,2026-09-02
CR0000539,C000387,364,10,1,1,0.86,2024-10-19
CR0000540,C000272,558,13,3,5,0.89,2024-10-27
CR0000541,C000390,888,13,8,1,0.61,2026-01-29
CR0000542,C000789,841,1,2,0,0.34,2025-06-25
CR0000543,C000440,867,7,9,2,0.05,2025-04-25
CR0000544,C000344,498,3,1,5,0.33,2025-02-25
CR0000545,C000874,735,5,4,4,0.23,2025-08-19
CR0000546,C000511,711,11,9,4,0.56,2025-03-30
CR0000547,C000029,398,7,7,4,0.23,2025-06-02
CR0000548,C000155,550,6,0,2,0.37,2026-01-08
CR0000549,C000410,546,9,5,3,0.25,2026-06-03
CR0000550,C000781,875,1,1,0,0.56,2026-08-08
CR0000551,C000275,440,4,6,0,0.23,2026-04-28
CR0000552,C000385,722,9,1,0,0.66,2025-09-02
CR0000553,C000602,861,8,2,1,0.71,2024-10-19
CR0000554,C000979,523,6,1,0,0.28,2024-12-06
CR0000555,C000658,718,2,4,5,0.58,2026-04-14
CR0000556,C000079,760,15,3,0,0.36,2024-10-26
CR0000557,C000400,542,10,1,0,0.77,2026-09-04
CR0000558,C000369,849,12,10,1,0.09,2025-11-07
CR0000559,C000318,583,9,2,5,0.73,2025-01-30
CR0000560,C000213,306,15,7,1,0.77,2025-01-16
CR0000561,C000127,638,2,1,4,0.57,2026-05-19
CR0000562,C000202,889,5,0,3,0.68,2024-10-08
CR0000563,C000279,665,13,7,4,0.68,2025-09-27
CR0000564,C000317,327,12,1,5,0.56,2025-10-20
CR0000565,C000429,581,4,2,1,0.26,2024-12-15
CR0000566,C000766,346,12,2,1,0.79,2024-11-10
CR0000567,C000022,502,3,4,3,0.11,2026-08-12
CR0000568,C000296,760,4,9,1,0.08,2025-03-17
CR0000569,C000958,509,6,10,2,0.8,2026-03-30
CR0000570,C000763,742,3,1,1,0.48,2025-08-27
CR0000571,C000187,307,3,5,0,0.53,2025-12-20
CR0000572,C000060,730,2,1,1,0.24,2025-12-10
CR0000573,C000576,457,7,1,3,0.26,2025-05-27
CR0000574,C000804,470,5,8,5,0.55,2025-08-07
CR0000575,C000011,843,15,9,4,0.94,2025-02-17
CR0000576,C000009,763,3,9,4,0.64,2026-04-19
CR0000577,C000472,520,8,6,1,0.6,2026-02-23
CR0000578,C000344,755,5,5,2,0.6,2026-08-14
CR0000579,C000966,320,4,6,2,0.39,2025-05-26
CR0000580,C000171,848,8,1,4,0.15,2025-03-13
CR0000581,C000254,429,15,0,1,0.71,2026-05-14
CR0000582,C000735,846,14,1,4,0.48,2024-12-10
CR0000583,C000900,894,12,2,0,0.52,2025-05-27
CR0000584,C000915,851,15,3,1,0.27,2025-03-11
CR0000585,C000365,351,9,9,4,0.85,2024-12-01
CR0000586,C000607,547,9,8,0,0.36,2025-03-19
CR0000587,C000398,850,2,4,2,0.35,2026-04-12
CR0000588,C000503,439,14,2,0,0.43,2025-08-02
CR0000589,C000856,510,3,3,5,0.62,2026-07-23
CR0000590,C000185,830,3,9,3,0.11,2025-02-18
CR0000591,C000747,859,2,5,3,0.2,2025-07-04
CR0000592,C000534,582,14,5,0,0.08,2026-08-09
CR0000593,C000693,311,13,0,5,0.67,2025-03-06
CR0000594,C000270,331,2,5,1,0.73,2024-11-12
CR0000595,C000616,899,2,1,5,0.22,2025-09-16
CR0000596,C000081,400,8,8,5,0.38,2025-12-14
CR0000597,C000247,326,12,2,2,0.33,2025-09-27
CR0000598,C000792,417,13,8,5,0.31,2024-10-28
CR0000599,C000614,599,5,2,0,0.54,2026-08-08
CR0000600,C000703,451,10,10,4,0.54,2025-08-20
CR0000601,C000576,594,8,8,0,0.19,2025-01-06
CR0000602,C000282,595,9,9,0,0.33,2025-03-02
CR0000603,C000018,780,1,8,3,0.47,2026-09-06
CR0000604,C000079,345,10,0,0,0.65,2026-01-02
CR0000605,C000122,551,7,5,5,0.36,2025-09-04
CR0000606,C000216,670,12,8,2,0.53,2025-02-01
CR0000607,C000741,714,7,9,0,0.26,2025-07-13
CR0000608,C000665,452,13,4,4,0.26,2025-07-03
CR0000609,C000299,629,6,10,0,0.38,2024-12-30
CR0000610,C000132,474,13,9,3,0.71,2025-09-06
CR0000611,C000927,865,12,0,5,0.47,2026-03-29
CR0000612,C000536,716,4,3,3,0.59,2025-02-13
CR0000613,C000805,871,8,9,2,0.76,2026-01-19
CR0000614,C000651,317,13,9,5,0.91,2025-06-21
CR0000615,C000444,838,3,2,0,0.1,2025-04-13
CR0000616,C000273,348,15,1,3,0.28,2025-02-20
CR0000617,C000527,841,2,8,4,0.71,2025-06-03
CR0000618,C000686,567,11,4,5,0.21,2024-12-23
CR0000619,C000102,785,8,3,4,0.22,2024-10-10
CR0000620,C000734,492,9,10,0,0.41,2026-03-07
CR0000621,C000313,548,3,10,0,0.18,2025-12-01
CR0000622,C000547,709,10,10,2,0.7,2024-11-01
CR0000623,C000753,834,10,10,5,0.65,2025-04-21
CR0000624,C000045,614,7,4,1,0.07,2024-12-31
CR0000625,C000710,729,13,2,2,0.7,2024-12-11
CR0000626,C000635,841,7,3,0,0.33,2026-07-09
CR0000627,C000855,557,2,7,0,0.79,2025-09-12
CR0000628,C000121,598,11,6,1,0.37,2025-09-07
CR0000629,C000287,682,13,4,0,0.22,2025-08-06
CR0000630,C000435,534,12,10,2,0.36,2025-01-26
CR0000631,C000141,491,5,3,5,0.07,2026-04-29
CR0000632,C000805,386,8,6,2,0.42,2025-06-09
CR0000633,C000814,586,14,4,4,0.57,2025-03-05
CR0000634,C000138,843,9,0,1,0.71,2026-08-05
CR0000635,C000748,677,4,8,5,0.5,2025-05-03
CR0000636,C000653,482,14,4,2,0.7,2025-12-28
CR0000637,C000868,437,8,9,5,0.11,2025-01-15
CR0000638,C000497,648,1,4,5,0.63,2026-05-22
CR0000639,C000690,598,4,3,1,0.24,2026-05-26
CR0000640,C000953,663,4,8,2,0.58,2026-01-24
CR0000641,C000963,425,7,3,1,0.78,2026-01-03
CR0000642,C000537,392,2,9,3,0.52,2026-08-20
CR0000643,C000696,426,9,0,4,0.93,2025-01-25
CR0000644,C000928,546,10,1,5,0.66,2025-12-09
CR0000645,C000717,804,4,2,3,0.63,2025-11-19
CR0000646,C000343,531,1,6,0,0.7,2026-07-12
CR0000647,C000107,385,15,9,4,0.5,2025-03-13
CR0000648,C000610,635,7,1,3,0.91,2024-11-22
CR0000649,C000425,716,13,8,5,0.83,2025-08-01
CR0000650,C000733,308,1,2,1,0.79,2026-07-13
CR0000651,C000117,330,10,1,2,0.75,2025-10-26
CR0000652,C000844,414,9,2,4,0.52,2025-09-30
CR0000653,C000003,313,4,6,2,0.48,2026-07-17
CR0000654,C000507,809,5,4,4,0.16,2025-03-03
CR0000655,C000519,725,15,0,4,0.66,2025-12-19
CR0000656,C000356,701,6,9,2,0.17,2025-09-18
CR0000657,C000496,359,2,4,4,0.11,2026-06-28
CR0000658,C000811,426,14,8,5,0.74,2025-09-10
CR0000659,C000712,593,2,8,2,0.25,2025-04-20
CR0000660,C000778,706,9,7,2,0.8,2024-09-27
CR0000661,C000739,900,3,6,1,0.2,2026-04-06
CR0000662,C000829,461,4,9,4,0.51,2025-08-14
CR0000663,C000660,375,4,7,2,0.35,2026-04-10
CR0000664,C000246,728,2,1,2,0.89,2026-07-25
CR0000665,C000744,601,3,8,4,0.42,2025-03-26
CR0000666,C000705,343,14,5,5,0.07,2025-03-27
CR0000667,C000970,645,4,7,3,0.44,2025-05-28
CR0000668,C000418,347,9,1,0,0.72,2025-08-19
CR0000669,C000254,736,13,0,0,0.9,2025-12-10
CR0000670,C000175,356,9,3,2,0.4,2025-03-07
CR0000671,C000447,390,14,0,3,0.19,2026-08-09
CR0000672,C000108,766,2,5,5,0.24,2026-09-06
CR0000673,C000919,479,13,3,2,0.86,2025-12-19
CR0000674,C000435,664,1,6,4,0.55,2025-01-09
CR0000675,C000689,746,10,1,3,0.61,2026-08-26
CR0000676,C000672,796,7,8,5,0.86,2025-12-05
CR0000677,C000064,515,9,4,2,0.72,2026-08-14
CR0000678,C000489,341,2,3,2,0.86,2024-09-19
CR0000679,C000224,305,13,8,3,0.75,2025-08-06
CR0000680,C000528,650,5,3,3,0.83,2024-10-20
CR0000681,C000702,863,12,8,1,0.42,2024-10-17
CR0000682,C000322,517,4,10,2,0.6,2025-09-16
CR0000683,C000501,427,1,1,5,0.38,2026-04-08
CR0000684,C000748,318,10,0,4,0.38,2026-05-05
CR0000685,C000369,878,10,1,2,0.31,2025-10-12
CR0000686,C000118,486,15,0,5,0.95,2024-10-12
CR0000687,C000645,561,10,2,3,0.73,2025-08-12
CR0000688,C000986,886,10,10,3,0.74,2025-11-02
CR0000689,C000556,886,13,6,5,0.32,2025-07-19
CR0000690,C000205,865,11,9,4,0.72,2025-09-23
CR0000691,C000897,767,2,8,2,0.18,2026-06-06
CR0000692,C000939,674,10,6,5,0.91,2026-05-28
CR0000693,C000892,554,3,5,4,0.14,2026-03-11
CR0000694,C000908,321,13,8,2,0.56,2026-06-15
CR0000695,C000866,499,3,3,0,0.22,2024-12-01
CR0000696,C000519,528,5,2,3,0.41,2025-09-02
CR0000697,C000355,873,1,6,4,0.68,2025-10-05
CR0000698,C000330,871,8,2,3,0.63,2025-03-21
CR0000699,C000969,768,13,6,0,0.63,2024-11-19
CR0000700,C000465,478,12,3,2,0.56,2025-11-23
CR0000701,C000723,533,9,9,1,0.34,2026-04-23
CR0000702,C000820,670,11,3,4,0.17,2024-09-25
CR0000703,C000504,874,13,0,2,0.8,2026-03-08
CR0000704,C000622,652,7,10,0,0.93,2026-04-07
CR0000705,C000435,879,10,6,2,0.08,2025-07-28
CR0000706,C000357,450,7,9,2,0.54,2025-03-04
CR0000707,C000458,450,7,10,2,0.13,2024-12-28
CR0000708,C000998,863,7,9,3,0.36,2025-06-21
CR0000709,C000983,374,15,3,0,0.56,2025-05-03
CR0000710,C000807,736,2,10,5,0.84,2025-03-20
CR0000711,C000487,494,13,8,2,0.56,2026-02-01
CR0000712,C000423,423,5,3,2,0.41,2024-11-25
CR0000713,C000641,452,4,9,2,0.81,2024-09-28
CR0000714,C000679,578,11,0,0,0.8,2025-09-23
CR0000715,C000606,468,8,3,0,0.06,2026-02-17
CR0000716,C000372,826,7,9,3,0.87,2025-05-10
CR0000717,C000236,698,2,0,0,0.8,2025-01-19
CR0000718,C000438,696,9,3,0,0.12,2026-03-16
CR0000719,C000804,497,14,9,2,0.79,2025-09-07
CR0000720,C000544,326,1,1,3,0.53,2026-07-14
CR0000721,C000551,585,2,4,5,0.6,2025-12-03
CR0000722,C000004,629,1,7,3,0.75,2026-04-19
CR0000723,C000626,834,4,9,3,0.63,2025-12-13
CR0000724,C000988,447,1,5,1,0.62,2024-10-04
CR0000725,C000106,576,1,7,3,0.45,2025-09-04
CR0000726,C000633,588,7,2,0,0.69,2025-09-11
CR0000727,C000286,759,15,2,5,0.41,2026-05-08
CR0000728,C000793,721,11,2,4,0.17,2025-01-01
CR0000729,C000891,319,9,1,5,0.84,2026-07-27
CR0000730,C000339,785,15,6,0,0.93,2026-03-16
CR0000731,C000265,878,12,9,0,0.74,2025-07-27
CR0000732,C000194,569,1,6,4,0.66,2025-02-06
CR0000733,C000750,569,2,3,1,0.23,2026-05-22
CR0000734,C000625,537,2,2,2,0.37,2026-07-24
CR0000735,C000325,475,4,5,3,0.15,2025-06-30
CR0000736,C000236,857,15,1,3,0.06,2026-01-15
CR0000737,C000416,468,11,1,0,0.59,2025-09-11
CR0000738,C000433,300,7,1,1,0.73,2026-03-16
CR0000739,C000154,543,14,8,5,0.34,2026-01-20
CR0000740,C000971,778,8,8,4,0.93,2024-09-17
CR0000741,C000817,685,2,3,1,0.45,2026-07-16
CR0000742,C000704,858,5,4,2,0.58,2026-01-16
CR0000743,C000697,472,14,9,2,0.09,2024-11-09
CR0000744,C000812,705,5,8,0,0.93,2025-07-11
CR0000745,C000143,396,7,4,2,0.95,2026-08-10
CR0000746,C000263,542,8,3,5,0.28,2026-03-06
CR0000747,C000820,404,7,7,4,0.15,2025-06-01
CR0000748,C000625,445,15,7,5,0.76,2025-11-02
CR0000749,C000130,825,3,2,0,0.06,2024-10-11
CR0000750,C000618,465,11,1,3,0.85,2025-05-04
CR0000751,C000871,849,14,2,0,0.62,2025-08-12
CR0000752,C000874,567,9,6,1,0.57,2026-04-23
CR0000753,C000238,648,12,7,5,0.67,2025-04-13
CR0000754,C000691,748,4,6,1,0.84,2026-03-12
CR0000755,C000593,852,4,1,4,0.21,2026-01-04
CR0000756,C000866,626,7,0,2,0.26,2025-11-11
CR0000757,C000116,760,12,0,3,0.76,2025-12-06
CR0000758,C000782,857,12,10,3,0.41,2026-05-26
CR0000759,C000464,421,8,7,5,0.1,2025-02-23
CR0000760,C000452,808,4,6,4,0.75,2026-05-20
CR0000761,C000206,450,14,0,2,0.74,2026-03-01
CR0000762,C000577,685,9,2,0,0.64,2024-11-17
CR0000763,C000546,475,3,3,5,0.36,2026-01-10
CR0000764,C000139,463,2,6,5,0.84,2026-08-01
CR0000765,C000907,674,1,5,4,0.94,2025-06-03
CR0000766,C000435,407,11,4,3,0.56,2026-04-10
CR0000767,C000027,374,9,10,1,0.12,2026-09-10
CR0000768,C000246,884,3,5,4,0.41,2024-10-28
CR0000769,C000647,767,13,9,0,0.55,2025-10-20
CR0000770,C000544,847,13,10,2,0.26,2026-08-23
CR0000771,C000004,854,5,8,0,0.91,2026-02-22
CR0000772,C000325,429,15,0,2,0.77,2025-06-25
CR0000773,C000437,535,11,8,3,0.93,2026-08-06
CR0000774,C000967,556,9,4,5,0.17,2024-10-26
CR0000775,C000492,645,14,9,4,0.55,2024-12-11
CR0000776,C000146,367,11,1,2,0.36,2025-07-10
CR0000777,C000425,858,9,7,0,0.68,2025-06-26
CR0000778,C000706,751,2,5,1,0.26,2025-09-12
CR0000779,C000213,857,7,7,3,0.48,2026-01-09
CR0000780,C000954,852,13,10,1,0.07,2024-10-17
CR0000781,C000289,762,5,6,0,0.92,2025-06-26
CR0000782,C000519,365,12,10,5,0.93,2025-06-27
CR0000783,C000252,806,10,8,3,0.4,2025-01-30
CR0000784,C000318,453,14,9,4,0.87,2026-02-01
CR0000785,C000908,817,8,2,1,0.34,2025-11-24
CR0000786,C000188,890,4,7,5,0.08,2026-03-17
CR0000787,C000172,844,6,10,4,0.05,2024-11-07
CR0000788,C000870,490,11,10,1,0.38,2025-11-25
CR0000789,C000116,575,15,0,5,0.86,2026-03-20
CR0000790,C000506,669,13,6,3,0.7,2026-05-09
CR0000791,C000606,639,11,7,4,0.08,2025-02-22
CR0000792,C000410,427,3,4,4,0.21,2025-01-01
CR0000793,C000145,650,14,5,2,0.28,2025-06-03
CR0000794,C000586,836,7,7,4,0.4,2025-03-20
CR0000795,C000227,443,6,9,2,0.22,2025-11-09
CR0000796,C000090,552,11,2,5,0.53,2024-12-13
CR0000797,C000615,889,14,4,3,0.8,2026-02-02
CR0000798,C000827,527,14,3,4,0.91,2025-09-22
CR0000799,C000127,886,15,1,2,0.41,2026-04-11
CR0000800,C000013,566,2,10,5,0.87,2026-09-15
CR0000801,C000367,491,9,5,5,0.94,2026-04-23
CR0000802,C000688,794,3,5,3,0.2,2025-12-10
CR0000803,C000074,889,3,6,4,0.25,2026-07-24
CR0000804,C000375,527,6,8,4,0.75,2026-03-15
CR0000805,C000360,678,2,3,4,0.15,2025-02-25
CR0000806,C000635,700,6,5,0,0.91,2026-04-24
CR0000807,C000284,801,9,4,3,0.9,2026-04-17
CR0000808,C000039,872,6,0,4,0.34,2026-04-29
CR0000809,C000841,799,13,10,2,0.79,2025-03-10
CR0000810,C000631,529,1,3,2,0.62,2025-05-22
CR0000811,C000591,422,15,10,4,0.79,2025-06-16
CR0000812,C000639,376,15,1,3,0.59,2026-08-14
CR0000813,C000231,468,1,3,4,0.8,2025-04-11
CR0000814,C000613,641,10,3,2,0.76,2025-10-12
CR0000815,C000763,388,14,5,1,0.41,2026-02-26
CR0000816,C000540,390,6,4,3,0.15,2025-08-10
CR0000817,C000945,635,4,1,1,0.71,2025-04-19
CR0000818,C000359,674,10,3,3,0.48,2024-10-28
CR0000819,C000594,837,2,3,3,0.45,2024-11-04
CR0000820,C000708,624,1,0,4,0.29,2025-07-02
CR0000821,C000934,453,12,10,0,0.31,2025-06-11
CR0000822,C000686,389,1,5,1,0.46,2025-09-02
CR0000823,C000829,841,2,9,4,0.48,2025-09-28
CR0000824,C000470,361,10,2,3,0.06,2025-10-10
CR0000825,C000160,669,3,3,4,0.52,2025-10-30
CR0000826,C000513,656,7,2,1,0.89,2026-06-22
CR0000827,C000284,870,13,6,3,0.1,2024-12-20
CR0000828,C000218,632,14,9,4,0.42,2025-09-16
CR0000829,C000693,760,9,7,2,0.32,2026-03-21
CR0000830,C000890,471,3,7,5,0.35,2025-11-03
CR0000831,C000604,645,12,10,2,0.54,2026-02-24
CR0000832,C000127,647,12,9,3,0.92,2026-06-19
CR0000833,C000466,624,13,9,2,0.21,2025-11-03
CR0000834,C000723,431,5,9,0,0.92,2026-08-15
CR0000835,C000627,738,6,0,1,0.89,2025-05-01
CR0000836,C000588,306,15,0,0,0.19,2025-09-02
CR0000837,C000604,614,6,10,1,0.58,2026-01-11
CR0000838,C000948,537,2,3,1,0.63,2025-06-28
CR0000839,C000107,418,13,5,2,0.11,2026-05-30
CR0000840,C000152,305,6,5,3,0.08,2026-02-20
CR0000841,C000445,508,11,10,3,0.55,2026-03-08
CR0000842,C000109,486,11,1,2,0.32,2026-06-06
CR0000843,C000363,832,9,9,3,0.4,2026-09-16
CR0000844,C000236,802,3,7,5,0.94,2026-08-02
CR0000845,C000541,527,7,7,5,0.76,2024-11-05
CR0000846,C000430,599,11,6,1,0.72,2025-02-09
CR0000847,C000544,432,6,8,5,0.68,2026-08-09
CR0000848,C000660,677,5,3,0,0.52,2026-08-03
CR0000849,C000503,477,12,8,0,0.71,2025-09-06
CR0000850,C000964,494,14,1,1,0.23,2024-11-22
CR0000851,C000111,446,15,10,0,0.61,2024-11-17
CR0000852,C000032,394,1,6,5,0.06,2025-07-16
CR0000853,C000961,392,9,3,3,0.29,2026-08-14
CR0000854,C000531,463,4,8,3,0.36,2025-02-01
CR0000855,C000325,845,3,7,3,0.52,2025-04-27
CR0000856,C000332,389,11,7,1,0.76,2024-11-14
CR0000857,C000839,658,8,7,2,0.28,2024-12-09
CR0000858,C000720,671,9,10,2,0.49,2025-01-21
CR0000859,C000637,688,3,9,0,0.34,2025-04-18
CR0000860,C000426,392,9,10,5,0.46,2024-12-12
CR0000861,C000441,867,4,1,3,0.1,2026-03-11
CR0000862,C000154,486,12,7,0,0.63,2025-01-08
CR0000863,C000825,479,2,7,5,0.24,2025-10-06
CR0000864,C000559,753,13,3,4,0.64,2025-01-10
CR0000865,C000007,490,14,0,2,0.21,2026-07-27
CR0000866,C000539,458,10,9,4,0.24,2025-02-21
CR0000867,C000926,721,15,2,0,0.71,2025-10-25
CR0000868,C000879,634,11,9,0,0.63,2026-01-16
CR0000869,C000024,541,9,8,1,0.26,2024-10-03
CR0000870,C000065,470,6,10,2,0.68,2025-05-01
CR0000871,C000978,550,13,9,4,0.23,2025-08-05
CR0000872,C000317,869,5,4,3,0.16,2026-02-28
CR0000873,C000782,774,12,7,1,0.2,2025-11-10
CR0000874,C000124,702,5,3,0,0.56,2026-09-09
CR0000875,C000571,567,14,4,4,0.78,2024-12-27
CR0000876,C000093,810,10,1,1,0.85,2025-09-19
CR0000877,C000954,896,8,0,1,0.56,2025-06-12
CR0000878,C000971,750,2,2,0,0.35,2025-08-08
CR0000879,C000692,779,13,8,3,0.7,2025-08-26
CR0000880,C000476,519,8,5,1,0.57,2026-04-11
CR0000881,C000941,871,15,8,1,0.17,2026-01-29
CR0000882,C000960,328,13,10,0,0.17,2024-10-02
CR0000883,C000266,673,7,0,4,0.22,2025-04-30
CR0000884,C000078,338,15,0,2,0.73,2025-02-09
CR0000885,C000898,800,10,10,3,0.52,2024-11-03
CR0000886,C000577,818,14,9,3,0.36,2024-10-03
CR0000887,C000079,515,12,5,5,0.51,2026-07-25
CR0000888,C000038,489,4,10,4,0.4,2026-05-31
CR0000889,C000125,362,13,0,1,0.07,2025-03-15
CR0000890,C000003,609,4,6,5,0.12,2026-06-26
CR0000891,C000049,886,14,9,2,0.15,2025-10-24
CR0000892,C000813,368,6,2,1,0.83,2026-01-29
CR0000893,C000625,884,15,1,0,0.75,2025-06-03
CR0000894,C000750,891,3,9,5,0.36,2025-08-01
CR0000895,C000762,324,2,4,1,0.48,2025-12-09
CR0000896,C000992,823,4,0,4,0.79,2025-06-09
CR0000897,C000908,305,10,6,3,0.12,2026-02-07
CR0000898,C000075,811,2,9,0,0.18,2026-01-30
CR0000899,C000626,349,11,2,5,0.19,2026-05-20
CR0000900,C000425,512,3,1,5,0.88,2025-05-27
CR0000901,C000175,771,7,7,5,0.18,2025-09-28
CR0000902,C000447,417,10,10,0,0.15,2025-12-20
CR0000903,C000137,691,7,1,1,0.87,2026-02-15
CR0000904,C000137,342,2,9,5,0.08,2026-03-11
CR0000905,C000835,439,12,5,5,0.72,2025-11-01
CR0000906,C000846,841,13,7,1,0.23,2026-07-01
CR0000907,C000714,519,1,4,4,0.22,2025-11-16
CR0000908,C000502,689,6,3,4,0.06,2025-08-27
CR0000909,C000485,483,8,10,5,0.78,2025-09-06
CR0000910,C000798,833,2,2,2,0.21,2025-05-10
CR0000911,C000326,392,5,0,4,0.66,2025-11-30
CR0000912,C000330,837,3,5,0,0.57,2024-12-27
CR0000913,C000905,634,3,2,4,0.31,2026-08-14
CR0000914,C000113,431,1,9,1,0.68,2026-05-22
CR0000915,C000628,675,6,6,0,0.78,2025-05-12
CR0000916,C000010,301,13,3,5,0.65,2025-01-27
CR0000917,C000981,653,3,9,3,0.79,2026-05-22
CR0000918,C000457,399,4,7,0,0.18,2025-04-05
CR0000919,C000668,495,7,5,4,0.34,2025-03-11
CR0000920,C000328,675,7,4,1,0.24,2025-09-27
CR0000921,C000252,327,5,1,5,0.75,2025-07-01
CR0000922,C000973,326,3,7,0,0.43,2025-04-27
CR0000923,C000495,670,10,2,3,0.26,2026-05-06
CR0000924,C000289,806,5,0,1,0.59,2026-07-04
CR0000925,C000193,362,8,1,3,0.43,2024-10-22
CR0000926,C000878,322,7,3,1,0.16,2025-01-09
CR0000927,C000239,588,9,10,0,0.36,2025-06-17
CR0000928,C000382,567,14,2,5,0.62,2025-04-24
CR0000929,C000508,307,4,4,0,0.27,2025-09-05
CR0000930,C000909,427,1,9,2,0.87,2025-01-23
CR0000931,C000501,715,8,9,5,0.46,2026-01-09
CR0000932,C000714,733,15,4,4,0.11,2026-09-03
CR0000933,C000076,753,10,10,2,0.38,2025-01-18
CR0000934,C000990,735,14,2,1,0.28,2026-03-22
CR0000935,C000319,408,3,4,3,0.44,2025-11-05
CR0000936,C000404,413,1,8,0,0.74,2025-04-25
CR0000937,C000562,826,2,0,1,0.07,2025-02-04
CR0000938,C000300,722,9,3,0,0.45,2025-01-30
CR0000939,C000399,582,13,1,3,0.2,2026-06-29
CR0000940,C000678,828,1,8,0,0.52,2026-03-20
CR0000941,C000556,675,8,1,1,0.58,2026-03-08
CR0000942,C000461,410,6,0,3,0.13,2026-08-19
CR0000943,C000077,820,1,6,3,0.14,2026-02-15
CR0000944,C000180,355,8,3,2,0.12,2026-05-26
CR0000945,C000576,348,14,4,2,0.92,2025-01-13
CR0000946,C000414,582,8,4,1,0.77,2025-01-19
CR0000947,C000751,479,2,3,0,0.07,2025-03-19
CR0000948,C000971,745,3,5,4,0.82,2024-12-15
CR0000949,C000523,663,8,6,5,0.44,2024-10-17
CR0000950,C000641,559,8,0,1,0.16,2025-05-19
CR0000951,C000831,305,6,3,5,0.77,2025-12-06
CR0000952,C000886,505,10,6,1,0.79,2024-12-23
CR0000953,C000226,750,15,4,3,0.85,2025-08-24
CR0000954,C000342,747,14,2,0,0.37,2025-04-06
CR0000955,C000677,365,9,3,1,0.68,2025-06-30
CR0000956,C000358,786,1,0,0,0.93,2025-02-06
CR0000957,C000673,712,7,6,0,0.33,2025-02-22
CR0000958,C000267,638,11,9,0,0.73,2025-11-26
CR0000959,C000070,419,1,7,4,0.49,2026-03-19
CR0000960,C000937,778,2,4,0,0.07,2024-10-12
CR0000961,C000246,568,10,3,4,0.74,2026-02-14
CR0000962,C000885,865,2,9,5,0.82,2025-05-20
CR0000963,C000385,576,10,0,2,0.27,2025-06-10
CR0000964,C000626,367,6,2,0,0.28,2025-01-08
CR0000965,C000125,813,1,9,2,0.63,2025-07-02
CR0000966,C000045,808,15,6,4,0.53,2025-08-30
CR0000967,C000576,804,11,3,5,0.11,2025-11-09
CR0000968,C000909,774,10,7,5,0.16,2025-01-20
CR0000969,C000955,724,7,9,4,0.72,2025-11-04
CR0000970,C000217,404,7,6,0,0.18,2025-05-08
CR0000971,C000073,796,5,0,3,0.48,2024-12-19
CR0000972,C000592,572,4,3,1,0.74,2026-08-31
CR0000973,C000949,747,3,3,5,0.67,2024-10-05
CR0000974,C000254,827,11,9,4,0.31,2025-07-27
CR0000975,C000622,882,15,1,4,0.45,2026-09-09
CR0000976,C000665,315,2,4,1,0.85,2025-10-08
CR0000977,C000609,442,1,3,3,0.1,2026-05-05
CR0000978,C000076,771,14,8,1,0.15,2025-01-06
CR0000979,C000953,720,1,2,5,0.65,2025-09-06
CR0000980,C000236,328,11,10,5,0.28,2026-09-06
CR0000981,C000989,858,13,1,1,0.38,2025-05-22
CR0000982,C000938,885,9,9,4,0.85,2025-01-15
CR0000983,C000289,898,8,2,0,0.13,2024-09-19
CR0000984,C000314,755,1,8,4,0.61,2026-04-12
CR0000985,C000817,596,15,10,4,0.08,2025-11-14
CR0000986,C000401,372,9,6,2,0.32,2025-10-15
CR0000987,C000589,441,3,1,3,0.9,2025-05-31
CR0000988,C000469,664,9,8,5,0.88,2026-01-31
CR0000989,C000709,884,8,8,2,0.44,2026-03-17
CR0000990,C000263,311,9,2,0,0.78,2025-05-03
CR0000991,C000542,565,9,0,3,0.48,2025-09-19
CR0000992,C000981,784,11,1,1,0.81,2026-08-12
CR0000993,C000428,689,10,1,2,0.59,2025-04-29
CR0000994,C000393,393,13,10,5,0.13,2026-04-24
CR0000995,C000186,461,9,7,5,0.79,2025-12-05
CR0000996,C000383,576,13,2,4,0.65,2026-02-15
CR0000997,C000628,873,15,8,1,0.47,2025-01-08
CR0000998,C000631,701,10,10,3,0.65,2026-05-30
CR0000999,C000068,351,5,0,4,0.37,2025-11-29
CR0001000,C000119,420,5,1,4,0.43,2026-04-04
CR0001001,C000245,663,7,0,3,0.86,2026-08-21
CR0001002,C000407,554,3,7,2,0.66,2026-09-02
CR0001003,C000950,866,9,3,2,0.7,2025-08-25
CR0001004,C000166,662,2,7,4,0.77,2025-06-06
CR0001005,C000090,707,3,4,5,0.09,2026-03-05
CR0001006,C000904,731,12,10,2,0.8,2024-12-12
CR0001007,C000576,685,7,8,1,0.7,2026-04-07
CR0001008,C000606,739,1,4,3,0.51,2025-09-23
CR0001009,C000557,455,2,7,0,0.19,2026-08-16
CR0001010,C000721,646,2,6,1,0.19,2024-10-17
CR0001011,C000748,664,10,3,5,0.42,2025-01-02
CR0001012,C000215,855,9,2,0,0.5,2026-02-24
CR0001013,C000560,887,13,3,2,0.53,2025-11-17
CR0001014,C000922,845,12,8,1,0.6,2024-12-15
CR0001015,C000448,746,3,4,3,0.48,2025-05-13
CR0001016,C000156,839,8,9,4,0.11,2024-10-05
CR0001017,C000112,322,10,1,0,0.32,2025-07-24
CR0001018,C000898,519,14,1,4,0.86,2026-01-08
CR0001019,C000884,554,6,10,4,0.63,2026-07-01
CR0001020,C000797,467,14,3,5,0.42,2025-03-06
CR0001021,C000958,538,4,7,5,0.42,2025-08-28
CR0001022,C000577,300,6,2,1,0.09,2025-06-20
CR0001023,C000913,560,6,8,4,0.13,2024-11-26
CR0001024,C000410,640,13,0,1,0.37,2025-05-27
CR0001025,C000134,585,13,4,3,0.18,2024-10-28
CR0001026,C000009,427,10,1,3,0.34,2026-01-01
CR0001027,C000034,332,14,3,5,0.31,2026-01-27
CR0001028,C000388,328,13,9,3,0.41,2025-02-14
CR0001029,C000632,364,8,7,5,0.11,2025-12-13
CR0001030,C000387,828,3,4,4,0.53,2025-10-29
CR0001031,C000090,859,11,0,4,0.54,2025-03-07
CR0001032,C000466,302,14,6,3,0.8,2026-05-15
CR0001033,C000249,448,2,4,0,0.45,2026-09-12
CR0001034,C000348,723,9,1,1,0.81,2026-05-04
CR0001035,C000716,489,15,6,5,0.39,2025-04-19
CR0001036,C000939,571,9,6,4,0.65,2025-02-15
CR0001037,C000699,554,12,9,3,0.68,2024-10-03
CR0001038,C000181,862,8,4,4,0.39,2024-11-19
CR0001039,C000534,619,12,1,2,0.36,2025-11-08
CR0001040,C000690,567,6,10,0,0.15,2026-07-07
CR0001041,C000786,438,12,9,5,0.21,2025-08-27
CR0001042,C000680,789,6,3,5,0.89,2026-02-23
CR0001043,C000185,345,6,1,0,0.48,2026-02-19
CR0001044,C000803,732,11,0,1,0.8,2024-11-22
CR0001045,C000123,850,13,8,3,0.24,2025-10-18
CR0001046,C000735,621,4,6,5,0.63,2025-07-19
CR0001047,C000925,402,9,9,2,0.34,2025-02-14
CR0001048,C000573,357,7,7,0,0.09,2025-10-01
CR0001049,C000767,886,5,2,2,0.53,2025-05-20
CR0001050,C000822,894,5,2,0,0.31,2025-12-28
CR0001051,C000184,685,7,10,2,0.76,2025-12-29
CR0001052,C000214,870,10,6,3,0.5,2025-10-18
CR0001053,C000464,351,6,6,2,0.2,2024-10-29
CR0001054,C000319,618,6,6,2,0.49,2026-08-22
CR0001055,C000193,753,6,8,0,0.56,2026-02-15
CR0001056,C000526,615,13,5,1,0.22,2025-06-23
CR0001057,C000330,818,13,9,0,0.43,2025-07-21
CR0001058,C000722,548,14,5,2,0.77,2025-01-08
CR0001059,C000586,690,13,2,5,0.22,2026-03-26
CR0001060,C000875,728,6,4,0,0.15,2026-07-11
CR0001061,C000408,642,10,9,2,0.26,2025-08-14
CR0001062,C000989,354,1,10,3,0.19,2025-06-30
CR0001063,C000453,491,2,2,1,0.31,2025-07-12
CR0001064,C000843,762,7,7,5,0.64,2025-07-02
CR0001065,C000660,618,7,2,2,0.6,2024-09-25
CR0001066,C000924,699,1,1,0,0.21,2025-04-25
CR0001067,C000271,402,2,5,4,0.78,2025-06-10
CR0001068,C000351,557,9,8,5,0.4,2025-06-15
CR0001069,C000303,361,1,8,0,0.15,2025-05-13
CR0001070,C000561,828,7,7,5,0.5,2025-08-28
CR0001071,C000623,872,3,3,0,0.21,2026-07-27
CR0001072,C000225,666,8,0,2,0.45,2025-11-25
CR0001073,C000599,718,13,4,1,0.62,2024-11-23
CR0001074,C000774,735,2,2,5,0.15,2025-03-02
CR0001075,C000026,468,1,3,4,0.28,2026-04-04
CR0001076,C000338,790,6,3,3,0.36,2026-08-06
CR0001077,C000949,695,14,8,0,0.47,2025-08-27
CR0001078,C000345,658,14,10,1,0.38,2026-04-14
CR0001079,C000574,571,9,2,2,0.17,2025-08-04
CR0001080,C000667,870,12,3,4,0.34,2026-06-02
CR0001081,C000747,559,6,4,0,0.08,2025-08-25
CR0001082,C000412,739,5,4,5,0.38,2025-04-28
CR0001083,C000114,778,6,2,1,0.81,2025-01-21
CR0001084,C000354,378,2,2,1,0.19,2026-06-03
CR0001085,C000302,758,5,8,4,0.74,2026-04-04
CR0001086,C000765,803,11,9,5,0.78,2026-08-14
CR0001087,C000960,386,8,7,3,0.74,2025-08-11
CR0001088,C000333,548,11,4,5,0.63,2026-04-04
CR0001089,C000578,470,8,2,0,0.22,2026-08-13
CR0001090,C000375,868,9,6,5,0.2,2025-08-03
CR0001091,C000976,374,15,7,2,0.69,2025-01-02
CR0001092,C000877,855,1,1,4,0.76,2026-06-26
CR0001093,C000254,552,14,0,2,0.35,2025-12-16
CR0001094,C000125,499,1,6,4,0.94,2025-12-24
CR0001095,C000163,535,6,8,4,0.8,2024-11-21
CR0001096,C000991,573,10,3,2,0.81,2025-01-05
CR0001097,C000975,612,1,0,5,0.76,2025-02-24
CR0001098,C000708,406,9,1,5,0.84,2025-05-09
CR0001099,C000881,751,8,8,2,0.51,2025-09-19
CR0001100,C001000,368,14,6,2,0.94,2026-07-21
CR0001101,C000133,585,5,4,5,0.91,2025-10-29
CR0001102,C000903,567,5,6,0,0.79,2025-06-03
CR0001103,C000061,515,14,8,2,0.67,2024-11-06
CR0001104,C000641,786,10,9,1,0.46,2026-09-10
CR0001105,C000912,865,2,0,5,0.67,2025-12-18
CR0001106,C000462,628,4,10,4,0.16,2026-04-26
CR0001107,C000344,849,8,8,4,0.64,2025-07-04
CR0001108,C000423,851,12,6,4,0.56,2024-11-23
CR0001109,C000544,735,10,8,4,0.75,2024-09-21
CR0001110,C000548,362,5,5,3,0.57,2025-07-31
CR0001111,C000227,436,14,7,0,0.3,2026-01-25
CR0001112,C000939,760,11,2,2,0.39,2026-08-27
CR0001113,C000608,337,13,1,5,0.94,2025-04-16
CR0001114,C000594,853,12,6,5,0.28,2025-08-03
CR0001115,C000977,574,3,3,4,0.63,2025-01-29
CR0001116,C000461,760,3,8,1,0.26,2025-11-21
CR0001117,C000697,405,3,1,5,0.64,2025-09-09
CR0001118,C000013,811,1,6,1,0.9,2026-03-21
CR0001119,C000509,880,4,2,4,0.83,2025-12-01
CR0001120,C000982,350,12,9,4,0.88,2026-04-25
CR0001121,C000185,471,3,1,0,0.78,2026-08-27
CR0001122,C000503,315,3,3,1,0.85,2024-12-31
CR0001123,C000583,316,2,8,3,0.47,2025-02-17
CR0001124,C000632,688,2,0,0,0.51,2025-02-07
CR0001125,C000681,871,15,10,3,0.69,2026-06-24
CR0001126,C000799,424,1,8,0,0.79,2025-07-09
CR0001127,C000309,493,6,6,0,0.31,2025-04-28
CR0001128,C000937,540,15,8,2,0.89,2025-11-20
CR0001129,C000968,549,11,1,4,0.51,2025-10-02
CR0001130,C000935,348,13,7,2,0.43,2024-10-18
CR0001131,C000275,863,11,2,1,0.33,2026-06-17
CR0001132,C000403,718,14,9,2,0.8,2026-06-19
CR0001133,C000845,400,1,0,1,0.71,2025-05-08
CR0001134,C000367,317,8,6,1,0.05,2026-06-26
CR0001135,C000137,585,6,9,3,0.44,2025-12-14
CR0001136,C000681,376,6,0,5,0.09,2025-05-10
CR0001137,C000778,743,15,10,3,0.43,2025-10-04
CR0001138,C000299,394,2,0,5,0.4,2025-11-24
CR0001139,C000564,679,5,1,5,0.13,2026-04-13
CR0001140,C000176,530,5,0,3,0.54,2025-09-10
CR0001141,C000041,402,7,9,4,0.29,2025-03-09
CR0001142,C000657,780,1,8,4,0.06,2024-10-06
CR0001143,C000409,875,13,3,3,0.43,2026-05-23
CR0001144,C000086,507,5,8,1,0.39,2024-09-17
CR0001145,C000546,881,10,9,3,0.19,2025-01-13
CR0001146,C000816,770,13,0,4,0.26,2025-04-08
CR0001147,C000563,743,9,8,4,0.86,2025-05-07
CR0001148,C000718,879,2,7,4,0.95,2026-01-26
CR0001149,C000585,796,13,9,0,0.38,2026-06-25
CR0001150,C000768,679,13,9,3,0.21,2026-01-23
CR0001151,C000727,764,14,1,4,0.46,2025-09-18
CR0001152,C000396,686,1,9,1,0.16,2024-12-21
CR0001153,C000138,389,3,6,5,0.74,2026-02-05
CR0001154,C000621,667,8,10,4,0.57,2026-02-15
CR0001155,C000548,491,7,0,2,0.93,2026-08-10
CR0001156,C000267,866,14,0,4,0.38,2025-04-27
CR0001157,C000126,442,2,7,2,0.35,2025-08-06
CR0001158,C000864,621,2,7,3,0.46,2025-02-02
CR0001159,C000221,392,11,2,3,0.32,2025-10-03
CR0001160,C000493,489,13,1,0,0.54,2026-08-21
CR0001161,C000885,864,3,4,0,0.6,2026-03-04
CR0001162,C000532,712,3,6,2,0.21,2026-01-29
CR0001163,C000885,444,10,7,2,0.51,2025-03-25
CR0001164,C000923,376,8,0,5,0.84,2024-10-08
CR0001165,C000159,570,12,5,2,0.87,2024-12-17
CR0001166,C000125,407,14,8,2,0.66,2026-05-02
CR0001167,C000293,681,8,0,2,0.44,2025-04-19
CR0001168,C000900,817,3,0,4,0.18,2025-10-03
CR0001169,C000781,675,8,0,5,0.57,2024-11-06
CR0001170,C000805,350,2,10,3,0.25,2025-12-25
CR0001171,C000867,650,7,4,0,0.46,2026-04-18
CR0001172,C000495,516,14,2,2,0.81,2025-06-23
CR0001173,C000298,781,3,8,1,0.88,2025-12-11
CR0001174,C000825,635,15,4,0,0.1,2025-09-24
CR0001175,C000906,797,9,10,4,0.21,2025-11-29
CR0001176,C000842,568,12,7,1,0.13,2025-08-20
CR0001177,C000099,729,2,6,4,0.88,2026-07-22
CR0001178,C000087,682,1,7,0,0.1,2025-04-04
CR0001179,C000282,659,9,10,5,0.73,2026-01-16
CR0001180,C000243,360,2,1,4,0.38,2026-03-02
CR0001181,C000990,301,10,2,3,0.85,2025-09-20
CR0001182,C000885,411,14,10,0,0.33,2026-03-09
CR0001183,C000917,737,2,0,5,0.38,2026-06-13
CR0001184,C000033,751,1,9,1,0.23,2024-12-17
CR0001185,C000266,333,8,1,3,0.58,2025-07-02
CR0001186,C000988,315,1,7,2,0.87,2025-10-19
CR0001187,C000987,388,15,8,4,0.76,2026-04-08
CR0001188,C000636,875,12,5,5,0.31,2025-12-06
CR0001189,C000669,444,13,9,4,0.47,2024-09-29
CR0001190,C000430,868,10,3,3,0.36,2026-07-04
CR0001191,C000781,563,5,7,0,0.42,2025-04-05
CR0001192,C000455,390,10,8,1,0.93,2025-01-20
CR0001193,C000910,507,13,4,4,0.12,2025-12-11
CR0001194,C000086,372,1,4,2,0.09,2024-10-31
CR0001195,C000114,660,13,8,5,0.6,2025-01-07
CR0001196,C000379,527,11,2,0,0.47,2025-05-22
CR0001197,C000996,603,4,5,3,0.28,2025-09-09
CR0001198,C000822,547,6,2,3,0.53,2026-07-30
CR0001199,C000125,715,14,4,4,0.44,2026-03-08
CR0001200,C000238,739,8,3,4,0.54,2024-12-30
CR0001201,C000834,557,15,4,4,0.5,2025-06-20
CR0001202,C000367,860,5,2,2,0.77,2025-01-20
CR0001203,C000929,691,15,10,2,0.42,2024-10-27
CR0001204,C000463,441,9,0,2,0.35,2025-04-15
CR0001205,C000612,756,14,7,2,0.68,2025-06-23
CR0001206,C000561,702,6,7,4,0.35,2025-08-07
CR0001207,C000598,381,6,6,1,0.24,2026-01-23
CR0001208,C000705,487,12,0,4,0.08,2026-08-25
CR0001209,C000639,641,15,5,0,0.09,2025-06-19
CR0001210,C000828,616,12,0,5,0.94,2024-10-23
CR0001211,C000816,404,15,3,0,0.91,2025-04-29
CR0001212,C000976,402,8,8,3,0.14,2025-04-30
CR0001213,C000511,319,3,5,2,0.68,2025-11-01
CR0001214,C000452,755,11,6,0,0.67,2026-01-25
CR0001215,C000999,481,3,10,0,0.42,2026-09-13
CR0001216,C000637,679,15,3,2,0.79,2024-11-14
CR0001217,C000371,574,12,1,5,0.21,2025-10-20
CR0001218,C000954,300,15,1,5,0.17,2025-02-13
CR0001219,C000487,748,15,5,4,0.37,2026-05-04
CR0001220,C000804,360,1,2,3,0.73,2026-01-16
CR0001221,C000192,351,2,5,0,0.35,2025-02-05
CR0001222,C000862,487,15,5,5,0.67,2026-05-02
CR0001223,C000022,565,8,10,4,0.36,2024-11-28
CR0001224,C000337,748,5,0,3,0.14,2025-12-25
CR0001225,C000168,753,12,3,1,0.47,2026-04-23
CR0001226,C000313,863,1,5,5,0.72,2025-01-23
CR0001227,C000478,674,11,0,1,0.65,2025-11-12
CR0001228,C000075,367,1,0,3,0.31,2025-05-24
CR0001229,C000736,521,5,0,1,0.67,2026-07-25
CR0001230,C000932,892,2,0,2,0.36,2025-05-19
CR0001231,C000407,332,15,3,3,0.09,2026-06-20
CR0001232,C000474,591,2,1,4,0.32,2026-07-04
CR0001233,C000562,396,4,10,2,0.84,2026-03-02
CR0001234,C000749,478,9,5,2,0.73,2026-05-30
CR0001235,C000350,549,15,5,5,0.56,2025-05-07
CR0001236,C000189,450,1,5,3,0.11,2025-04-14
CR0001237,C000088,360,7,7,4,0.9,2026-03-02
CR0001238,C000034,313,11,0,3,0.56,2026-03-12
CR0001239,C000160,860,1,1,4,0.4,2026-03-04
CR0001240,C000269,749,8,4,0,0.75,2025-06-24
CR0001241,C000486,547,8,8,2,0.67,2024-11-29
CR0001242,C000775,428,12,3,5,0.22,2025-11-05
CR0001243,C000153,595,5,9,5,0.92,2025-12-10
CR0001244,C000639,683,14,3,0,0.05,2025-06-16
CR0001245,C000952,802,8,6,1,0.35,2026-06-17
CR0001246,C000403,308,4,2,5,0.36,2025-01-05
CR0001247,C000655,311,2,7,1,0.94,2024-09-26
CR0001248,C000873,620,5,2,3,0.22,2024-12-31
CR0001249,C000649,408,8,8,2,0.22,2025-10-23
CR0001250,C000426,362,11,2,5,0.9,2025-04-22
CR0001251,C000297,453,4,3,2,0.35,2025-07-02
CR0001252,C000255,397,2,0,5,0.76,2026-05-13
CR0001253,C000812,885,1,10,3,0.81,2025-09-27
CR0001254,C000974,347,6,3,0,0.62,2025-08-02
CR0001255,C000441,853,9,6,4,0.28,2025-06-07
CR0001256,C000422,314,3,1,0,0.4,2026-09-01
CR0001257,C000395,754,4,2,4,0.88,2026-08-24
CR0001258,C000596,588,15,10,2,0.91,2025-01-20
CR0001259,C000814,767,6,9,4,0.76,2024-12-04
CR0001260,C000396,856,8,5,4,0.82,2025-03-04
CR0001261,C000792,389,3,9,5,0.58,2025-01-14
CR0001262,C000696,733,5,2,3,0.09,2025-10-11
CR0001263,C000936,546,7,10,1,0.77,2025-03-06
CR0001264,C000264,444,8,5,2,0.52,2026-06-23
CR0001265,C000692,379,5,7,3,0.85,2025-02-09
CR0001266,C000291,429,1,7,0,0.13,2026-05-26
CR0001267,C000516,652,14,2,1,0.69,2026-08-13
CR0001268,C000927,863,1,2,1,0.44,2025-11-23
CR0001269,C000661,472,2,10,4,0.7,2026-01-05
CR0001270,C000873,475,2,5,4,0.76,2026-03-05
CR0001271,C000722,834,10,7,5,0.05,2026-06-23
CR0001272,C000800,674,10,1,3,0.15,2025-10-29
CR0001273,C000989,414,9,6,1,0.53,2026-07-05
CR0001274,C000880,640,9,8,0,0.71,2025-11-03
CR0001275,C000596,620,10,7,5,0.93,2026-03-23
CR0001276,C000524,471,12,1,3,0.55,2025-11-18
CR0001277,C000516,345,12,0,2,0.88,2026-03-15
CR0001278,C000273,790,9,9,1,0.11,2026-04-26
CR0001279,C000865,684,10,2,4,0.87,2026-06-01
CR0001280,C000661,791,15,2,4,0.3,2024-12-13
CR0001281,C000167,618,14,0,5,0.14,2025-08-06
CR0001282,C000642,826,3,2,5,0.73,2025-09-08
CR0001283,C000320,466,1,0,1,0.55,2026-08-28
CR0001284,C000585,601,9,2,5,0.88,2024-11-14
CR0001285,C000828,534,3,10,1,0.1,2024-12-15
CR0001286,C000540,390,5,4,3,0.94,2026-06-14
CR0001287,C000273,516,12,2,5,0.82,2024-12-26
CR0001288,C000270,412,2,6,2,0.57,2026-09-03
CR0001289,C000654,500,12,0,5,0.16,2024-09-29
CR0001290,C000857,313,3,0,5,0.24,2025-09-23
CR0001291,C000490,351,5,2,1,0.82,2025-06-13
CR0001292,C000599,433,12,7,3,0.37,2025-05-16
CR0001293,C000167,430,12,1,1,0.39,2026-03-06
CR0001294,C000347,498,1,2,4,0.13,2025-06-24
CR0001295,C000730,643,15,0,3,0.28,2025-01-01
CR0001296,C000408,501,1,10,0,0.36,2026-06-12
CR0001297,C000112,536,15,7,3,0.46,2025-08-25
CR0001298,C000916,707,15,9,0,0.6,2026-08-08
CR0001299,C000177,529,3,1,5,0.07,2025-12-24
CR0001300,C000924,465,10,1,3,0.66,2025-10-27
CR0001301,C000515,375,8,4,3,0.83,2026-05-02
CR0001302,C000822,341,14,2,4,0.72,2025-06-08
CR0001303,C000451,843,4,1,0,0.29,2025-01-27
CR0001304,C000868,854,14,4,0,0.61,2026-03-21
CR0001305,C000514,701,3,2,4,0.12,2025-05-10
CR0001306,C000583,507,2,6,3,0.06,2024-10-08
CR0001307,C000821,357,6,6,4,0.85,2026-04-17
CR0001308,C000484,727,14,6,3,0.91,2026-06-10
CR0001309,C000471,341,7,3,5,0.4,2024-12-17
CR0001310,C000896,456,2,9,4,0.77,2025-03-07
CR0001311,C000044,670,6,0,2,0.57,2024-12-24
CR0001312,C000592,560,5,10,0,0.45,2026-07-13
CR0001313,C000103,741,7,3,5,0.33,2026-03-09
CR0001314,C000342,493,12,3,4,0.43,2025-01-04
CR0001315,C000692,308,5,10,4,0.39,2026-03-04
CR0001316,C000340,764,4,2,1,0.4,2025-03-10
CR0001317,C000694,744,15,1,0,0.32,2025-05-12
CR0001318,C000989,450,5,3,3,0.65,2024-12-22
CR0001319,C000842,651,11,8,5,0.34,2025-02-25
CR0001320,C000149,454,2,10,4,0.82,2024-12-26
CR0001321,C000133,340,9,7,4,0.91,2024-11-16
CR0001322,C000730,400,12,9,3,0.18,2025-08-11
CR0001323,C000741,545,12,4,5,0.13,2026-03-06
CR0001324,C000032,884,11,6,2,0.25,2026-05-01
CR0001325,C000604,873,6,3,1,0.7,2026-05-17
CR0001326,C000399,588,8,2,2,0.65,2024-12-11
CR0001327,C000495,673,9,3,1,0.27,2024-11-15
CR0001328,C000786,507,14,0,5,0.27,2024-09-30
CR0001329,C000794,380,12,5,5,0.53,2026-05-10
CR0001330,C000421,715,1,5,5,0.29,2025-09-27
CR0001331,C000827,778,13,6,5,0.56,2026-04-27
CR0001332,C000270,575,8,5,3,0.41,2025-08-16
CR0001333,C000663,574,12,10,2,0.9,2024-10-19
CR0001334,C000807,669,4,6,2,0.56,2025-02-15
CR0001335,C000028,577,7,6,5,0.59,2024-12-08
CR0001336,C000249,814,7,1,3,0.24,2024-10-11
CR0001337,C000524,587,3,1,1,0.36,2026-05-24
CR0001338,C000847,678,1,8,5,0.87,2026-02-10
CR0001339,C000023,886,6,9,2,0.51,2025-10-19
CR0001340,C000850,649,3,6,4,0.18,2025-12-20
CR0001341,C000273,680,10,6,3,0.32,2024-11-01
CR0001342,C000265,757,3,1,1,0.06,2025-09-15
CR0001343,C000275,582,3,3,2,0.75,2024-12-17
CR0001344,C000245,421,5,2,3,0.16,2026-08-22
CR0001345,C000082,592,1,10,2,0.64,2025-03-31
CR0001346,C000008,897,4,3,1,0.9,2024-10-19
CR0001347,C000633,419,5,5,2,0.24,2024-11-06
CR0001348,C000682,357,8,9,3,0.25,2025-05-08
CR0001349,C000051,768,4,1,5,0.86,2026-02-16
CR0001350,C000247,330,9,10,5,0.71,2024-09-23
CR0001351,C000481,807,9,5,1,0.18,2026-04-25
CR0001352,C000969,423,2,5,5,0.54,2024-11-29
CR0001353,C000204,394,15,8,2,0.34,2026-05-16
CR0001354,C000383,514,6,10,2,0.72,2024-12-21
CR0001355,C000108,480,7,8,3,0.28,2026-08-31
CR0001356,C000357,810,1,1,3,0.22,2025-12-27
CR0001357,C000376,467,14,10,5,0.07,2025-02-22
CR0001358,C000364,841,7,5,5,0.79,2025-12-16
CR0001359,C000854,527,15,7,3,0.46,2026-08-16
CR0001360,C000564,891,7,6,5,0.34,2025-02-18
CR0001361,C000292,492,4,7,0,0.15,2025-02-06
CR0001362,C000239,363,11,0,5,0.68,2026-02-18
CR0001363,C000312,456,14,7,4,0.11,2025-06-16
CR0001364,C000930,676,6,10,4,0.64,2024-10-08
CR0001365,C000826,346,1,0,1,0.49,2024-11-25
CR0001366,C000231,482,12,2,0,0.33,2025-01-07
CR0001367,C000741,627,8,10,1,0.16,2026-07-05
CR0001368,C000734,327,10,4,1,0.92,2026-04-18
CR0001369,C000703,426,13,3,3,0.53,2025-04-19
CR0001370,C000946,388,8,2,0,0.23,2025-12-10
CR0001371,C000552,502,7,9,2,0.37,2025-06-13
CR0001372,C000134,457,9,6,1,0.87,2025-06-16
CR0001373,C000659,327,10,10,1,0.57,2025-01-18
CR0001374,C000606,796,13,3,2,0.17,2026-07-12
CR0001375,C000390,682,10,5,5,0.66,2025-10-09
CR0001376,C000443,540,3,2,1,0.63,2026-05-15
CR0001377,C000372,753,4,9,1,0.85,2026-04-04
CR0001378,C000346,478,1,4,2,0.82,2026-01-05
CR0001379,C000331,527,13,5,1,0.17,2025-03-22
CR0001380,C000074,733,7,1,4,0.37,2025-10-13
CR0001381,C000425,335,8,6,0,0.87,2025-12-02
CR0001382,C000077,864,8,0,4,0.22,2024-11-08
CR0001383,C000650,809,13,1,4,0.78,2024-12-01
CR0001384,C000096,504,7,0,0,0.06,2026-06-14
CR0001385,C000267,427,3,6,0,0.37,2025-12-09
CR0001386,C000091,866,4,8,5,0.55,2026-05-01
CR0001387,C000140,487,12,1,3,0.65,2024-09-26
CR0001388,C000078,745,15,4,4,0.82,2025-10-31
CR0001389,C000288,712,8,3,2,0.45,2025-03-03
CR0001390,C000291,568,3,2,1,0.93,2026-03-25
CR0001391,C000810,521,12,2,1,0.91,2025-02-11
CR0001392,C000586,820,1,10,0,0.73,2025-04-22
CR0001393,C000145,599,5,2,2,0.55,2025-01-27
CR0001394,C000812,879,3,10,5,0.62,2026-08-17
CR0001395,C000984,488,3,5,3,0.1,2026-04-24
CR0001396,C000840,487,14,9,2,0.24,2025-11-07
CR0001397,C000829,350,15,6,1,0.8,2024-09-19
CR0001398,C000493,790,14,3,0,0.82,2026-04-02
CR0001399,C000379,417,9,0,2,0.41,2024-12-01
CR0001400,C000095,803,5,1,1,0.06,2026-09-03
CR0001401,C000903,622,4,8,2,0.74,2025-03-01
CR0001402,C000835,875,6,2,0,0.85,2026-08-31
CR0001403,C000966,373,4,6,1,0.41,2025-10-12
CR0001404,C000160,358,9,4,5,0.41,2026-07-09
CR0001405,C000900,884,14,7,5,0.38,2026-03-19
CR0001406,C000755,364,6,4,3,0.09,2025-09-19
CR0001407,C000582,626,5,9,0,0.77,2025-06-27
CR0001408,C000374,368,6,1,3,0.93,2026-03-12
CR0001409,C000552,574,2,1,4,0.74,2025-12-17
CR0001410,C000399,650,6,6,2,0.07,2025-02-06
CR0001411,C000453,393,10,6,4,0.94,2025-08-23
CR0001412,C000515,628,8,8,3,0.37,2026-02-21
CR0001413,C000545,489,1,7,0,0.78,2024-12-08
CR0001414,C000960,318,5,2,3,0.93,2025-02-03
CR0001415,C000664,315,2,9,5,0.5,2026-06-26
CR0001416,C000377,439,12,10,0,0.18,2025-06-18
CR0001417,C000169,375,4,9,1,0.73,2025-07-07
CR0001418,C000305,740,15,9,3,0.47,2025-08-11
CR0001419,C000825,880,11,7,3,0.08,2025-03-01
CR0001420,C000695,835,8,3,0,0.2,2025-10-20
CR0001421,C000036,802,15,7,1,0.12,2025-03-11
CR0001422,C000134,489,3,7,5,0.4,2025-07-29
CR0001423,C000077,328,8,5,5,0.57,2024-12-12
CR0001424,C000657,843,9,9,3,0.63,2026-04-30
CR0001425,C000634,730,6,3,5,0.89,2025-05-18
CR0001426,C000333,885,15,4,1,0.15,2024-12-21
CR0001427,C000059,393,11,6,2,0.33,2025-09-12
CR0001428,C000701,331,9,10,5,0.76,2024-12-10
CR0001429,C000006,642,3,3,0,0.18,2025-10-24
CR0001430,C000980,462,2,9,0,0.37,2024-12-30
CR0001431,C000270,324,13,5,3,0.78,2025-10-06
CR0001432,C000691,578,5,9,5,0.46,2026-05-01
CR0001433,C000415,590,8,0,5,0.09,2025-06-23
CR0001434,C000123,443,7,8,3,0.41,2026-03-17
CR0001435,C000794,616,9,10,3,0.5,2025-04-27
CR0001436,C000018,604,10,7,4,0.46,2025-11-22
CR0001437,C000413,616,15,1,3,0.78,2026-03-30
CR0001438,C000846,694,15,5,3,0.67,2024-10-17
CR0001439,C000117,334,5,5,0,0.07,2024-11-18
CR0001440,C000780,550,6,5,5,0.25,2025-05-28
CR0001441,C000271,503,1,9,5,0.4,2025-10-04
CR0001442,C000468,578,10,6,4,0.22,2024-12-14
CR0001443,C000053,775,8,1,0,0.84,2025-07-11
CR0001444,C000084,879,11,5,1,0.56,2025-04-24
CR0001445,C000434,689,4,5,1,0.09,2025-09-05
CR0001446,C000242,679,10,7,5,0.06,2025-12-26
CR0001447,C000541,676,6,1,1,0.53,2026-04-10
CR0001448,C000785,773,7,10,1,0.43,2025-05-16
CR0001449,C000943,540,2,5,4,0.31,2026-03-03
CR0001450,C000950,837,10,8,4,0.74,2026-07-01
CR0001451,C000112,702,6,4,3,0.64,2025-08-26
CR0001452,C000973,553,5,5,2,0.84,2025-03-10
CR0001453,C000486,599,12,3,2,0.69,2025-11-20
CR0001454,C000580,374,13,4,4,0.16,2025-07-29
CR0001455,C000619,883,15,9,4,0.27,2025-04-29
CR0001456,C000726,548,14,4,2,0.57,2026-07-12
CR0001457,C000185,591,4,9,2,0.84,2025-08-14
CR0001458,C000414,570,1,8,5,0.8,2025-02-09
CR0001459,C000259,874,3,2,1,0.09,2026-07-13
CR0001460,C000833,636,9,6,1,0.59,2024-11-09
CR0001461,C000933,788,12,3,4,0.65,2026-08-11
CR0001462,C001000,845,11,8,4,0.82,2026-07-01
CR0001463,C000407,576,2,3,1,0.14,2026-06-01
CR0001464,C000075,308,15,9,3,0.17,2025-09-20
CR0001465,C000013,477,2,7,0,0.48,2026-09-15
CR0001466,C000612,608,15,8,2,0.22,2026-02-25
CR0001467,C000344,722,6,5,3,0.77,2025-06-28
CR0001468,C000842,435,14,2,0,0.27,2025-02-02
CR0001469,C000728,343,5,4,4,0.44,2024-09-25
CR0001470,C000483,611,7,1,1,0.7,2026-02-21
CR0001471,C000861,528,10,0,0,0.18,2025-10-02
CR0001472,C000638,664,2,2,0,0.23,2026-02-20
CR0001473,C000498,772,6,6,2,0.53,2024-12-06
CR0001474,C000379,701,4,5,4,0.35,2025-07-20
CR0001475,C000486,782,1,8,3,0.92,2025-08-22
CR0001476,C000150,380,15,9,4,0.25,2025-10-26
CR0001477,C000512,370,5,5,4,0.32,2026-02-09
CR0001478,C000048,565,12,5,3,0.4,2026-02-23
CR0001479,C000692,386,2,3,4,0.55,2024-11-21
CR0001480,C000358,349,15,3,2,0.85,2024-12-17
CR0001481,C000802,495,14,6,1,0.89,2025-01-05
CR0001482,C000065,438,1,3,1,0.33,2025-07-19
CR0001483,C000459,599,3,4,3,0.24,2025-07-24
CR0001484,C000558,410,1,4,1,0.65,2026-03-09
CR0001485,C000327,893,7,8,5,0.67,2025-12-18
CR0001486,C000267,705,13,8,0,0.08,2024-12-04
CR0001487,C000009,621,12,2,4,0.82,2026-04-14
CR0001488,C000261,690,13,9,0,0.19,2026-09-04
CR0001489,C000511,391,11,10,3,0.44,2026-08-10
CR0001490,C000750,592,2,7,2,0.22,2025-01-25
CR0001491,C000221,338,5,3,2,0.1,2024-11-05
CR0001492,C000401,533,9,5,0,0.2,2025-06-25
CR0001493,C000064,872,10,4,3,0.4,2025-02-17
CR0001494,C000115,485,8,5,5,0.83,2025-06-06
CR0001495,C000380,463,4,3,1,0.52,2025-02-18
CR0001496,C000803,456,10,3,0,0.17,2025-12-22
CR0001497,C000559,437,6,6,4,0.94,2026-07-03
CR0001498,C000943,520,4,0,1,0.07,2025-07-27
CR0001499,C000993,502,5,6,3,0.45,2024-12-20
CR0001500,C000392,425,11,6,3,0.38,2025-03-15
CR0001501,C000287,310,8,6,1,0.75,2026-06-28
CR0001502,C000618,655,13,5,1,0.86,2025-08-11
CR0001503,C000912,358,3,4,5,0.38,2026-04-02
CR0001504,C000787,357,2,2,1,0.71,2025-10-08
CR0001505,C000846,869,13,4,3,0.2,2025-04-20
CR0001506,C000688,329,4,4,5,0.88,2026-05-03
CR0001507,C000718,434,1,2,4,0.32,2026-03-24
CR0001508,C000238,369,13,9,5,0.77,2026-05-03
CR0001509,C000592,316,2,7,5,0.2,2025-12-11
CR0001510,C000778,467,11,2,2,0.1,2025-12-21
CR0001511,C000533,682,1,7,5,0.42,2025-04-16
CR0001512,C000443,565,11,8,3,0.71,2026-04-26
CR0001513,C000286,404,14,7,5,0.62,2026-05-22
CR0001514,C000218,807,6,4,3,0.15,2026-05-31
CR0001515,C000213,487,15,4,0,0.4,2026-01-29
CR0001516,C000503,854,4,8,3,0.19,2025-07-23
CR0001517,C000351,780,11,2,2,0.51,2025-06-19
CR0001518,C000631,365,3,2,2,0.59,2025-09-20
CR0001519,C000752,898,13,5,3,0.4,2026-02-15
CR0001520,C000356,846,5,4,4,0.7,2025-12-28
CR0001521,C000398,450,4,7,1,0.61,2025-07-27
CR0001522,C000943,762,10,1,1,0.14,2025-09-27
CR0001523,C000274,386,2,0,0,0.53,2025-10-18
CR0001524,C000622,825,1,3,5,0.36,2025-04-20
CR0001525,C000931,866,7,9,0,0.65,2025-01-08
CR0001526,C000527,375,8,0,3,0.31,2026-05-05
CR0001527,C000743,336,13,10,1,0.59,2025-09-04
CR0001528,C000749,660,2,9,4,0.61,2024-12-08
CR0001529,C000009,663,3,9,2,0.71,2024-12-19
CR0001530,C000492,412,8,1,1,0.21,2025-03-29
CR0001531,C000918,804,7,4,1,0.25,2025-10-01
CR0001532,C000363,765,3,2,0,0.37,2025-10-07
CR0001533,C000257,596,3,2,0,0.39,2025-03-14
CR0001534,C000335,685,11,5,5,0.78,2026-01-17
CR0001535,C000826,691,14,3,1,0.72,2024-12-29
CR0001536,C000634,301,12,8,1,0.23,2024-10-09
CR0001537,C000544,596,5,4,3,0.84,2024-12-02
CR0001538,C000638,318,5,8,4,0.5,2026-04-12
CR0001539,C000225,894,15,5,0,0.29,2024-10-27
CR0001540,C000806,321,13,2,0,0.82,2026-06-22
CR0001541,C000487,686,13,8,5,0.36,2024-11-07
CR0001542,C000996,620,4,10,3,0.5,2025-10-07
CR0001543,C000616,486,7,6,5,0.64,2026-02-24
CR0001544,C000225,463,15,9,5,0.33,2024-10-06
CR0001545,C000550,538,5,2,3,0.88,2025-02-02
CR0001546,C000144,785,6,2,1,0.87,2025-07-10
CR0001547,C000103,880,3,0,3,0.12,2025-12-29
CR0001548,C000294,708,6,8,0,0.18,2026-02-25
CR0001549,C000042,437,1,10,2,0.57,2025-05-27
CR0001550,C000975,461,3,9,2,0.16,2025-01-12
CR0001551,C000657,630,15,6,1,0.09,2025-05-09
CR0001552,C000807,625,6,10,5,0.57,2026-01-12
CR0001553,C000882,538,7,3,3,0.65,2026-01-13
CR0001554,C000557,457,11,6,1,0.79,2024-11-29
CR0001555,C000435,603,11,2,0,0.44,2026-04-29
CR0001556,C000891,377,6,10,2,0.61,2024-11-14
CR0001557,C000560,327,11,10,4,0.36,2026-02-11
CR0001558,C000512,499,4,1,1,0.64,2026-04-22
CR0001559,C000191,341,1,4,4,0.53,2025-10-24
CR0001560,C000510,529,12,2,0,0.79,2026-05-05
CR0001561,C000072,385,3,2,0,0.9,2025-10-03
CR0001562,C000525,477,13,1,2,0.72,2026-05-24
CR0001563,C000902,823,11,1,5,0.39,2025-09-12
CR0001564,C000278,457,14,6,4,0.43,2025-02-19
CR0001565,C000984,811,7,4,0,0.14,2025-05-02
CR0001566,C000283,896,2,8,2,0.29,2026-02-12
CR0001567,C000095,850,1,6,2,0.94,2025-10-07
CR0001568,C000780,436,14,10,0,0.09,2025-10-01
CR0001569,C000292,697,3,9,4,0.87,2025-10-13
CR0001570,C000463,809,8,10,4,0.48,2025-04-07
CR0001571,C000803,621,9,5,5,0.91,2025-11-11
CR0001572,C000577,711,5,6,5,0.33,2025-06-09
CR0001573,C000687,421,10,6,5,0.17,2026-06-06
CR0001574,C000296,603,11,2,0,0.6,2026-07-15
CR0001575,C000907,746,13,2,1,0.12,2025-11-09
CR0001576,C000482,487,1,4,5,0.11,2025-11-14
CR0001577,C000570,591,3,9,2,0.53,2024-09-29
CR0001578,C000752,415,5,7,4,0.88,2026-05-02
CR0001579,C000549,881,13,1,0,0.47,2024-10-10
CR0001580,C000049,757,3,6,4,0.6,2025-08-16
CR0001581,C000171,584,10,8,0,0.64,2026-07-31
CR0001582,C000013,826,12,3,0,0.71,2026-08-27
CR0001583,C000401,320,1,3,3,0.43,2024-12-17
CR0001584,C000104,321,12,2,5,0.05,2025-07-10
CR0001585,C000467,305,6,3,5,0.2,2025-08-31
CR0001586,C000275,644,4,8,3,0.22,2025-05-18
CR0001587,C000709,398,1,5,5,0.09,2026-07-10
CR0001588,C000183,483,5,3,4,0.86,2025-07-05
CR0001589,C000835,863,12,0,2,0.55,2025-08-25
CR0001590,C000082,465,15,6,4,0.2,2025-09-08
CR0001591,C000632,878,13,9,0,0.1,2024-10-13
CR0001592,C000429,707,9,6,1,0.79,2024-10-11
CR0001593,C000328,746,15,3,1,0.21,2025-01-31
CR0001594,C000857,869,15,3,4,0.6,2025-11-22
CR0001595,C000140,694,11,3,1,0.78,2026-02-10
CR0001596,C000500,717,15,1,4,0.35,2026-07-16
CR0001597,C000708,416,15,10,4,0.87,2026-05-14
CR0001598,C000692,712,3,6,3,0.14,2025-05-09
CR0001599,C000478,744,9,4,0,0.05,2026-08-04
CR0001600,C000933,376,4,2,5,0.51,2026-03-18
CR0001601,C000782,460,4,3,5,0.6,2025-01-21
CR0001602,C000489,401,11,8,4,0.71,2025-10-02
CR0001603,C000767,529,6,2,3,0.71,2025-08-16
CR0001604,C000037,364,9,7,2,0.69,2024-12-29
CR0001605,C000543,320,7,7,3,0.4,2025-05-16
CR0001606,C000512,344,7,10,5,0.38,2026-03-25
CR0001607,C000314,895,3,0,5,0.86,2025-07-15
CR0001608,C000846,851,9,1,5,0.78,2025-09-29
CR0001609,C000886,553,13,1,4,0.16,2026-05-02
CR0001610,C000676,755,7,1,3,0.88,2024-12-09
CR0001611,C000753,413,6,9,3,0.57,2025-12-01
CR0001612,C000605,846,11,3,4,0.67,2026-02-22
CR0001613,C000876,658,11,7,1,0.71,2025-10-02
CR0001614,C000021,317,12,2,5,0.4,2026-02-10
CR0001615,C000563,677,12,6,4,0.4,2025-11-20
CR0001616,C000186,474,10,5,4,0.8,2026-03-02
CR0001617,C000286,441,6,7,1,0.33,2025-11-08
CR0001618,C000838,819,10,9,1,0.36,2025-12-04
CR0001619,C000856,528,10,4,5,0.44,2025-09-15
CR0001620,C000017,309,13,7,5,0.32,2025-09-20
CR0001621,C000746,439,10,9,0,0.45,2025-11-26
CR0001622,C000524,786,3,9,3,0.43,2026-07-11
CR0001623,C000173,611,2,7,4,0.61,2025-01-15
CR0001624,C000493,796,1,8,0,0.55,2025-10-14
CR0001625,C000576,768,5,10,5,0.5,2024-10-29
CR0001626,C000649,872,6,10,4,0.82,2025-07-16
CR0001627,C000438,591,7,4,0,0.91,2025-04-08
CR0001628,C000340,498,13,9,4,0.81,2025-10-05
CR0001629,C000090,415,7,7,1,0.31,2025-12-19
CR0001630,C000009,769,9,10,2,0.24,2025-07-06
CR0001631,C000271,895,9,8,0,0.95,2026-01-08
CR0001632,C000784,599,13,9,4,0.08,2026-02-23
CR0001633,C000765,596,6,0,4,0.2,2025-06-16
CR0001634,C000511,827,13,6,0,0.34,2026-05-04
CR0001635,C000038,475,2,0,1,0.41,2025-04-24
CR0001636,C000468,769,1,6,3,0.31,2025-05-22
CR0001637,C000353,362,1,8,1,0.29,2024-11-02
CR0001638,C000592,558,6,8,0,0.74,2024-10-07
CR0001639,C000148,300,9,8,4,0.55,2025-12-18
CR0001640,C000062,342,6,7,2,0.65,2024-10-21
CR0001641,C000350,853,9,3,4,0.59,2024-12-24
CR0001642,C000191,785,5,1,4,0.36,2026-06-28
CR0001643,C000406,542,1,2,3,0.76,2025-06-27
CR0001644,C000782,313,1,0,1,0.09,2025-06-13
CR0001645,C000541,653,12,6,5,0.41,2026-06-06
CR0001646,C000695,664,11,3,0,0.87,2026-04-15
CR0001647,C000908,666,7,4,0,0.55,2025-12-13
CR0001648,C000500,878,4,7,4,0.65,2024-10-06
CR0001649,C000741,601,7,7,4,0.1,2026-05-03
CR0001650,C000054,791,15,0,5,0.16,2026-08-09
CR0001651,C000656,783,3,6,5,0.77,2026-01-14
CR0001652,C000761,331,2,10,1,0.43,2025-06-08
CR0001653,C000740,425,1,3,2,0.88,2025-07-08
CR0001654,C000319,610,5,2,4,0.59,2024-11-30
CR0001655,C000612,344,7,7,2,0.65,2025-08-14
CR0001656,C000628,732,9,6,2,0.2,2025-06-11
CR0001657,C000731,339,7,2,1,0.16,2025-06-20
CR0001658,C000079,652,10,9,3,0.84,2025-08-01
CR0001659,C000326,440,6,6,1,0.22,2025-06-15
CR0001660,C000957,485,2,9,0,0.35,2024-10-29
CR0001661,C000913,520,15,10,5,0.64,2026-02-11
CR0001662,C000318,750,13,0,2,0.5,2025-03-24
CR0001663,C000957,791,15,6,2,0.54,2025-03-27
CR0001664,C000047,633,6,9,1,0.59,2025-03-17
CR0001665,C000307,634,3,1,1,0.53,2026-02-01
CR0001666,C000366,620,1,7,0,0.92,2025-05-16
CR0001667,C000362,594,6,5,1,0.14,2025-12-20
CR0001668,C000031,357,1,3,3,0.16,2024-11-20
CR0001669,C000444,489,2,1,5,0.75,2026-08-24
CR0001670,C000923,542,15,10,1,0.62,2026-03-04
CR0001671,C000439,774,8,2,3,0.75,2024-11-05
CR0001672,C000126,848,11,8,5,0.27,2026-07-22
CR0001673,C000247,654,9,5,5,0.66,2025-05-10
CR0001674,C000779,867,6,2,1,0.58,2024-12-13
CR0001675,C000253,612,3,10,2,0.18,2025-06-05
CR0001676,C000874,620,2,6,0,0.93,2025-01-25
CR0001677,C000175,635,8,5,4,0.13,2024-10-01
CR0001678,C000309,368,1,5,0,0.53,2025-11-08
CR0001679,C000544,348,6,4,4,0.13,2025-05-27
CR0001680,C000539,758,8,4,2,0.47,2024-10-15
CR0001681,C000251,674,11,3,2,0.75,2025-09-08
CR0001682,C000129,604,8,8,5,0.72,2026-02-08
CR0001683,C000787,602,2,7,0,0.37,2026-07-18
CR0001684,C000946,607,12,9,3,0.23,2025-08-10
CR0001685,C000943,596,14,9,1,0.08,2025-12-01
CR0001686,C000758,536,8,8,4,0.08,2025-10-20
CR0001687,C000273,499,2,8,1,0.43,2026-08-17
CR0001688,C000318,370,12,3,1,0.79,2025-08-09
CR0001689,C000756,833,15,9,1,0.43,2025-04-11
CR0001690,C000471,338,9,7,4,0.53,2024-10-01
CR0001691,C000345,479,13,8,0,0.37,2026-03-10
CR0001692,C000177,478,8,8,3,0.23,2025-09-15
CR0001693,C000414,592,14,8,3,0.22,2025-12-16
CR0001694,C000783,364,6,2,0,0.45,2024-10-03
CR0001695,C000294,613,7,5,5,0.24,2025-05-19
CR0001696,C000709,635,12,3,3,0.78,2025-07-06
CR0001697,C000025,824,1,1,4,0.56,2025-12-03
CR0001698,C000273,409,6,6,5,0.48,2025-07-16
CR0001699,C000688,599,5,6,3,0.13,2025-05-24
CR0001700,C000899,790,8,6,1,0.58,2025-12-04
CR0001701,C000087,707,10,1,2,0.25,2024-11-30
CR0001702,C000997,705,3,9,4,0.57,2026-06-05
CR0001703,C000704,685,11,6,2,0.92,2025-09-30
CR0001704,C000837,649,1,9,4,0.57,2024-12-02
CR0001705,C000245,329,12,0,0,0.09,2026-03-06
CR0001706,C000777,867,6,7,1,0.57,2026-02-22
CR0001707,C000945,844,15,3,5,0.69,2025-02-22
CR0001708,C000131,467,2,1,4,0.59,2025-06-03
CR0001709,C000187,834,5,4,1,0.64,2025-10-06
CR0001710,C000815,699,5,8,4,0.32,2025-10-11
CR0001711,C000799,768,10,5,3,0.2,2026-06-08
CR0001712,C000914,679,14,7,2,0.62,2026-05-03
CR0001713,C000601,884,6,8,1,0.9,2026-02-16
CR0001714,C000291,413,14,9,0,0.21,2025-06-06
CR0001715,C000935,373,8,9,3,0.71,2025-01-23
CR0001716,C000721,375,14,2,2,0.53,2026-01-06
CR0001717,C000928,492,11,9,3,0.86,2025-05-06
CR0001718,C000661,773,1,5,4,0.53,2025-06-25
CR0001719,C000965,568,15,5,0,0.76,2025-08-20
CR0001720,C000403,511,7,7,1,0.52,2025-02-19
CR0001721,C000454,700,9,1,0,0.21,2025-10-06
CR0001722,C000159,522,11,0,1,0.53,2026-01-22
CR0001723,C000809,649,13,6,4,0.15,2026-07-06
CR0001724,C000105,383,10,3,4,0.94,2026-05-20
CR0001725,C000308,803,14,8,0,0.3,2024-11-13
CR0001726,C000177,644,10,0,0,0.71,2026-06-30
CR0001727,C000417,886,11,2,0,0.45,2026-07-08
CR0001728,C000952,890,1,5,2,0.18,2025-11-06
CR0001729,C000963,735,15,6,4,0.24,2025-03-01
CR0001730,C000429,682,2,10,5,0.33,2025-04-27
CR0001731,C000102,816,9,0,5,0.47,2025-04-09
CR0001732,C000924,312,13,10,2,0.23,2024-10-22
CR0001733,C000752,704,1,1,0,0.57,2025-05-04
CR0001734,C000291,898,2,0,1,0.91,2025-12-05
CR0001735,C000562,845,3,9,3,0.33,2025-07-25
CR0001736,C001000,622,6,1,1,0.7,2026-06-02
CR0001737,C000470,343,10,0,5,0.53,2025-03-10
CR0001738,C000385,847,13,1,4,0.7,2026-01-14
CR0001739,C000121,343,5,5,0,0.84,2026-04-16
CR0001740,C000201,606,4,7,1,0.41,2024-11-26
CR0001741,C000707,651,15,8,3,0.24,2026-03-27
CR0001742,C000675,711,3,7,0,0.25,2026-07-03
CR0001743,C000585,657,9,9,3,0.56,2025-12-09
CR0001744,C000856,514,6,3,4,0.1,2024-11-28
CR0001745,C000016,307,11,5,4,0.34,2025-12-19
CR0001746,C000999,740,2,5,5,0.91,2025-06-04
CR0001747,C000617,761,11,3,0,0.64,2025-04-16
CR0001748,C000258,695,14,6,1,0.58,2024-11-07
CR0001749,C000559,881,3,5,2,0.76,2025-11-29
CR0001750,C000967,418,2,6,2,0.27,2026-05-31
CR0001751,C000240,343,11,2,4,0.87,2025-11-02
CR0001752,C000058,782,8,2,3,0.08,2025-09-20
CR0001753,C000217,462,9,9,3,0.95,2025-08-13
CR0001754,C000836,687,7,0,2,0.87,2025-02-25
CR0001755,C000782,602,3,8,0,0.39,2025-06-12
CR0001756,C000585,561,5,1,5,0.66,2026-05-27
CR0001757,C000400,378,1,1,4,0.95,2024-11-14
CR0001758,C000314,772,6,10,1,0.35,2026-02-04
CR0001759,C000688,606,7,4,0,0.93,2026-06-17
CR0001760,C000112,427,1,3,5,0.55,2025-05-08
CR0001761,C000885,301,3,7,1,0.06,2025-10-12
CR0001762,C000584,446,8,6,1,0.43,2026-06-02
CR0001763,C000861,821,14,1,2,0.62,2025-05-06
CR0001764,C000305,577,8,1,4,0.73,2025-08-18
CR0001765,C000517,535,10,5,1,0.88,2026-02-13
CR0001766,C000876,889,7,9,0,0.43,2025-11-09
CR0001767,C000132,711,5,10,4,0.61,2025-05-17
CR0001768,C000411,303,10,2,1,0.51,2025-02-18
CR0001769,C000764,584,10,8,3,0.74,2025-08-03
CR0001770,C000862,627,13,5,0,0.82,2025-07-25
CR0001771,C000347,542,14,5,4,0.72,2025-03-30
CR0001772,C000946,764,3,7,0,0.46,2026-01-14
CR0001773,C000646,501,1,10,3,0.78,2025-10-21
CR0001774,C000387,873,2,1,3,0.81,2025-09-03
CR0001775,C000119,577,13,0,1,0.32,2026-02-19
CR0001776,C000648,513,10,8,4,0.86,2026-05-01
CR0001777,C000862,819,8,3,4,0.47,2025-11-15
CR0001778,C000282,667,9,3,5,0.26,2025-02-03
CR0001779,C000748,714,5,7,3,0.06,2026-08-01
CR0001780,C000784,557,2,3,5,0.06,2024-09-30
CR0001781,C000841,312,10,1,2,0.22,2026-01-16
CR0001782,C000088,729,1,2,4,0.16,2026-03-16
CR0001783,C000310,436,6,4,1,0.92,2025-10-21
CR0001784,C000603,568,2,10,1,0.83,2026-07-18
CR0001785,C000974,538,15,1,4,0.08,2025-02-07
CR0001786,C000444,664,8,7,1,0.06,2025-12-08
CR0001787,C000340,586,2,0,0,0.69,2025-10-08
CR0001788,C000665,806,12,9,5,0.29,2025-02-28
CR0001789,C000227,878,4,2,2,0.38,2026-02-11
CR0001790,C000192,545,14,8,5,0.12,2026-06-17
CR0001791,C000918,794,12,9,2,0.14,2026-04-15
CR0001792,C000793,447,3,4,4,0.91,2026-09-14
CR0001793,C000256,328,10,8,3,0.19,2025-09-13
CR0001794,C000017,699,5,9,3,0.23,2025-04-12
CR0001795,C000671,481,6,1,3,0.81,2026-09-13
CR0001796,C000150,447,3,4,0,0.29,2026-01-24
CR0001797,C000003,519,3,6,0,0.15,2025-11-03
CR0001798,C000449,352,1,3,2,0.39,2026-06-06
CR0001799,C000500,741,2,6,1,0.1,2026-01-06
CR0001800,C000035,312,3,8,3,0.45,2026-07-10
CR0001801,C000630,473,1,2,0,0.08,2026-05-06
CR0001802,C000504,643,13,3,3,0.85,2026-08-21
CR0001803,C000281,724,12,2,0,0.56,2025-08-18
CR0001804,C000890,501,7,8,4,0.08,2026-09-11
CR0001805,C000809,647,8,7,4,0.33,2025-11-29
CR0001806,C000352,361,2,7,1,0.17,2026-04-03
CR0001807,C000008,876,1,0,3,0.24,2026-01-15
CR0001808,C000468,772,2,3,0,0.64,2024-11-01
CR0001809,C000627,475,3,1,0,0.23,2025-10-26
CR0001810,C000667,689,10,0,5,0.51,2025-02-18
CR0001811,C000818,377,11,6,3,0.18,2025-06-25
CR0001812,C000791,422,1,4,2,0.83,2025-09-10
CR0001813,C000850,586,12,6,0,0.95,2025-01-08
CR0001814,C000613,413,10,2,4,0.78,2025-03-21
CR0001815,C000564,370,8,0,3,0.28,2025-01-10
CR0001816,C000703,550,7,0,1,0.79,2026-04-18
CR0001817,C000106,608,5,2,1,0.37,2026-03-02
CR0001818,C000418,395,11,6,0,0.18,2026-05-03
CR0001819,C000457,485,4,9,2,0.73,2025-05-07
CR0001820,C000932,445,12,10,5,0.07,2026-07-03
CR0001821,C000634,578,5,7,3,0.84,2025-08-20
CR0001822,C000248,684,10,0,1,0.66,2025-07-31
CR0001823,C000482,730,11,10,2,0.33,2025-05-21
CR0001824,C000947,530,15,2,3,0.42,2026-07-16
CR0001825,C000969,776,10,4,5,0.55,2026-06-22
CR0001826,C000063,437,5,5,5,0.37,2026-08-24
CR0001827,C000164,853,6,1,3,0.08,2024-11-05
CR0001828,C000622,408,2,9,5,0.15,2026-01-21
CR0001829,C000132,849,10,1,1,0.77,2025-02-21
CR0001830,C000774,853,15,6,5,0.31,2026-07-05
CR0001831,C000395,848,15,6,2,0.48,2025-08-02
CR0001832,C000732,738,13,8,5,0.43,2025-04-11
CR0001833,C000068,519,8,6,0,0.87,2026-06-17
CR0001834,C000868,812,9,4,2,0.46,2025-04-26
CR0001835,C000794,324,9,3,3,0.79,2026-01-30
CR0001836,C000476,870,2,9,0,0.56,2025-01-18
CR0001837,C000779,802,5,9,4,0.17,2025-04-03
CR0001838,C000398,747,5,0,0,0.41,2026-03-03
CR0001839,C000804,841,15,3,3,0.6,2025-12-26
CR0001840,C000580,430,14,3,2,0.93,2025-03-18
CR0001841,C000032,585,9,4,4,0.44,2025-07-28
CR0001842,C000269,759,1,8,1,0.16,2025-03-20
CR0001843,C000772,887,9,6,2,0.3,2024-12-13
CR0001844,C000549,491,3,0,1,0.11,2025-01-10
CR0001845,C000550,470,4,7,5,0.89,2025-02-12
CR0001846,C000027,451,14,0,2,0.86,2024-10-07
CR0001847,C000646,301,15,3,1,0.05,2025-03-25
CR0001848,C000660,321,1,8,4,0.39,2026-05-28
CR0001849,C000051,598,12,6,3,0.27,2026-06-20
CR0001850,C000629,413,10,0,0,0.51,2025-05-15
CR0001851,C000281,885,13,9,0,0.16,2025-09-11
CR0001852,C000572,421,7,0,0,0.57,2025-09-28
CR0001853,C000233,394,7,9,5,0.61,2025-11-24
CR0001854,C000177,540,3,10,3,0.23,2025-08-20
CR0001855,C000112,767,12,9,5,0.53,2025-08-09
CR0001856,C000451,891,12,7,5,0.69,2026-01-31
CR0001857,C000279,345,7,0,4,0.77,2026-08-20
CR0001858,C000901,644,5,8,0,0.9,2024-10-14
CR0001859,C000688,860,7,7,2,0.4,2025-02-19
CR0001860,C000762,341,1,0,4,0.78,2025-01-17
CR0001861,C000645,827,5,10,1,0.27,2025-04-15
CR0001862,C000747,421,15,1,5,0.8,2024-12-30
CR0001863,C000113,756,2,1,4,0.84,2024-10-08
CR0001864,C000062,625,2,10,4,0.55,2025-04-04
CR0001865,C000181,678,12,4,2,0.5,2026-05-22
CR0001866,C000531,887,13,4,1,0.93,2026-06-02
CR0001867,C000503,493,11,4,5,0.06,2025-04-19
CR0001868,C000032,671,4,5,1,0.3,2026-02-09
CR0001869,C000198,720,1,7,2,0.39,2025-11-17
CR0001870,C000347,888,10,9,2,0.31,2025-01-30
CR0001871,C000812,579,14,6,3,0.45,2026-01-29
CR0001872,C000374,354,2,0,4,0.17,2026-07-10
CR0001873,C000697,316,13,2,5,0.74,2024-10-18
CR0001874,C000435,393,12,8,1,0.88,2026-03-31
CR0001875,C000757,527,9,7,4,0.88,2025-09-28
CR0001876,C000156,595,1,2,3,0.18,2026-05-16
CR0001877,C000086,843,6,8,0,0.5,2024-10-01
CR0001878,C000093,632,15,2,3,0.25,2024-10-28
CR0001879,C000528,667,11,3,3,0.33,2026-07-15
CR0001880,C000021,527,6,7,0,0.06,2026-08-13
CR0001881,C000117,389,3,9,0,0.94,2024-11-20
CR0001882,C000686,873,3,8,5,0.35,2025-05-17
CR0001883,C000643,862,2,10,3,0.89,2025-12-27
CR0001884,C000569,480,13,10,2,0.36,2025-05-05
CR0001885,C000137,318,5,10,3,0.15,2026-07-21
CR0001886,C000551,332,1,7,4,0.21,2024-11-04
CR0001887,C000880,356,5,6,3,0.07,2026-08-16
CR0001888,C000282,387,3,8,1,0.52,2025-07-29
CR0001889,C000330,769,2,0,0,0.7,2026-08-13
CR0001890,C000959,479,4,2,4,0.71,2025-06-25
CR0001891,C000428,737,2,5,0,0.16,2026-02-19
CR0001892,C000304,570,9,5,0,0.5,2026-02-08
CR0001893,C000650,739,7,5,1,0.91,2026-08-04
CR0001894,C000802,564,5,6,5,0.09,2024-11-25
CR0001895,C000918,612,11,2,1,0.93,2025-07-21
CR0001896,C000635,729,4,10,2,0.39,2026-06-30
CR0001897,C000865,325,2,9,0,0.35,2026-04-01
CR0001898,C000390,307,6,7,5,0.72,2026-07-02
CR0001899,C000803,509,12,4,3,0.81,2025-01-03
CR0001900,C000625,565,4,5,4,0.91,2025-03-18
CR0001901,C000784,385,8,6,4,0.2,2024-12-11
CR0001902,C000628,625,13,1,5,0.66,2025-12-03
CR0001903,C000508,769,11,2,3,0.46,2026-04-09
CR0001904,C000951,303,9,6,3,0.68,2025-10-09
CR0001905,C000356,696,15,5,5,0.75,2026-09-10
CR0001906,C000315,456,14,2,2,0.94,2024-12-18
CR0001907,C000827,752,15,6,4,0.45,2025-10-26
CR0001908,C000933,576,13,9,2,0.48,2026-02-13
CR0001909,C000143,382,11,2,4,0.1,2026-06-21
CR0001910,C000517,512,6,0,0,0.42,2025-12-10
CR0001911,C000338,411,13,8,2,0.5,2026-05-11
CR0001912,C000351,794,5,2,1,0.26,2026-09-09
CR0001913,C000166,578,13,3,2,0.1,2025-10-28
CR0001914,C000283,729,15,6,4,0.19,2025-03-30
CR0001915,C000880,413,3,1,2,0.76,2025-10-06
CR0001916,C000674,743,14,4,4,0.71,2026-08-04
CR0001917,C000647,664,3,5,2,0.57,2024-11-25
CR0001918,C000500,476,1,6,5,0.67,2025-03-19
CR0001919,C000619,589,11,1,0,0.14,2025-12-25
CR0001920,C000250,804,13,3,4,0.55,2024-12-19
CR0001921,C000194,843,3,7,1,0.05,2026-05-09
CR0001922,C000990,739,4,4,1,0.35,2026-06-04
CR0001923,C000501,900,13,4,4,0.84,2025-05-17
CR0001924,C000371,814,13,2,5,0.11,2025-05-29
CR0001925,C000359,829,5,9,3,0.53,2026-06-24
CR0001926,C000691,714,7,4,0,0.36,2025-12-13
CR0001927,C000342,400,14,1,0,0.21,2026-04-11
CR0001928,C000991,464,14,5,2,0.23,2025-07-15
CR0001929,C000139,585,2,2,1,0.83,2026-06-03
CR0001930,C000154,421,12,6,0,0.33,2026-04-20
CR0001931,C000334,840,7,0,1,0.5,2026-04-16
CR0001932,C000222,402,12,10,4,0.4,2025-03-18
CR0001933,C000828,359,4,2,0,0.95,2026-09-12
CR0001934,C000755,506,2,9,3,0.55,2025-08-10
CR0001935,C000234,350,2,1,2,0.08,2025-03-04
CR0001936,C000967,313,4,4,3,0.78,2025-01-06
CR0001937,C000243,546,2,7,5,0.14,2024-12-07
CR0001938,C000550,777,13,10,4,0.42,2025-01-30
CR0001939,C000712,407,15,10,3,0.85,2025-03-01
CR0001940,C000144,459,13,5,5,0.69,2025-04-17
CR0001941,C000260,352,12,8,2,0.14,2025-08-23
CR0001942,C000150,591,14,10,3,0.79,2025-07-30
CR0001943,C000175,636,14,5,0,0.62,2025-04-01
CR0001944,C000633,378,4,7,2,0.25,2026-07-18
CR0001945,C000997,842,3,1,0,0.48,2025-12-17
CR0001946,C000913,470,9,8,5,0.83,2024-10-29
CR0001947,C000212,754,9,0,3,0.17,2025-10-01
CR0001948,C000056,779,10,0,5,0.25,2025-11-04
CR0001949,C000590,414,7,1,3,0.07,2025-07-04
CR0001950,C000417,824,2,9,3,0.93,2026-03-13
CR0001951,C000913,458,3,3,5,0.59,2024-12-12
CR0001952,C000055,693,5,7,3,0.75,2025-05-19
CR0001953,C000907,848,4,7,2,0.8,2025-11-13
CR0001954,C000736,341,8,6,4,0.83,2025-08-11
CR0001955,C000875,307,3,4,4,0.06,2025-09-19
CR0001956,C000648,862,6,5,3,0.83,2026-02-28
CR0001957,C000017,812,1,0,1,0.64,2025-03-26
CR0001958,C000640,600,4,2,1,0.84,2025-04-19
CR0001959,C000964,490,3,1,3,0.58,2026-07-31
CR0001960,C000484,693,10,10,3,0.55,2026-05-18
CR0001961,C000154,766,5,6,5,0.47,2026-09-13
CR0001962,C000880,698,13,7,5,0.66,2025-01-06
CR0001963,C000590,367,7,9,5,0.16,2025-06-24
CR0001964,C000874,891,14,5,5,0.72,2025-09-20
CR0001965,C000218,445,2,5,0,0.71,2026-03-25
CR0001966,C000856,716,15,4,1,0.4,2025-06-28
CR0001967,C000574,304,8,0,1,0.23,2026-06-15
CR0001968,C000925,347,14,10,4,0.74,2025-05-13
CR0001969,C000024,460,5,3,5,0.72,2024-10-02
CR0001970,C000785,415,10,8,1,0.57,2026-01-30
CR0001971,C000679,595,9,4,4,0.11,2026-08-20
CR0001972,C000872,324,1,4,0,0.71,2025-12-30
CR0001973,C000393,376,14,0,2,0.82,2024-10-13
CR0001974,C000545,347,3,1,2,0.87,2026-07-01
CR0001975,C000798,686,8,5,5,0.55,2026-04-13
CR0001976,C000212,697,12,4,3,0.69,2026-02-12
CR0001977,C000133,550,4,10,4,0.83,2026-05-29
CR0001978,C000758,538,5,8,0,0.13,2026-09-16
CR0001979,C000689,633,1,1,2,0.87,2024-10-28
CR0001980,C000212,730,5,2,3,0.51,2026-03-06
CR0001981,C000728,899,13,6,0,0.34,2026-08-29
CR0001982,C000053,552,9,5,2,0.72,2026-05-21
CR0001983,C000006,413,3,8,0,0.87,2026-02-19
CR0001984,C000371,804,6,1,1,0.26,2025-03-21
CR0001985,C000448,681,13,9,3,0.51,2025-03-31
CR0001986,C000862,649,6,4,1,0.39,2025-11-19
CR0001987,C000832,346,13,10,4,0.47,2025-07-11
CR0001988,C000407,532,12,6,0,0.19,2025-05-14
CR0001989,C000224,599,7,5,2,0.43,2026-01-25
CR0001990,C000236,773,8,2,0,0.37,2026-03-14
CR0001991,C000237,752,2,0,3,0.23,2025-06-24
CR0001992,C000953,812,8,1,2,0.4,2026-08-18
CR0001993,C000463,569,13,10,3,0.53,2026-06-08
CR0001994,C000331,535,8,10,5,0.11,2026-03-02
CR0001995,C000457,400,8,5,2,0.93,2024-12-19
CR0001996,C000794,842,1,2,3,0.32,2025-11-05
CR0001997,C000637,374,14,4,4,0.81,2026-07-21
CR0001998,C000851,770,11,2,3,0.09,2025-03-18
CR0001999,C000764,876,3,5,2,0.74,2026-07-14
CR0002000,C000598,703,11,8,3,0.93,2025-08-25
CR0002001,C000360,761,3,8,4,0.8,2025-07-14
CR0002002,C000656,346,8,6,3,0.28,2024-09-22
CR0002003,C000462,310,8,10,3,0.66,2026-08-23
CR0002004,C000522,447,8,1,5,0.24,2025-07-18
CR0002005,C000080,646,4,8,3,0.48,2026-09-06
CR0002006,C000067,441,6,9,1,0.25,2026-08-29
CR0002007,C000041,841,7,8,3,0.6,2025-04-02
CR0002008,C000913,716,15,10,5,0.08,2025-05-07
CR0002009,C000149,569,9,8,3,0.58,2024-11-25
CR0002010,C000652,539,3,0,5,0.35,2026-09-13
CR0002011,C000485,679,13,3,2,0.06,2026-06-17
CR0002012,C000349,326,11,8,4,0.74,2026-04-26
CR0002013,C000610,785,4,9,3,0.72,2025-03-17
CR0002014,C000106,635,10,7,3,0.91,2025-05-05
CR0002015,C000322,309,6,3,5,0.64,2025-02-26
CR0002016,C000820,629,7,7,0,0.71,2026-07-15
CR0002017,C000800,812,10,7,3,0.69,2026-08-08
CR0002018,C000089,652,5,2,3,0.82,2025-01-18
CR0002019,C000797,900,12,0,1,0.8,2026-08-28
CR0002020,C000249,839,5,2,1,0.48,2025-08-22
CR0002021,C000595,712,12,2,3,0.71,2026-01-19
CR0002022,C000354,484,1,2,1,0.9,2025-05-20
CR0002023,C000166,450,8,1,0,0.74,2026-07-31
CR0002024,C000084,775,14,5,5,0.85,2026-06-08
CR0002025,C000984,736,10,1,3,0.15,2026-05-04
CR0002026,C000779,468,1,4,1,0.61,2026-01-29
CR0002027,C000231,856,6,1,2,0.29,2025-07-28
CR0002028,C000939,865,7,9,4,0.26,2026-05-22
CR0002029,C000064,683,3,1,3,0.91,2024-10-12
CR0002030,C000067,308,4,9,1,0.22,2025-04-16
CR0002031,C000552,484,12,6,4,0.77,2026-07-20
CR0002032,C000148,314,2,4,1,0.66,2024-11-17
CR0002033,C000581,575,8,1,0,0.43,2026-06-17
CR0002034,C000496,325,14,1,3,0.47,2026-05-14
CR0002035,C000496,319,15,3,0,0.41,2026-09-16
CR0002036,C000201,498,8,0,2,0.67,2025-10-02
CR0002037,C000844,333,5,9,1,0.24,2025-09-16
CR0002038,C000638,723,14,7,1,0.28,2026-04-11
CR0002039,C000427,586,7,9,1,0.82,2025-08-02
CR0002040,C000685,751,3,9,2,0.75,2026-09-05
CR0002041,C000767,743,4,8,0,0.54,2026-07-01
CR0002042,C000638,876,1,6,2,0.28,2025-06-01
CR0002043,C000597,460,15,5,4,0.71,2026-03-27
CR0002044,C000689,863,6,1,5,0.59,2025-08-10
CR0002045,C000971,530,3,7,5,0.19,2026-07-29
CR0002046,C000646,805,3,8,0,0.19,2026-08-30
CR0002047,C000329,886,2,6,1,0.36,2026-06-15
CR0002048,C000870,348,5,9,3,0.1,2024-12-02
CR0002049,C000128,740,12,6,3,0.41,2026-06-18
CR0002050,C000272,639,14,2,3,0.83,2025-01-18
CR0002051,C000408,866,11,4,2,0.93,2026-03-12
CR0002052,C000709,800,5,9,5,0.61,2025-04-06
CR0002053,C000336,682,1,7,5,0.05,2025-10-14
CR0002054,C000245,859,7,4,0,0.43,2024-11-06
CR0002055,C000560,807,6,6,0,0.2,2025-06-16
CR0002056,C000590,858,1,10,5,0.88,2025-08-08
CR0002057,C000123,878,14,2,4,0.09,2025-12-27
CR0002058,C000947,490,13,1,2,0.75,2026-04-05
CR0002059,C000289,606,15,3,4,0.08,2026-06-09
CR0002060,C000702,565,9,9,0,0.58,2025-11-15
CR0002061,C000052,477,15,2,2,0.91,2026-04-12
CR0002062,C000669,553,4,2,0,0.91,2025-05-27
CR0002063,C000806,550,6,1,0,0.19,2025-09-03
CR0002064,C000349,683,15,10,2,0.36,2026-03-09
CR0002065,C000904,360,2,9,5,0.25,2024-10-07
CR0002066,C000932,645,5,5,5,0.66,2026-04-30
CR0002067,C000794,334,4,6,4,0.5,2024-10-26
CR0002068,C000343,867,13,8,2,0.68,2026-01-27
CR0002069,C000322,513,10,3,1,0.22,2026-01-27
CR0002070,C000846,466,5,3,3,0.88,2025-02-05
CR0002071,C000298,736,3,0,4,0.07,2026-01-18
CR0002072,C000944,877,12,8,5,0.26,2025-08-26
CR0002073,C000803,429,14,4,2,0.13,2026-05-23
CR0002074,C000185,893,1,7,2,0.73,2026-01-26
CR0002075,C000292,702,6,9,4,0.6,2024-12-30
CR0002076,C000580,357,2,2,1,0.92,2024-09-18
CR0002077,C000886,711,4,1,3,0.46,2025-07-24
CR0002078,C000132,680,5,2,0,0.87,2025-02-18
CR0002079,C000702,693,3,9,2,0.63,2026-01-17
CR0002080,C000501,879,4,7,2,0.61,2025-05-11
CR0002081,C000315,400,10,2,1,0.41,2025-05-17
CR0002082,C000501,377,12,3,0,0.48,2025-12-07
CR0002083,C000196,537,12,6,1,0.9,2024-11-18
CR0002084,C000910,580,8,5,1,0.65,2024-12-11
CR0002085,C000700,820,11,6,2,0.39,2025-01-16
CR0002086,C000145,445,12,0,4,0.43,2025-03-28
CR0002087,C000312,759,13,3,0,0.05,2025-10-22
CR0002088,C000488,462,11,8,2,0.33,2026-03-24
CR0002089,C000847,440,5,0,1,0.2,2026-05-05
CR0002090,C000690,408,2,5,5,0.26,2026-06-23
CR0002091,C000856,639,6,0,2,0.13,2026-02-02
CR0002092,C000128,514,12,2,0,0.57,2026-05-01
CR0002093,C000881,407,5,3,5,0.81,2024-12-26
CR0002094,C000074,829,14,7,3,0.88,2026-07-05
CR0002095,C000918,772,11,2,2,0.47,2025-12-21
CR0002096,C000004,429,6,4,1,0.19,2026-03-02
CR0002097,C000724,395,9,8,1,0.69,2025-07-31
CR0002098,C000881,560,11,10,2,0.68,2026-05-24
CR0002099,C000173,852,13,1,4,0.21,2026-09-15
CR0002100,C000249,307,5,8,3,0.49,2025-05-22
CR0002101,C000879,741,8,10,3,0.8,2025-09-01
CR0002102,C000745,503,4,3,1,0.58,2025-09-22
CR0002103,C000795,871,7,5,0,0.37,2026-07-26
CR0002104,C000650,358,3,5,3,0.69,2026-04-10
CR0002105,C000904,596,7,4,0,0.85,2024-12-28
CR0002106,C000337,641,11,8,2,0.71,2025-04-06
CR0002107,C000272,843,4,8,1,0.93,2025-01-28
CR0002108,C000665,628,12,6,5,0.76,2026-03-03
CR0002109,C000336,438,7,2,0,0.72,2025-12-20
CR0002110,C000363,572,7,7,1,0.64,2026-06-20
CR0002111,C000216,472,6,4,1,0.83,2025-05-28
CR0002112,C000950,626,12,5,0,0.76,2026-05-30
CR0002113,C000522,701,3,8,1,0.21,2025-04-22
CR0002114,C000401,658,1,1,4,0.22,2025-02-17
CR0002115,C000481,715,3,4,3,0.2,2024-11-20
CR0002116,C000764,721,4,9,2,0.84,2025-08-03
CR0002117,C000536,313,2,2,1,0.27,2025-06-28
CR0002118,C000933,580,2,4,4,0.57,2025-02-04
CR0002119,C000226,311,13,0,4,0.68,2025-07-18
CR0002120,C000794,727,7,2,5,0.45,2026-07-28
CR0002121,C000205,437,7,6,0,0.29,2025-07-06
CR0002122,C000171,650,14,0,4,0.38,2026-06-26
CR0002123,C000305,498,3,1,3,0.8,2026-08-03
CR0002124,C000057,340,1,3,4,0.12,2025-12-03
CR0002125,C000539,386,10,3,1,0.38,2025-03-09
CR0002126,C000656,505,9,9,1,0.17,2024-10-02
CR0002127,C000910,605,14,7,0,0.13,2024-10-03
CR0002128,C000831,527,7,0,5,0.09,2026-09-03
CR0002129,C000762,321,15,8,1,0.47,2025-11-23
CR0002130,C000340,338,6,6,2,0.41,2026-01-31
CR0002131,C000047,728,14,0,3,0.93,2026-01-04
CR0002132,C000639,432,7,4,1,0.69,2026-01-15
CR0002133,C000275,662,1,0,4,0.34,2025-03-12
CR0002134,C000088,774,3,3,2,0.43,2026-08-21
CR0002135,C000445,755,14,6,5,0.18,2024-11-24
CR0002136,C000748,528,11,1,1,0.93,2025-09-10
CR0002137,C000792,502,13,6,0,0.06,2025-02-16
CR0002138,C000141,565,5,1,3,0.32,2025-04-07
CR0002139,C000653,504,12,1,3,0.36,2026-03-14
CR0002140,C000905,594,2,3,3,0.21,2026-07-09
CR0002141,C000150,781,11,6,4,0.38,2025-01-25
CR0002142,C000683,730,15,0,3,0.82,2024-10-24
CR0002143,C000463,513,13,4,4,0.31,2025-07-24
CR0002144,C000540,346,14,4,3,0.78,2026-01-09
CR0002145,C000340,784,6,5,0,0.51,2025-08-15
CR0002146,C000968,751,1,1,3,0.61,2025-12-26
CR0002147,C000655,878,4,2,2,0.68,2025-04-06
CR0002148,C000225,342,15,2,2,0.55,2025-01-09
CR0002149,C000959,755,5,4,2,0.12,2024-11-24
CR0002150,C000949,808,3,3,2,0.36,2025-06-28
CR0002151,C000117,643,13,3,4,0.79,2025-01-26
CR0002152,C000913,886,5,7,4,0.73,2025-11-30
CR0002153,C000427,311,3,5,2,0.75,2024-12-16
CR0002154,C000519,678,12,3,3,0.81,2024-09-26
CR0002155,C000814,440,7,8,4,0.09,2026-03-28
CR0002156,C000192,778,3,3,4,0.44,2025-10-29
CR0002157,C000891,572,2,10,0,0.93,2025-08-19
CR0002158,C000844,303,10,5,1,0.5,2026-05-09
CR0002159,C000741,645,11,5,3,0.72,2026-08-31
CR0002160,C000904,574,3,1,3,0.7,2026-09-07
CR0002161,C000090,540,6,9,4,0.06,2025-09-03
CR0002162,C000081,333,10,3,3,0.53,2026-06-20
CR0002163,C000990,568,11,6,0,0.32,2026-02-21
CR0002164,C000996,720,12,1,2,0.25,2025-10-04
CR0002165,C000540,817,15,8,2,0.3,2024-12-17
CR0002166,C000958,768,1,6,5,0.39,2025-03-09
CR0002167,C000169,855,13,7,5,0.92,2026-03-24
CR0002168,C000791,659,15,6,2,0.86,2025-02-20
CR0002169,C000203,778,3,10,3,0.73,2025-02-11
CR0002170,C000696,713,9,1,2,0.64,2026-07-17
CR0002171,C000615,389,9,5,4,0.72,2026-06-09
CR0002172,C000796,884,1,0,1,0.46,2026-05-16
CR0002173,C000370,470,10,1,0,0.75,2025-04-10
CR0002174,C000920,615,6,0,5,0.46,2025-04-27
CR0002175,C000267,875,7,0,2,0.93,2026-04-18
CR0002176,C000692,672,7,6,0,0.35,2025-10-04
CR0002177,C000188,337,4,3,3,0.29,2025-07-09
CR0002178,C000323,735,10,8,1,0.24,2024-12-26
CR0002179,C000722,705,8,10,3,0.65,2025-08-17
CR0002180,C000975,322,14,6,3,0.68,2026-07-13
CR0002181,C000599,423,9,2,1,0.71,2025-02-23
CR0002182,C000079,730,7,7,4,0.63,2025-12-26
CR0002183,C000538,383,10,0,4,0.46,2025-03-02
CR0002184,C000336,819,7,5,1,0.5,2026-06-18
CR0002185,C000938,637,11,9,0,0.4,2025-04-23
CR0002186,C000511,510,10,6,1,0.32,2026-04-03
CR0002187,C000124,473,12,8,5,0.61,2026-02-23
CR0002188,C000860,815,13,7,3,0.07,2025-02-10
CR0002189,C000672,622,13,10,2,0.81,2025-08-06
CR0002190,C000873,609,10,2,1,0.8,2025-02-03
CR0002191,C000364,766,1,4,5,0.82,2025-07-30
CR0002192,C000177,732,13,1,4,0.83,2026-05-24
CR0002193,C000291,753,1,6,3,0.24,2025-01-07
CR0002194,C000045,362,13,1,3,0.74,2024-10-08
CR0002195,C000005,891,15,10,0,0.48,2025-04-29
CR0002196,C000074,894,10,2,4,0.81,2025-04-07
CR0002197,C000481,382,11,9,4,0.89,2025-03-17
CR0002198,C000901,802,2,8,1,0.43,2026-01-08
CR0002199,C000512,630,15,3,1,0.47,2025-09-01
CR0002200,C000541,768,12,0,4,0.43,2026-08-21
CR0002201,C000482,615,10,4,1,0.41,2025-03-27
CR0002202,C000364,598,3,0,1,0.7,2025-06-30
CR0002203,C000109,848,11,10,1,0.93,2025-12-12
CR0002204,C000541,389,11,3,2,0.32,2026-03-01
CR0002205,C000603,319,2,4,2,0.75,2026-01-31
CR0002206,C000981,728,8,0,3,0.59,2025-09-06
CR0002207,C000701,365,10,5,4,0.45,2024-11-21
CR0002208,C000105,302,6,4,4,0.53,2024-09-24
CR0002209,C000231,578,4,8,4,0.72,2025-09-15
CR0002210,C000717,584,11,3,0,0.68,2024-12-28
CR0002211,C000384,377,8,8,0,0.42,2026-07-24
CR0002212,C000917,814,14,0,3,0.62,2025-05-25
CR0002213,C000410,577,11,3,5,0.15,2026-03-08
CR0002214,C000805,840,10,0,0,0.39,2025-07-21
CR0002215,C000603,558,15,9,5,0.64,2026-03-03
CR0002216,C000636,823,2,5,0,0.23,2025-02-27
CR0002217,C000026,759,13,0,0,0.48,2026-03-24
CR0002218,C000216,459,7,10,2,0.09,2025-07-10
CR0002219,C000367,349,4,0,4,0.62,2026-03-20
CR0002220,C000049,332,9,10,0,0.46,2025-08-10
CR0002221,C000305,711,3,8,1,0.59,2026-04-10
CR0002222,C000822,724,9,2,5,0.83,2025-12-23
CR0002223,C000444,603,14,4,4,0.34,2025-04-03
CR0002224,C000629,330,11,0,3,0.18,2024-11-11
CR0002225,C000626,819,11,9,2,0.91,2024-11-29
CR0002226,C000362,488,11,10,3,0.62,2025-11-22
CR0002227,C000237,390,2,6,4,0.05,2024-10-31
CR0002228,C000144,415,12,9,3,0.82,2024-10-26
CR0002229,C000392,475,13,7,3,0.4,2025-06-01
CR0002230,C000289,315,9,0,4,0.17,2026-09-09
CR0002231,C000632,317,4,9,0,0.46,2025-03-17
CR0002232,C000140,479,15,6,1,0.66,2025-09-16
CR0002233,C000156,570,5,4,1,0.34,2026-08-22
CR0002234,C000925,690,11,10,1,0.63,2025-06-18
CR0002235,C000394,642,9,10,3,0.86,2025-12-30
CR0002236,C000503,383,3,0,5,0.72,2026-09-15
CR0002237,C000668,446,5,2,5,0.84,2026-02-19
CR0002238,C000567,520,7,9,0,0.58,2026-06-01
CR0002239,C000965,459,4,7,2,0.27,2025-12-24
CR0002240,C000792,487,9,4,4,0.46,2026-03-21
CR0002241,C000752,360,4,9,3,0.63,2026-04-20
CR0002242,C000687,759,1,2,2,0.27,2026-06-07
CR0002243,C000123,625,3,4,0,0.37,2024-10-21
CR0002244,C000374,527,12,6,2,0.5,2024-09-20
CR0002245,C000853,381,12,8,3,0.76,2025-04-01
CR0002246,C000423,585,11,0,1,0.84,2025-10-12
CR0002247,C000709,578,14,8,4,0.18,2026-01-10
CR0002248,C000916,660,14,9,3,0.95,2025-07-08
CR0002249,C000073,554,9,5,2,0.9,2025-05-08
CR0002250,C000144,709,7,2,1,0.91,2025-07-19
CR0002251,C000942,536,7,0,3,0.41,2026-02-19
CR0002252,C000295,774,10,9,4,0.42,2025-07-01
CR0002253,C000182,899,2,2,2,0.57,2024-12-27
CR0002254,C000810,880,14,7,5,0.86,2026-08-10
CR0002255,C000730,438,12,0,2,0.22,2025-11-24
CR0002256,C000138,837,7,2,1,0.92,2024-10-17
CR0002257,C000449,877,10,2,0,0.4,2025-12-10
CR0002258,C000366,707,2,7,4,0.58,2025-02-02
CR0002259,C000811,481,4,5,3,0.6,2025-04-06
CR0002260,C000986,458,10,9,5,0.54,2025-01-25
CR0002261,C000558,520,6,8,5,0.48,2025-10-12
CR0002262,C000141,709,9,8,3,0.69,2025-10-03
CR0002263,C000787,761,10,2,2,0.87,2026-09-08
CR0002264,C000953,744,1,4,0,0.27,2025-06-06
CR0002265,C000840,837,3,0,4,0.9,2026-07-29
CR0002266,C000384,557,15,9,1,0.14,2025-09-14
CR0002267,C000975,504,10,8,5,0.22,2024-12-27
CR0002268,C000297,386,3,2,3,0.06,2024-11-24
CR0002269,C000724,304,15,1,2,0.32,2025-05-20
CR0002270,C000046,777,15,6,1,0.81,2026-03-21
CR0002271,C000826,368,13,4,5,0.64,2025-11-01
CR0002272,C000786,532,14,0,2,0.71,2025-08-18
CR0002273,C000525,877,2,3,2,0.16,2025-01-04
CR0002274,C000520,509,9,9,3,0.34,2025-04-06
CR0002275,C000347,856,8,2,0,0.58,2024-12-15
CR0002276,C000109,853,7,10,2,0.8,2025-05-17
CR0002277,C000488,692,5,2,5,0.76,2024-10-20
CR0002278,C000932,438,5,0,2,0.61,2024-12-24
CR0002279,C000387,454,1,8,1,0.26,2025-10-08
CR0002280,C000286,537,1,9,3,0.94,2026-07-25
CR0002281,C000821,738,10,1,4,0.9,2026-06-26
CR0002282,C000877,872,15,9,3,0.16,2025-04-22
CR0002283,C000047,882,14,8,0,0.63,2026-04-19
CR0002284,C000499,678,7,8,1,0.84,2025-06-23
CR0002285,C000175,387,8,10,2,0.27,2026-09-05
CR0002286,C000643,302,8,9,3,0.42,2025-08-16
CR0002287,C000340,838,7,9,2,0.93,2025-04-23
CR0002288,C000843,456,13,10,5,0.63,2026-08-18
CR0002289,C000479,597,14,0,2,0.27,2026-07-29
CR0002290,C000260,614,8,4,0,0.69,2025-04-08
CR0002291,C000290,625,4,1,5,0.22,2026-01-05
CR0002292,C000271,623,14,6,0,0.06,2026-06-22
CR0002293,C000137,808,8,7,1,0.63,2026-04-30
CR0002294,C000350,375,8,5,0,0.25,2026-09-05
CR0002295,C000564,388,13,9,5,0.21,2025-04-08
CR0002296,C000715,346,3,5,4,0.72,2025-10-22
CR0002297,C000918,897,10,1,4,0.23,2025-05-17
CR0002298,C000478,795,4,3,3,0.09,2025-08-20
CR0002299,C000641,605,12,2,2,0.82,2026-08-10
CR0002300,C000636,617,5,7,2,0.54,2025-01-22
CR0002301,C000181,300,13,4,3,0.44,2025-05-19
CR0002302,C000210,754,12,8,3,0.83,2026-04-11
CR0002303,C000414,530,6,1,0,0.67,2025-10-02
CR0002304,C000321,781,7,5,0,0.75,2026-05-02
CR0002305,C000154,373,13,7,5,0.08,2025-01-11
CR0002306,C000817,870,14,5,0,0.48,2025-11-21
CR0002307,C000995,544,11,2,4,0.58,2026-07-10
CR0002308,C000467,380,5,5,3,0.22,2026-09-02
CR0002309,C000521,561,1,9,0,0.55,2026-02-08
CR0002310,C000352,662,9,0,2,0.36,2026-01-23
CR0002311,C000687,380,12,1,2,0.86,2026-05-28
CR0002312,C000265,762,5,4,5,0.77,2025-08-23
CR0002313,C000348,701,11,5,1,0.59,2024-10-27
CR0002314,C000318,419,15,6,0,0.63,2025-02-09
CR0002315,C000479,784,1,0,2,0.06,2025-01-09
CR0002316,C000472,551,15,0,5,0.33,2024-10-28
CR0002317,C000820,619,2,8,2,0.94,2025-03-13
CR0002318,C000550,554,10,8,1,0.21,2025-02-05
CR0002319,C000017,852,1,10,1,0.58,2024-10-13
CR0002320,C000687,703,13,2,5,0.71,2025-09-16
CR0002321,C000312,544,9,5,4,0.55,2025-04-06
CR0002322,C000014,585,11,0,5,0.45,2025-01-21
CR0002323,C000023,853,1,2,3,0.34,2026-03-18
CR0002324,C000251,646,2,6,2,0.67,2025-09-13
CR0002325,C000509,511,14,3,5,0.26,2025-08-20
CR0002326,C000335,727,3,3,0,0.89,2024-12-15
CR0002327,C000259,779,5,4,0,0.5,2026-08-12
CR0002328,C000862,819,15,0,3,0.49,2026-09-06
CR0002329,C000458,817,12,9,4,0.48,2025-10-05
CR0002330,C000736,343,10,2,0,0.93,2024-10-17
CR0002331,C000834,420,10,9,0,0.54,2025-08-24
CR0002332,C000732,588,14,3,0,0.13,2025-06-19
CR0002333,C000796,448,13,6,3,0.14,2026-03-20
CR0002334,C000078,643,9,4,4,0.35,2025-11-25
CR0002335,C000379,348,6,2,3,0.27,2025-09-27
CR0002336,C000780,422,2,9,5,0.41,2025-09-06
CR0002337,C000535,602,8,10,5,0.94,2025-10-03
CR0002338,C000703,450,1,5,1,0.59,2024-12-12
CR0002339,C000782,781,11,0,3,0.48,2026-07-04
CR0002340,C000405,579,6,4,2,0.48,2026-03-29
CR0002341,C000292,358,14,8,5,0.85,2026-07-21
CR0002342,C000353,440,15,10,1,0.12,2025-01-08
CR0002343,C000511,365,5,6,5,0.12,2024-12-21
CR0002344,C000011,886,6,3,4,0.3,2025-06-14
CR0002345,C000986,797,13,6,3,0.17,2024-11-27
CR0002346,C000067,717,3,3,2,0.68,2025-02-21
CR0002347,C000995,890,7,0,2,0.26,2026-07-22
CR0002348,C000101,313,3,6,0,0.72,2025-04-24
CR0002349,C000347,608,1,2,2,0.49,2025-02-03
CR0002350,C000747,868,15,7,0,0.24,2026-06-26
CR0002351,C000395,697,9,6,0,0.35,2025-01-24
CR0002352,C000047,353,7,3,0,0.41,2026-04-21
CR0002353,C000756,544,7,0,2,0.09,2025-10-16
CR0002354,C000738,843,15,10,0,0.63,2026-06-16
CR0002355,C000975,739,5,0,4,0.54,2025-04-15
CR0002356,C000791,423,1,3,4,0.09,2025-11-27
CR0002357,C000457,421,3,0,5,0.26,2026-08-08
CR0002358,C000319,329,3,5,1,0.07,2026-02-13
CR0002359,C000596,568,6,2,5,0.23,2025-12-14
CR0002360,C000216,771,13,5,4,0.47,2025-02-27
CR0002361,C000129,675,4,1,4,0.63,2025-12-13
CR0002362,C000053,491,7,0,0,0.61,2024-09-19
CR0002363,C000802,846,7,0,1,0.83,2025-10-29
CR0002364,C000172,774,6,7,2,0.65,2026-05-04
CR0002365,C000065,563,13,4,5,0.58,2025-12-03
CR0002366,C000609,440,1,5,2,0.72,2025-02-03
CR0002367,C000221,588,12,4,2,0.25,2025-08-05
CR0002368,C000815,392,2,8,0,0.62,2026-08-31
CR0002369,C000029,423,12,8,4,0.4,2024-11-14
CR0002370,C000430,658,9,3,2,0.85,2025-03-26
CR0002371,C000364,589,13,5,3,0.93,2026-05-05
CR0002372,C000087,460,14,2,4,0.76,2025-10-07
CR0002373,C000663,679,3,1,3,0.6,2026-02-23
CR0002374,C000174,353,6,6,3,0.06,2024-11-28
CR0002375,C000145,718,2,6,1,0.33,2026-08-06
CR0002376,C000375,733,1,7,0,0.32,2025-05-29
CR0002377,C000249,457,13,6,3,0.06,2024-10-06
CR0002378,C000597,501,6,1,2,0.5,2025-04-24
CR0002379,C000932,327,2,5,1,0.66,2026-02-27
CR0002380,C000728,369,8,3,5,0.7,2026-02-26
CR0002381,C000878,392,7,7,0,0.33,2024-12-19
CR0002382,C000454,355,6,8,3,0.56,2025-07-19
CR0002383,C000730,682,3,2,2,0.32,2025-07-03
CR0002384,C000688,514,4,9,2,0.33,2025-12-18
CR0002385,C000288,880,5,0,5,0.39,2026-09-07
CR0002386,C000950,570,12,5,1,0.14,2024-12-07
CR0002387,C000342,627,12,7,4,0.1,2026-06-28
CR0002388,C000128,771,2,9,5,0.12,2025-05-25
CR0002389,C000278,837,11,9,4,0.41,2025-01-13
CR0002390,C000557,607,14,6,4,0.24,2024-10-08
CR0002391,C000939,638,7,1,4,0.26,2024-11-17
CR0002392,C000363,630,12,9,3,0.29,2025-09-08
CR0002393,C000343,872,8,6,4,0.91,2026-06-23
CR0002394,C000848,683,11,7,0,0.74,2026-03-19
CR0002395,C000747,548,12,7,3,0.77,2026-02-10
CR0002396,C000046,390,9,4,1,0.82,2025-09-23
CR0002397,C000077,402,10,2,1,0.07,2025-09-03
CR0002398,C000386,668,7,7,1,0.25,2026-01-17
CR0002399,C000924,447,12,9,5,0.48,2025-04-13
CR0002400,C000925,436,4,9,3,0.31,2025-12-21
CR0002401,C000516,340,3,8,1,0.34,2026-02-09
CR0002402,C000341,467,14,6,3,0.39,2024-09-20
CR0002403,C000307,491,5,2,3,0.48,2025-05-29
CR0002404,C000231,542,10,2,1,0.7,2024-10-20
CR0002405,C000820,646,11,2,0,0.17,2026-02-07
CR0002406,C000627,486,1,9,0,0.28,2026-01-12
CR0002407,C000374,300,2,6,4,0.22,2025-09-02
CR0002408,C000597,479,9,4,2,0.17,2025-05-26
CR0002409,C000413,604,8,10,0,0.59,2026-04-07
CR0002410,C000083,837,3,9,0,0.77,2026-04-09
CR0002411,C000043,794,6,5,0,0.35,2026-08-21
CR0002412,C000761,575,12,5,1,0.86,2026-05-28
CR0002413,C000581,358,15,7,2,0.44,2025-12-02
CR0002414,C000535,371,4,8,1,0.16,2024-12-25
CR0002415,C000267,303,12,6,2,0.94,2025-02-27
CR0002416,C000655,518,11,2,1,0.75,2026-07-18
CR0002417,C000615,742,11,2,1,0.49,2024-10-23
CR0002418,C000552,778,8,3,1,0.9,2026-05-31
CR0002419,C000693,724,15,8,5,0.91,2026-01-28
CR0002420,C000396,707,7,4,5,0.48,2025-04-23
CR0002421,C000847,753,1,3,4,0.38,2025-05-25
CR0002422,C000890,543,7,0,2,0.6,2026-05-28
CR0002423,C000974,473,10,8,2,0.17,2024-10-29
CR0002424,C000255,594,2,0,5,0.48,2026-04-16
CR0002425,C000608,604,12,0,1,0.86,2024-11-09
CR0002426,C000428,576,1,10,5,0.83,2025-11-14
CR0002427,C000368,784,13,5,4,0.2,2025-12-27
CR0002428,C000543,764,7,2,2,0.56,2025-07-09
CR0002429,C000158,302,14,6,1,0.06,2024-11-26
CR0002430,C000241,340,4,6,1,0.77,2025-07-22
CR0002431,C000082,665,11,6,2,0.9,2025-04-02
CR0002432,C000595,372,5,9,3,0.29,2025-02-01
CR0002433,C000813,797,11,9,1,0.14,2025-03-21
CR0002434,C000573,522,10,9,5,0.49,2026-05-07
CR0002435,C000918,888,14,8,5,0.3,2026-07-20
CR0002436,C000117,379,5,9,5,0.51,2025-07-22
CR0002437,C000764,335,10,9,2,0.78,2024-11-24
CR0002438,C000998,314,14,4,4,0.68,2024-10-01
CR0002439,C000410,512,3,6,3,0.32,2026-07-10
CR0002440,C000045,430,3,3,4,0.28,2025-02-24
CR0002441,C000317,690,2,2,0,0.19,2025-01-20
CR0002442,C000301,861,10,8,5,0.12,2025-07-14
CR0002443,C000674,406,6,9,2,0.56,2026-05-14
CR0002444,C000618,647,4,4,0,0.05,2025-07-25
CR0002445,C000800,374,3,10,3,0.44,2025-04-25
CR0002446,C000680,467,3,3,4,0.92,2026-01-31
CR0002447,C000161,611,8,4,1,0.79,2026-04-23
CR0002448,C000427,465,6,6,5,0.46,2026-02-06
CR0002449,C000351,816,12,7,0,0.81,2025-01-13
CR0002450,C000330,813,9,2,1,0.23,2024-12-18
CR0002451,C000811,838,11,8,5,0.48,2025-05-05
CR0002452,C000736,637,11,8,2,0.11,2025-10-02
CR0002453,C000334,834,1,6,5,0.12,2026-05-31
CR0002454,C000153,504,12,4,4,0.63,2025-08-17
CR0002455,C000999,710,5,7,5,0.93,2026-04-10
CR0002456,C000060,849,14,4,3,0.07,2026-06-04
CR0002457,C000819,632,9,6,5,0.45,2026-09-01
CR0002458,C000337,575,10,6,1,0.85,2025-05-14
CR0002459,C000666,854,4,0,4,0.82,2026-08-18
CR0002460,C000559,755,3,3,3,0.77,2026-03-02
CR0002461,C000875,351,14,8,0,0.57,2025-12-28
CR0002462,C000537,444,7,1,3,0.41,2024-12-26
CR0002463,C000602,307,2,6,2,0.37,2025-06-21
CR0002464,C000779,626,12,7,5,0.51,2026-02-14
CR0002465,C000421,584,6,7,5,0.88,2024-11-29
CR0002466,C000989,708,6,5,2,0.85,2026-06-24
CR0002467,C000569,660,2,2,2,0.47,2025-06-28
CR0002468,C000123,581,1,0,0,0.4,2025-10-19
CR0002469,C000066,757,6,8,3,0.78,2025-02-18
CR0002470,C000007,435,5,10,0,0.37,2025-10-01
CR0002471,C000368,724,7,5,2,0.34,2025-08-27
CR0002472,C000140,457,3,4,2,0.28,2026-08-04
CR0002473,C000798,824,10,9,3,0.89,2025-07-14
CR0002474,C000492,305,3,3,1,0.53,2025-09-21
CR0002475,C000977,847,7,0,4,0.75,2025-04-12
CR0002476,C000645,625,14,7,0,0.71,2025-11-27
CR0002477,C000082,763,1,3,3,0.22,2025-12-26
CR0002478,C000932,605,13,4,1,0.87,2025-08-10
CR0002479,C000452,824,11,6,0,0.21,2024-11-25
CR0002480,C000866,640,12,0,4,0.6,2026-04-26
CR0002481,C000543,847,4,0,4,0.75,2025-08-10
CR0002482,C000903,584,12,1,1,0.29,2026-06-07
CR0002483,C000794,892,1,9,3,0.62,2025-06-29
CR0002484,C000059,787,10,7,4,0.84,2026-01-05
CR0002485,C000788,438,14,4,2,0.94,2025-02-07
CR0002486,C000662,868,5,1,1,0.38,2025-08-19
CR0002487,C000700,576,9,0,2,0.34,2026-01-18
CR0002488,C000781,343,8,3,2,0.73,2025-08-12
CR0002489,C000406,686,13,7,2,0.94,2024-11-27
CR0002490,C000408,314,10,5,3,0.63,2024-10-17
CR0002491,C000055,528,10,4,5,0.07,2025-10-19
CR0002492,C000473,644,10,10,4,0.09,2025-06-08
CR0002493,C000309,742,1,2,5,0.61,2025-09-11
CR0002494,C000379,576,3,10,0,0.77,2026-02-23
CR0002495,C000233,392,6,8,4,0.93,2025-03-09
CR0002496,C000274,443,6,8,2,0.6,2026-02-01
CR0002497,C000776,317,8,3,2,0.19,2026-03-03
CR0002498,C000765,532,2,9,5,0.45,2026-03-24
CR0002499,C000771,770,8,4,4,0.44,2025-01-14
CR0002500,C000070,671,10,5,0,0.64,2026-09-08
CR0002501,C000611,368,9,6,5,0.29,2025-10-05
CR0002502,C000981,835,12,2,1,0.05,2025-10-30
CR0002503,C000603,834,13,2,4,0.34,2026-01-17
CR0002504,C000891,832,14,6,5,0.51,2026-01-31
CR0002505,C000933,583,2,9,3,0.19,2025-10-28
CR0002506,C000201,525,3,6,0,0.71,2024-11-20
CR0002507,C000980,669,12,8,3,0.69,2025-04-29
CR0002508,C000023,586,3,7,3,0.8,2025-09-14
CR0002509,C000210,599,15,8,1,0.14,2025-08-21
CR0002510,C000667,754,4,0,3,0.41,2024-11-16
CR0002511,C000389,518,11,10,5,0.13,2026-08-21
CR0002512,C000077,394,13,8,0,0.47,2026-05-31
CR0002513,C000775,812,3,4,1,0.85,2025-09-21
CR0002514,C000870,670,14,5,4,0.33,2025-05-07
CR0002515,C000620,861,10,0,3,0.89,2025-01-09
CR0002516,C000514,541,3,7,5,0.18,2024-12-24
CR0002517,C000583,785,2,7,4,0.5,2026-03-01
CR0002518,C000150,893,1,2,1,0.26,2026-08-18
CR0002519,C000619,886,1,0,5,0.78,2025-05-07
CR0002520,C000882,738,6,4,5,0.54,2026-07-01
CR0002521,C000847,758,1,10,4,0.3,2025-03-28
CR0002522,C000042,777,8,9,2,0.68,2025-10-27
CR0002523,C000041,372,11,7,3,0.5,2025-08-14
CR0002524,C000015,621,4,9,4,0.12,2025-05-03
CR0002525,C000382,857,9,9,5,0.09,2025-12-01
CR0002526,C000885,763,12,3,3,0.51,2024-10-23
CR0002527,C000961,661,10,1,2,0.49,2025-11-17
CR0002528,C000056,359,9,9,2,0.38,2024-11-14
CR0002529,C000817,699,3,6,4,0.24,2026-08-29
CR0002530,C000565,569,9,8,3,0.42,2024-10-21
CR0002531,C000467,837,1,2,0,0.67,2025-10-19
CR0002532,C000212,708,2,2,1,0.58,2024-12-08
CR0002533,C000519,411,3,1,5,0.76,2025-10-17
CR0002534,C000039,328,11,5,5,0.13,2025-08-12
CR0002535,C000512,859,2,2,4,0.63,2025-08-02
CR0002536,C000748,852,9,10,3,0.81,2024-11-28
CR0002537,C000828,400,9,2,0,0.63,2025-09-11
CR0002538,C000736,800,1,6,3,0.69,2026-02-11
CR0002539,C000624,337,14,1,0,0.46,2026-03-29
CR0002540,C000312,435,4,7,1,0.58,2025-12-01
CR0002541,C000019,447,7,8,4,0.85,2026-06-09
CR0002542,C000170,529,5,8,5,0.89,2025-03-31
CR0002543,C000315,747,11,4,4,0.86,2025-06-19
CR0002544,C000228,347,4,5,0,0.43,2025-04-01
CR0002545,C000625,635,8,8,4,0.42,2025-12-14
CR0002546,C000101,831,13,3,1,0.35,2024-11-18
CR0002547,C000253,756,1,7,3,0.26,2026-05-06
CR0002548,C000123,403,13,2,5,0.86,2025-10-12
CR0002549,C000735,523,2,5,2,0.36,2024-09-28
CR0002550,C000137,343,11,5,3,0.66,2024-12-13
CR0002551,C000086,333,6,2,5,0.13,2026-04-14
CR0002552,C000978,789,10,9,5,0.84,2026-02-11
CR0002553,C000179,527,9,4,5,0.79,2025-09-10
CR0002554,C000428,569,1,4,2,0.93,2025-02-02
CR0002555,C000656,850,4,1,0,0.33,2026-05-19
CR0002556,C000882,615,15,7,0,0.64,2025-02-04
CR0002557,C000941,404,13,2,1,0.93,2026-07-02
CR0002558,C000199,630,14,0,1,0.41,2025-07-18
CR0002559,C000653,754,2,5,5,0.73,2024-10-21
CR0002560,C000996,846,10,1,5,0.08,2024-11-19
CR0002561,C000674,748,15,7,4,0.45,2025-08-05
CR0002562,C001000,354,14,2,1,0.62,2026-07-28
CR0002563,C000079,609,13,10,2,0.37,2026-03-17
CR0002564,C000859,824,5,4,3,0.93,2025-05-05
CR0002565,C000094,888,13,4,0,0.87,2025-05-17
CR0002566,C000174,537,14,6,5,0.82,2025-12-16
CR0002567,C000085,605,14,0,0,0.44,2026-04-01
CR0002568,C000336,437,10,5,3,0.25,2025-09-04
CR0002569,C000733,810,9,10,1,0.83,2026-04-27
CR0002570,C000058,663,10,7,2,0.46,2026-02-18
CR0002571,C000735,464,10,10,1,0.65,2025-08-31
CR0002572,C000253,539,2,8,3,0.92,2026-01-13
CR0002573,C000008,513,12,0,1,0.56,2026-06-05
CR0002574,C000706,390,6,8,2,0.88,2025-04-09
CR0002575,C000847,611,11,2,1,0.25,2025-06-08
CR0002576,C000264,607,2,6,5,0.39,2026-08-30
CR0002577,C000952,863,6,10,5,0.28,2026-07-24
CR0002578,C000571,553,10,6,3,0.07,2026-06-07
CR0002579,C000243,777,15,3,2,0.31,2025-02-08
CR0002580,C000781,693,14,7,5,0.28,2025-02-26
CR0002581,C000323,480,12,1,2,0.72,2025-02-06
CR0002582,C000302,886,6,8,2,0.64,2024-11-15
CR0002583,C000338,798,5,9,0,0.43,2026-04-19
CR0002584,C000545,752,1,5,0,0.9,2025-12-29
CR0002585,C000868,469,2,8,5,0.13,2025-04-05
CR0002586,C000288,878,9,1,5,0.8,2026-07-25
CR0002587,C000024,593,15,1,1,0.76,2026-02-21
CR0002588,C000735,607,14,4,5,0.48,2024-12-07
CR0002589,C000979,359,12,9,2,0.79,2025-08-18
CR0002590,C000543,508,12,7,3,0.31,2025-11-05
CR0002591,C000319,431,10,2,4,0.41,2024-09-29
CR0002592,C000037,547,4,0,1,0.43,2024-09-20
CR0002593,C000200,656,15,0,4,0.7,2025-07-19
CR0002594,C000748,899,7,2,0,0.55,2024-12-15
CR0002595,C000163,493,7,6,3,0.46,2024-09-26
CR0002596,C000600,686,7,6,3,0.91,2025-01-27
CR0002597,C000834,301,3,5,5,0.4,2026-02-07
CR0002598,C000550,546,5,2,0,0.17,2025-09-21
CR0002599,C000572,431,3,10,5,0.93,2025-09-08
CR0002600,C000036,575,10,9,4,0.09,2026-03-07
CR0002601,C000022,513,12,7,3,0.55,2025-07-27
CR0002602,C000262,731,8,5,4,0.72,2026-07-22
CR0002603,C000253,396,8,7,4,0.11,2026-02-08
CR0002604,C000945,453,11,4,2,0.78,2026-04-17
CR0002605,C000686,423,5,4,0,0.61,2025-12-27
CR0002606,C000510,516,4,5,0,0.46,2026-04-02
CR0002607,C000781,704,15,5,3,0.84,2025-09-29
CR0002608,C000422,443,14,6,0,0.15,2025-05-09
CR0002609,C000149,692,4,7,1,0.39,2026-01-09
CR0002610,C000608,368,10,9,2,0.71,2026-06-09
CR0002611,C000050,690,15,9,5,0.35,2026-01-08
CR0002612,C000558,896,13,2,5,0.21,2025-06-23
CR0002613,C000489,749,7,4,0,0.32,2026-03-06
CR0002614,C000389,346,1,3,4,0.34,2026-02-21
CR0002615,C000085,483,12,5,2,0.11,2026-03-06
CR0002616,C000694,513,14,4,2,0.88,2026-02-22
CR0002617,C000891,561,15,8,3,0.48,2025-07-19
CR0002618,C000055,484,9,8,1,0.57,2026-06-02
CR0002619,C000212,607,8,3,1,0.11,2025-05-09
CR0002620,C000940,669,5,6,5,0.72,2024-11-23
CR0002621,C000123,385,6,10,3,0.31,2024-12-22
CR0002622,C000613,502,3,5,0,0.15,2024-12-29
CR0002623,C000193,768,9,8,3,0.58,2024-09-26
CR0002624,C000209,624,4,1,1,0.84,2025-02-11
CR0002625,C000815,308,5,0,4,0.34,2024-12-11
CR0002626,C000004,549,8,7,5,0.44,2026-06-11
CR0002627,C000245,397,9,3,0,0.68,2024-09-28
CR0002628,C000270,682,9,0,0,0.14,2026-03-10
CR0002629,C000863,848,8,3,0,0.33,2025-02-09
CR0002630,C000456,896,2,5,0,0.89,2026-07-15
CR0002631,C000526,556,4,6,3,0.53,2024-10-06
CR0002632,C000380,474,11,1,0,0.49,2025-02-25
CR0002633,C000955,861,2,8,3,0.14,2025-09-24
CR0002634,C000163,715,11,8,2,0.43,2026-02-01
CR0002635,C000683,431,6,7,0,0.42,2025-01-06
CR0002636,C000158,861,11,0,1,0.83,2026-02-02
CR0002637,C000576,892,11,3,1,0.88,2025-03-22
CR0002638,C000265,373,6,4,1,0.69,2025-08-20
CR0002639,C000636,500,1,6,0,0.1,2026-07-02
CR0002640,C000974,499,1,2,4,0.44,2026-01-15
CR0002641,C000481,643,11,5,5,0.07,2026-07-14
CR0002642,C000114,634,15,2,1,0.31,2026-05-22
CR0002643,C000464,397,2,4,1,0.07,2025-11-08
CR0002644,C000615,718,8,0,0,0.33,2025-02-11
CR0002645,C000223,562,6,9,4,0.18,2024-11-21
CR0002646,C000303,397,14,6,3,0.85,2025-05-07
CR0002647,C000843,510,14,8,1,0.17,2026-05-06
CR0002648,C000082,439,5,0,0,0.94,2025-09-10
CR0002649,C000367,537,14,9,1,0.22,2025-01-09
CR0002650,C000197,480,1,5,3,0.18,2025-09-19
CR0002651,C000451,328,2,10,5,0.6,2025-08-09
CR0002652,C000355,347,14,1,0,0.73,2024-10-02
CR0002653,C000061,562,9,4,1,0.25,2024-12-15
CR0002654,C000423,403,4,3,5,0.21,2025-01-23
CR0002655,C000972,485,9,6,0,0.77,2026-08-17
CR0002656,C000238,462,4,9,2,0.35,2025-01-12
CR0002657,C000718,721,11,4,2,0.16,2026-04-12
CR0002658,C000628,611,3,8,3,0.32,2026-03-15
CR0002659,C000766,605,10,7,3,0.76,2025-08-27
CR0002660,C000817,477,5,9,4,0.44,2025-09-27
CR0002661,C000203,497,5,2,5,0.1,2025-09-17
CR0002662,C000687,897,6,3,3,0.73,2024-10-01
CR0002663,C000330,784,11,3,2,0.65,2026-07-15
CR0002664,C000738,863,11,10,2,0.21,2025-08-31
CR0002665,C000141,783,14,3,2,0.41,2025-12-14
CR0002666,C000224,394,6,2,3,0.93,2025-03-23
CR0002667,C000508,713,6,5,4,0.81,2025-02-19
CR0002668,C000876,573,8,6,1,0.38,2025-05-03
CR0002669,C000205,552,14,10,4,0.1,2025-12-02
CR0002670,C000019,726,7,4,0,0.29,2026-06-22
CR0002671,C000355,678,4,3,3,0.81,2026-06-25
CR0002672,C000390,679,3,4,3,0.75,2025-07-17
CR0002673,C000566,577,15,6,3,0.7,2024-10-25
CR0002674,C000200,538,6,3,4,0.57,2025-06-02
CR0002675,C000860,717,3,10,4,0.55,2024-09-22
CR0002676,C000158,647,12,3,1,0.31,2024-12-04
CR0002677,C000498,697,8,9,1,0.32,2026-01-18
CR0002678,C000454,646,8,1,1,0.63,2026-07-06
CR0002679,C000073,728,4,10,4,0.89,2026-03-23
CR0002680,C000341,631,5,3,5,0.31,2025-08-17
CR0002681,C000948,861,6,8,5,0.44,2025-08-04
CR0002682,C000473,891,1,6,0,0.4,2026-07-07
CR0002683,C000743,851,3,4,4,0.47,2025-10-06
CR0002684,C000830,542,10,9,4,0.76,2026-04-11
CR0002685,C000555,379,7,1,2,0.82,2025-12-09
CR0002686,C000287,812,2,1,3,0.86,2025-12-22
CR0002687,C000981,827,11,3,5,0.47,2026-04-06
CR0002688,C000765,329,4,0,3,0.78,2025-11-20
CR0002689,C000091,785,3,6,0,0.47,2025-04-29
CR0002690,C000045,470,13,0,0,0.3,2024-10-14
CR0002691,C000749,733,14,7,4,0.86,2025-09-29
CR0002692,C000053,319,9,2,3,0.71,2025-07-23
CR0002693,C000363,887,4,1,1,0.93,2025-09-28
CR0002694,C000554,592,7,3,4,0.74,2025-10-19
CR0002695,C000964,752,7,2,2,0.63,2025-12-19
CR0002696,C000511,447,12,9,5,0.2,2026-04-01
CR0002697,C000703,603,6,6,1,0.88,2026-01-03
CR0002698,C000040,495,10,1,3,0.17,2026-09-12
CR0002699,C000646,899,14,9,5,0.86,2026-02-25
CR0002700,C000100,311,4,6,4,0.29,2026-08-19
CR0002701,C000759,381,11,1,1,0.63,2026-06-12
CR0002702,C000664,692,12,4,4,0.46,2026-07-21
CR0002703,C000771,719,8,10,0,0.42,2025-09-29
CR0002704,C000244,863,4,3,2,0.25,2025-03-15
CR0002705,C000879,413,1,1,3,0.15,2026-03-24
CR0002706,C000990,658,13,9,0,0.15,2024-11-02
CR0002707,C000029,552,10,9,2,0.71,2025-10-31
CR0002708,C000556,334,13,1,1,0.25,2024-09-30
CR0002709,C000335,578,5,3,3,0.88,2025-08-09
CR0002710,C000728,729,14,7,5,0.77,2025-12-07
CR0002711,C000709,580,9,1,2,0.09,2025-05-19
CR0002712,C000706,876,9,4,0,0.71,2025-11-19
CR0002713,C000260,372,14,6,3,0.59,2024-11-04
CR0002714,C000153,338,2,4,4,0.13,2025-04-12
CR0002715,C000316,710,1,4,4,0.64,2026-08-10
CR0002716,C000845,385,13,0,0,0.81,2026-02-01
CR0002717,C000644,465,15,0,1,0.53,2025-08-06
CR0002718,C000788,727,14,6,0,0.41,2026-08-07
CR0002719,C000007,857,1,1,4,0.59,2025-09-18
CR0002720,C000022,552,5,2,0,0.91,2024-12-15
CR0002721,C000683,505,5,8,5,0.89,2025-10-05
CR0002722,C000377,609,9,4,1,0.95,2026-01-12
CR0002723,C000466,514,6,3,0,0.43,2026-09-15
CR0002724,C000192,789,10,10,0,0.49,2026-01-30
CR0002725,C000829,402,4,8,3,0.1,2025-06-12
CR0002726,C000789,631,13,7,0,0.82,2025-08-30
CR0002727,C000474,388,13,7,0,0.23,2026-03-11
CR0002728,C000548,438,13,1,4,0.66,2025-08-20
CR0002729,C000205,316,3,4,3,0.65,2024-10-02
CR0002730,C000165,304,3,8,4,0.77,2025-01-19
CR0002731,C000683,390,5,1,0,0.17,2025-04-27
CR0002732,C000695,846,8,10,2,0.34,2026-04-03
CR0002733,C000306,796,15,1,4,0.24,2025-02-12
CR0002734,C000930,746,8,8,2,0.49,2025-09-15
CR0002735,C000071,601,14,6,1,0.59,2025-06-10
CR0002736,C000500,544,9,1,0,0.88,2025-08-22
CR0002737,C000748,811,5,9,0,0.64,2025-03-15
CR0002738,C000843,688,2,9,2,0.2,2025-10-15
CR0002739,C000949,455,2,5,2,0.84,2025-03-05
CR0002740,C000189,377,12,3,0,0.88,2025-12-16
CR0002741,C000023,523,6,0,3,0.59,2026-08-23
CR0002742,C000658,743,11,2,3,0.11,2026-03-02
CR0002743,C000398,861,5,5,2,0.2,2025-06-06
CR0002744,C000676,630,3,10,3,0.72,2026-09-01
CR0002745,C000801,376,1,2,5,0.38,2025-12-27
CR0002746,C000213,798,12,1,5,0.47,2026-07-10
CR0002747,C000774,855,10,9,2,0.52,2026-07-02
CR0002748,C000759,667,7,6,4,0.3,2026-03-25
CR0002749,C000833,883,10,3,0,0.08,2026-02-08
CR0002750,C000497,408,10,10,5,0.71,2025-09-14
CR0002751,C000846,743,8,5,5,0.88,2024-12-26
CR0002752,C000487,513,6,5,4,0.32,2026-08-02
CR0002753,C000370,449,14,2,3,0.62,2025-05-01
CR0002754,C000015,388,8,2,3,0.41,2026-03-31
CR0002755,C000266,670,7,5,0,0.28,2026-03-22
CR0002756,C000580,308,8,0,5,0.09,2025-07-16
CR0002757,C000329,601,14,10,2,0.15,2025-08-05
CR0002758,C000909,527,1,6,4,0.63,2026-06-25
CR0002759,C000924,731,14,2,2,0.09,2026-02-20
CR0002760,C000418,824,8,1,0,0.05,2026-02-04
CR0002761,C000705,721,7,8,4,0.1,2026-04-09
CR0002762,C000419,578,13,1,3,0.17,2025-06-22
CR0002763,C000362,444,1,7,3,0.2,2026-05-27
CR0002764,C000416,813,12,1,0,0.37,2025-09-17
CR0002765,C000960,465,3,3,1,0.55,2026-05-30
CR0002766,C000614,485,3,8,1,0.31,2026-07-03
CR0002767,C000235,848,5,7,2,0.83,2025-01-19
CR0002768,C000677,838,4,5,4,0.58,2026-01-11
CR0002769,C000882,604,1,0,2,0.13,2025-02-23
CR0002770,C000946,867,5,7,4,0.77,2025-04-23
CR0002771,C000776,533,6,1,5,0.15,2026-03-06
CR0002772,C000488,552,6,10,0,0.79,2026-04-20
CR0002773,C000437,621,4,5,3,0.88,2024-11-21
CR0002774,C000994,468,13,10,4,0.58,2026-02-16
CR0002775,C000047,307,13,6,2,0.16,2025-09-26
CR0002776,C000863,668,8,8,0,0.59,2024-12-25
CR0002777,C000229,775,9,3,0,0.16,2025-01-28
CR0002778,C000038,853,1,1,0,0.86,2025-02-17
CR0002779,C000874,404,10,4,5,0.9,2025-01-15
CR0002780,C000768,548,5,1,4,0.35,2025-12-30
CR0002781,C000749,429,13,8,0,0.89,2025-10-03
CR0002782,C000159,568,5,7,4,0.42,2024-12-03
CR0002783,C000727,765,5,10,1,0.55,2026-05-25
CR0002784,C000407,479,2,10,4,0.66,2025-08-05
CR0002785,C000905,528,1,6,1,0.73,2025-10-04
CR0002786,C000504,809,15,8,5,0.69,2025-05-09
CR0002787,C000504,325,11,3,3,0.55,2025-03-17
CR0002788,C000795,418,11,2,0,0.25,2025-02-25
CR0002789,C000275,755,5,3,5,0.41,2025-11-22
CR0002790,C000049,889,1,5,2,0.55,2024-10-22
CR0002791,C000273,652,15,7,2,0.58,2024-09-30
CR0002792,C000775,613,12,0,4,0.73,2025-06-21
CR0002793,C000543,491,10,0,3,0.59,2026-08-01
CR0002794,C000162,740,10,10,0,0.67,2025-04-06
CR0002795,C000217,667,15,2,4,0.6,2025-06-20
CR0002796,C000740,856,7,0,3,0.11,2026-02-23
CR0002797,C000383,349,7,5,3,0.46,2025-01-17
CR0002798,C000499,539,8,4,2,0.45,2025-01-29
CR0002799,C000225,344,2,6,2,0.18,2026-06-21
CR0002800,C000791,724,2,3,3,0.65,2026-07-15
CR0002801,C000050,370,5,9,4,0.1,2026-08-11
CR0002802,C000525,666,4,10,0,0.51,2025-10-12
CR0002803,C000567,499,8,6,4,0.6,2024-10-10
CR0002804,C000696,707,5,4,2,0.46,2026-06-04
CR0002805,C000885,810,14,2,2,0.77,2024-11-04
CR0002806,C000441,309,9,4,5,0.22,2025-06-05
CR0002807,C000561,444,15,4,1,0.24,2025-08-16
CR0002808,C000792,824,1,0,2,0.12,2024-12-13
CR0002809,C000670,429,5,1,5,0.35,2026-01-08
CR0002810,C000166,552,14,6,4,0.15,2025-03-11
CR0002811,C000073,847,6,5,3,0.3,2024-12-18
CR0002812,C000174,898,15,0,3,0.21,2025-11-26
CR0002813,C000441,810,10,6,0,0.2,2025-03-09
CR0002814,C000814,468,6,7,0,0.27,2025-09-28
CR0002815,C000724,518,4,10,1,0.61,2025-04-04
CR0002816,C000940,646,11,9,2,0.37,2025-06-07
CR0002817,C000970,527,14,1,2,0.63,2026-05-18
CR0002818,C000555,442,9,6,1,0.09,2025-06-18
CR0002819,C000578,320,15,2,4,0.44,2026-05-06
CR0002820,C000883,488,15,9,4,0.13,2024-10-22
CR0002821,C000253,461,2,7,2,0.91,2026-05-07
CR0002822,C000968,442,14,2,0,0.32,2026-07-29
CR0002823,C000328,717,8,8,1,0.86,2025-11-22
CR0002824,C000463,667,11,3,4,0.21,2025-04-11
CR0002825,C000406,715,7,9,1,0.48,2026-08-13
CR0002826,C000354,305,7,3,1,0.79,2025-01-11
CR0002827,C000064,333,4,1,1,0.58,2026-07-10
CR0002828,C000312,812,1,4,4,0.75,2026-03-06
CR0002829,C000529,666,1,2,1,0.09,2026-07-26
CR0002830,C000111,397,11,9,0,0.15,2025-10-21
CR0002831,C000497,545,11,3,1,0.39,2025-12-29
CR0002832,C000962,531,8,9,3,0.13,2026-02-18
CR0002833,C000643,363,1,0,5,0.07,2024-12-05
CR0002834,C000232,895,11,5,3,0.14,2026-03-18
CR0002835,C000512,449,3,5,3,0.69,2024-10-25
CR0002836,C000401,587,12,7,0,0.51,2026-09-05
CR0002837,C000555,677,6,9,2,0.05,2025-08-22
CR0002838,C000295,760,10,9,1,0.25,2026-05-29
CR0002839,C000120,592,13,5,5,0.77,2025-09-06
CR0002840,C000645,522,3,3,0,0.92,2026-07-01
CR0002841,C000125,779,8,8,0,0.31,2026-04-26
CR0002842,C000646,685,5,7,5,0.31,2024-12-11
CR0002843,C000907,550,8,0,5,0.16,2024-12-07
CR0002844,C000276,602,13,5,1,0.66,2026-05-16
CR0002845,C000626,406,15,1,5,0.46,2026-01-03
CR0002846,C000423,810,7,6,5,0.44,2026-01-02
CR0002847,C000787,359,6,2,5,0.47,2026-05-16
CR0002848,C000092,728,2,2,0,0.76,2026-07-14
CR0002849,C000059,463,9,1,5,0.63,2024-12-04
CR0002850,C000776,788,9,0,3,0.65,2026-06-17
CR0002851,C000486,361,3,2,1,0.11,2025-11-26
CR0002852,C000261,416,7,7,5,0.54,2024-10-18
CR0002853,C000410,752,1,6,5,0.79,2025-10-15
CR0002854,C000538,737,4,5,1,0.17,2024-12-06
CR0002855,C000458,503,11,7,0,0.54,2025-01-23
CR0002856,C000681,899,3,1,1,0.39,2026-01-18
CR0002857,C000240,829,12,4,5,0.51,2024-12-16
CR0002858,C000704,724,4,7,0,0.12,2026-07-24
CR0002859,C000495,455,10,4,1,0.07,2025-02-22
CR0002860,C000309,329,12,3,3,0.8,2026-08-24
CR0002861,C000870,551,10,8,4,0.87,2025-06-23
CR0002862,C000347,452,14,3,5,0.68,2025-01-15
CR0002863,C000198,512,3,4,3,0.36,2026-04-04
CR0002864,C000038,814,14,6,3,0.6,2025-04-30
CR0002865,C000514,429,8,8,5,0.28,2026-03-20
CR0002866,C000879,802,11,8,1,0.77,2025-08-24
CR0002867,C000941,808,7,5,4,0.11,2026-04-30
CR0002868,C000417,649,15,3,4,0.18,2025-10-13
CR0002869,C000972,396,2,4,5,0.83,2025-10-08
CR0002870,C000784,697,13,5,1,0.68,2026-04-07
CR0002871,C000891,702,5,2,3,0.45,2026-07-24
CR0002872,C000228,525,14,5,0,0.77,2024-12-02
CR0002873,C000984,799,3,4,2,0.9,2025-01-13
CR0002874,C000738,525,13,3,3,0.91,2026-01-31
CR0002875,C000974,674,11,6,2,0.89,2025-06-25
CR0002876,C000023,695,10,7,3,0.28,2025-06-02
CR0002877,C000265,751,9,4,4,0.43,2026-06-14
CR0002878,C000216,468,5,9,2,0.69,2025-01-01
CR0002879,C000982,423,1,4,3,0.61,2024-12-20
CR0002880,C000372,622,1,6,4,0.17,2026-07-07
CR0002881,C000104,881,7,5,3,0.53,2025-02-19
CR0002882,C000075,641,14,1,1,0.79,2025-08-23
CR0002883,C000916,355,14,6,1,0.73,2025-08-04
CR0002884,C000430,727,12,7,1,0.59,2026-05-06
CR0002885,C000913,536,12,5,5,0.07,2026-05-06
CR0002886,C000903,751,10,3,2,0.67,2024-09-21
CR0002887,C000205,575,14,2,0,0.17,2025-03-25
CR0002888,C000780,412,5,6,5,0.38,2026-06-26
CR0002889,C000370,304,3,2,1,0.31,2026-06-06
CR0002890,C000028,805,8,8,5,0.89,2025-09-18
CR0002891,C000145,306,5,5,3,0.7,2025-06-08
CR0002892,C000663,774,14,2,2,0.15,2025-04-26
CR0002893,C000052,832,5,10,0,0.46,2025-10-13
CR0002894,C000171,508,4,10,4,0.53,2025-01-27
CR0002895,C000175,395,5,7,4,0.66,2024-11-21
CR0002896,C000209,447,13,3,1,0.45,2025-04-10
CR0002897,C000284,459,12,0,4,0.68,2025-07-02
CR0002898,C000783,576,6,1,5,0.88,2026-03-25
CR0002899,C000511,799,7,7,0,0.41,2026-04-25
CR0002900,C000818,716,11,3,5,0.18,2025-08-04
CR0002901,C000985,832,7,3,0,0.15,2025-06-23
CR0002902,C000420,441,15,2,0,0.79,2026-01-17
CR0002903,C000878,350,15,10,4,0.31,2026-02-14
CR0002904,C000494,574,3,6,2,0.75,2025-03-25
CR0002905,C000156,856,4,3,1,0.43,2025-01-11
CR0002906,C000887,762,11,9,3,0.07,2026-04-24
CR0002907,C000417,821,3,8,4,0.41,2026-04-24
CR0002908,C000980,387,12,3,3,0.06,2025-11-01
CR0002909,C000826,643,11,10,2,0.6,2025-08-09
CR0002910,C000149,592,15,6,4,0.17,2026-05-20
CR0002911,C000589,875,6,6,2,0.56,2025-03-12
CR0002912,C000271,353,2,3,1,0.29,2025-01-01
CR0002913,C000764,678,13,1,4,0.89,2026-05-31
CR0002914,C000628,683,1,10,0,0.12,2025-08-15
CR0002915,C000134,639,5,6,0,0.48,2025-08-03
CR0002916,C000349,843,12,10,0,0.54,2026-08-30
CR0002917,C000520,349,4,8,5,0.51,2025-07-30
CR0002918,C000615,336,5,4,5,0.11,2026-08-14
CR0002919,C000810,588,1,4,1,0.11,2025-09-07
CR0002920,C000513,715,7,8,2,0.12,2026-07-10
CR0002921,C000753,518,14,5,1,0.52,2025-10-21
CR0002922,C000882,405,5,8,5,0.25,2026-05-26
CR0002923,C000302,617,8,5,2,0.51,2026-02-27
CR0002924,C000422,501,1,9,5,0.06,2025-06-23
CR0002925,C000044,712,9,5,3,0.3,2024-10-09
CR0002926,C000860,412,8,7,4,0.29,2025-08-25
CR0002927,C000472,393,15,9,0,0.19,2025-01-07
CR0002928,C000083,773,13,10,0,0.41,2026-05-07
CR0002929,C000485,839,12,8,5,0.68,2024-09-23
CR0002930,C000233,795,12,1,3,0.13,2026-03-27
CR0002931,C000079,674,9,6,3,0.93,2026-06-04
CR0002932,C000271,829,7,1,0,0.56,2025-10-22
CR0002933,C000757,781,14,6,3,0.37,2024-11-09
CR0002934,C000383,833,4,10,1,0.19,2024-11-20
CR0002935,C000512,367,8,0,5,0.34,2025-06-05
CR0002936,C000883,328,6,8,1,0.39,2025-05-18
CR0002937,C000929,561,6,10,4,0.11,2025-07-24
CR0002938,C000127,656,7,5,3,0.69,2026-05-08
CR0002939,C000357,858,6,3,2,0.91,2025-01-21
CR0002940,C000919,553,10,10,4,0.74,2025-08-19
CR0002941,C000194,821,3,4,1,0.4,2024-11-02
CR0002942,C000157,445,2,7,5,0.48,2025-07-18
CR0002943,C000932,872,1,1,5,0.35,2026-04-28
CR0002944,C000676,574,15,6,3,0.54,2024-10-14
CR0002945,C000682,513,1,3,0,0.19,2026-02-10
CR0002946,C000447,827,6,3,1,0.86,2026-09-02
CR0002947,C000382,773,3,7,3,0.44,2026-01-27
CR0002948,C000420,873,13,10,1,0.28,2025-01-11
CR0002949,C000063,371,11,5,5,0.69,2026-08-18
CR0002950,C000687,468,6,2,4,0.38,2025-12-06
CR0002951,C000946,607,7,1,1,0.05,2024-10-30
CR0002952,C000959,857,8,3,0,0.53,2026-01-19
CR0002953,C000331,877,15,7,1,0.85,2026-03-24
CR0002954,C000531,308,11,7,1,0.55,2026-05-29
CR0002955,C000377,470,8,7,3,0.46,2026-02-10
CR0002956,C000114,418,2,8,2,0.18,2026-07-28
CR0002957,C000941,431,12,7,5,0.5,2025-10-24
CR0002958,C000952,699,4,0,4,0.11,2025-05-03
CR0002959,C000518,753,15,1,1,0.12,2025-08-07
CR0002960,C000823,444,12,4,1,0.22,2025-07-25
CR0002961,C000760,597,8,3,5,0.92,2026-08-05
CR0002962,C000517,657,12,10,3,0.81,2026-02-26
CR0002963,C000951,757,8,1,4,0.8,2026-03-14
CR0002964,C000058,737,15,1,5,0.57,2025-11-20
CR0002965,C000742,786,2,6,2,0.69,2026-07-26
CR0002966,C000247,744,6,6,3,0.74,2025-05-10
CR0002967,C000832,716,5,0,4,0.6,2026-03-30
CR0002968,C000546,686,9,3,1,0.31,2026-04-15
CR0002969,C000393,572,1,0,4,0.69,2025-05-17
CR0002970,C000608,455,3,4,1,0.94,2026-08-23
CR0002971,C000124,688,11,5,1,0.75,2025-06-10
CR0002972,C000352,505,12,2,1,0.8,2024-09-22
CR0002973,C000402,893,2,4,1,0.94,2026-06-20
CR0002974,C000311,313,8,0,2,0.67,2025-04-21
CR0002975,C000939,789,11,3,3,0.1,2026-08-16
CR0002976,C000837,416,6,7,5,0.58,2025-10-30
CR0002977,C000696,384,15,5,0,0.72,2026-01-03
CR0002978,C000115,398,1,1,3,0.69,2026-08-31
CR0002979,C000733,455,7,0,0,0.5,2025-01-08
CR0002980,C000533,437,7,5,4,0.56,2026-03-13
CR0002981,C000864,513,11,4,3,0.87,2025-07-26
CR0002982,C000505,766,14,8,1,0.25,2025-08-28
CR0002983,C000522,595,9,8,5,0.24,2026-01-29
CR0002984,C000493,803,15,1,4,0.22,2025-02-22
CR0002985,C000804,590,10,6,3,0.56,2026-08-06
CR0002986,C000859,558,7,3,5,0.5,2025-11-12
CR0002987,C000926,723,11,6,2,0.66,2026-01-13
CR0002988,C000910,545,13,2,0,0.84,2026-05-21
CR0002989,C000443,393,8,2,5,0.42,2026-01-09
CR0002990,C000962,673,3,8,1,0.33,2026-02-04
CR0002991,C000012,851,6,4,4,0.86,2025-08-25
CR0002992,C000189,810,11,2,2,0.05,2026-03-11
CR0002993,C000709,335,12,10,5,0.18,2025-06-11
CR0002994,C000529,859,7,10,0,0.13,2026-08-06
CR0002995,C000343,686,13,0,2,0.13,2026-06-08
CR0002996,C000409,324,9,5,2,0.24,2026-05-16
CR0002997,C000432,446,8,1,3,0.91,2026-02-01
CR0002998,C000713,507,12,0,5,0.68,2025-07-27
CR0002999,C000994,502,4,5,3,0.81,2026-05-11
CR0003000,C000365,522,7,9,5,0.74,2025-02-16
