interaction_id,customer_id,interaction_date,channel,interaction_type,interaction_outcome
I0000001,C000990,2026-03-20,SMS,GENERAL_QUERY,ESCALATED
I0000002,C000576,2025-12-26,CALL,COLLECTION,RESOLVED
I0000003,C000152,2025-02-23,EMAIL,PAYMENT_REMINDER,ESCALATED
I0000004,C000068,2026-07-21,APP,GENERAL_QUERY,RESOLVED
I0000005,C000671,2025-02-21,BRANCH,LOAN_QUERY,PENDING
I0000006,C000016,2026-03-31,APP,COLLECTION,RESOLVED
I0000007,C000135,2025-03-18,APP,COMPLAINT,ESCALATED
I0000008,C000132,2025-06-09,SMS,LOAN_QUERY,PENDING
I0000009,C000077,2026-03-29,CALL,COLLECTION,RESOLVED
I0000010,C000854,2025-08-06,SMS,COMPLAINT,PENDING
I0000011,C000729,2024-12-27,APP,PAYMENT_REMINDER,RESOLVED
I0000012,C000889,2025-02-18,APP,COLLECTION,ESCALATED
I0000013,C000058,2024-10-29,SMS,PAYMENT_REMINDER,RESOLVED
I0000014,C000313,2026-09-10,CALL,GENERAL_QUERY,PENDING
I0000015,C000619,2025-02-10,SMS,GENERAL_QUERY,PENDING
I0000016,C000248,2025-12-29,BRANCH,LOAN_QUERY,PENDING
I0000017,C000759,2025-09-14,SMS,PAYMENT_REMINDER,ESCALATED
I0000018,C000011,2025-05-07,EMAIL,GENERAL_QUERY,RESOLVED
I0000019,C000542,2025-04-08,SMS,GENERAL_QUERY,RESOLVED
I0000020,C000790,2026-07-08,EMAIL,LOAN_QUERY,PENDING
I0000021,C000140,2024-10-02,CALL,LOAN_QUERY,PENDING
I0000022,C000240,2025-10-11,CALL,GENERAL_QUERY,ESCALATED
I0000023,C000539,2026-08-22,EMAIL,PAYMENT_REMINDER,ESCALATED
I0000024,C000538,2025-10-14,EMAIL,PAYMENT_REMINDER,RESOLVED
I0000025,C000152,2026-08-16,SMS,COLLECTION,RESOLVED
I0000026,C000767,2024-10-27,EMAIL,COLLECTION,ESCALATED
I0000027,C000213,2026-04-30,BRANCH,COLLECTION,ESCALATED
I0000028,C000850,2026-05-06,SMS,PAYMENT_REMINDER,ESCALATED
I0000029,C000271,2026-06-30,BRANCH,LOAN_QUERY,ESCALATED
I0000030,C000881,2025-08-17,SMS,COMPLAINT,RESOLVED
I0000031,C000619,2025-09-29,SMS,PAYMENT_REMINDER,PENDING
I0000032,C000940,2024-10-19,SMS,COLLECTION,ESCALATED
I0000033,C000356,2025-10-13,BRANCH,LOAN_QUERY,RESOLVED
I0000034,C000213,2026-03-29,SMS,COLLECTION,RESOLVED
I0000035,C000022,2025-12-30,APP,COLLECTION,ESCALATED
I0000036,C000066,2025-11-23,APP,COMPLAINT,PENDING
I0000037,C000247,2025-09-26,EMAIL,LOAN_QUERY,ESCALATED
I0000038,C000345,2024-10-19,EMAIL,COLLECTION,PENDING
I0000039,C000773,2025-12-23,BRANCH,PAYMENT_REMINDER,RESOLVED
I0000040,C000855,2025-01-24,SMS,COLLECTION,ESCALATED
I0000041,C000090,2024-10-17,SMS,COMPLAINT,ESCALATED
I0000042,C000766,2026-02-25,SMS,COMPLAINT,PENDING
I0000043,C000622,2026-03-25,EMAIL,LOAN_QUERY,RESOLVED
I0000044,C000236,2024-12-16,SMS,COMPLAINT,ESCALATED
I0000045,C000794,2025-12-25,APP,GENERAL_QUERY,RESOLVED
I0000046,C000688,2026-03-13,APP,PAYMENT_REMINDER,RESOLVED
I0000047,C000633,2026-01-06,APP,COLLECTION,ESCALATED
I0000048,C000665,2024-11-26,APP,GENERAL_QUERY,PENDING
I0000049,C000339,2025-11-10,EMAIL,LOAN_QUERY,ESCALATED
I0000050,C000968,2026-06-29,SMS,LOAN_QUERY,PENDING
I0000051,C000110,2026-03-31,CALL,GENERAL_QUERY,ESCALATED
I0000052,C000444,2026-06-16,EMAIL,LOAN_QUERY,RESOLVED
I0000053,C000546,2026-03-08,CALL,PAYMENT_REMINDER,ESCALATED
I0000054,C000694,2026-01-17,CALL,GENERAL_QUERY,RESOLVED
I0000055,C000083,2026-08-04,APP,COMPLAINT,PENDING
I0000056,C000880,2025-04-23,BRANCH,GENERAL_QUERY,RESOLVED
I0000057,C000423,2026-07-20,EMAIL,COLLECTION,PENDING
I0000058,C000766,2025-03-07,CALL,GENERAL_QUERY,PENDING
I0000059,C000940,2024-11-16,EMAIL,PAYMENT_REMINDER,PENDING
I0000060,C000906,2024-11-26,BRANCH,GENERAL_QUERY,PENDING
I0000061,C000009,2025-02-18,APP,GENERAL_QUERY,RESOLVED
I0000062,C000324,2026-02-26,BRANCH,COMPLAINT,PENDING
I0000063,C000129,2026-07-12,CALL,LOAN_QUERY,ESCALATED
I0000064,C000251,2026-08-24,CALL,LOAN_QUERY,PENDING
I0000065,C000344,2025-01-06,BRANCH,LOAN_QUERY,ESCALATED
I0000066,C000158,2026-06-07,BRANCH,PAYMENT_REMINDER,RESOLVED
I0000067,C000761,2025-07-15,BRANCH,COLLECTION,PENDING
I0000068,C000050,2025-07-07,CALL,GENERAL_QUERY,PENDING
I0000069,C000162,2024-12-02,APP,COMPLAINT,RESOLVED
I0000070,C000606,2024-11-29,SMS,LOAN_QUERY,RESOLVED
I0000071,C000428,2025-06-03,APP,COLLECTION,PENDING
I0000072,C000929,2025-11-07,SMS,COLLECTION,PENDING
I0000073,C000993,2025-04-18,EMAIL,LOAN_QUERY,ESCALATED
I0000074,C000187,2025-11-19,APP,GENERAL_QUERY,PENDING
I0000075,C000869,2025-06-05,CALL,GENERAL_QUERY,RESOLVED
I0000076,C000387,2025-11-25,BRANCH,COMPLAINT,PENDING
I0000077,C000347,2024-10-22,CALL,PAYMENT_REMINDER,RESOLVED
I0000078,C000166,2025-06-09,SMS,PAYMENT_REMINDER,RESOLVED
I0000079,C000066,2025-01-20,SMS,COLLECTION,ESCALATED
I0000080,C000648,2026-05-30,EMAIL,COLLECTION,PENDING
I0000081,C000822,2025-07-23,CALL,LOAN_QUERY,PENDING
I0000082,C000027,2025-03-22,CALL,GENERAL_QUERY,RESOLVED
I0000083,C000582,2025-02-07,APP,COLLECTION,PENDING
I0000084,C000054,2026-02-09,APP,GENERAL_QUERY,PENDING
I0000085,C000829,2024-12-17,SMS,PAYMENT_REMINDER,RESOLVED
I0000086,C000138,2024-12-11,APP,GENERAL_QUERY,RESOLVED
I0000087,C000213,2025-12-21,BRANCH,COMPLAINT,ESCALATED
I0000088,C000368,2026-02-07,SMS,PAYMENT_REMINDER,ESCALATED
I0000089,C000067,2025-07-26,BRANCH,PAYMENT_REMINDER,ESCALATED
I0000090,C000151,2024-10-11,EMAIL,COMPLAINT,RESOLVED
I0000091,C000950,2025-05-03,SMS,GENERAL_QUERY,RESOLVED
I0000092,C000763,2025-09-04,CALL,COMPLAINT,PENDING
I0000093,C000959,2026-05-29,SMS,LOAN_QUERY,PENDING
I0000094,C000644,2026-03-01,CALL,LOAN_QUERY,PENDING
I0000095,C000603,2026-02-20,APP,LOAN_QUERY,RESOLVED
I0000096,C000793,2025-01-17,CALL,COMPLAINT,ESCALATED
I0000097,C000470,2025-01-07,CALL,PAYMENT_REMINDER,RESOLVED
I0000098,C000272,2024-09-30,CALL,COLLECTION,ESCALATED
I0000099,C000773,2025-05-17,EMAIL,COLLECTION,PENDING
I0000100,C000400,2025-03-10,EMAIL,PAYMENT_REMINDER,RESOLVED
I0000101,C000680,2025-12-26,BRANCH,COLLECTION,PENDING
I0000102,C000228,2026-08-19,CALL,COMPLAINT,RESOLVED
I0000103,C000426,2025-09-16,EMAIL,LOAN_QUERY,PENDING
I0000104,C000397,2026-02-24,SMS,PAYMENT_REMINDER,ESCALATED
I0000105,C000017,2024-09-21,APP,GENERAL_QUERY,RESOLVED
I0000106,C000354,2025-09-20,BRANCH,PAYMENT_REMINDER,ESCALATED
I0000107,C000796,2025-09-21,EMAIL,GENERAL_QUERY,PENDING
I0000108,C000374,2025-04-15,BRANCH,GENERAL_QUERY,RESOLVED
I0000109,C000006,2025-06-25,APP,PAYMENT_REMINDER,PENDING
I0000110,C000265,2026-03-22,CALL,GENERAL_QUERY,RESOLVED
I0000111,C000659,2025-04-20,SMS,PAYMENT_REMINDER,ESCALATED
I0000112,C000202,2025-05-04,BRANCH,COMPLAINT,RESOLVED
I0000113,C000509,2025-09-24,SMS,PAYMENT_REMINDER,RESOLVED
I0000114,C000594,2026-04-03,APP,LOAN_QUERY,RESOLVED
I0000115,C000613,2026-03-12,APP,COMPLAINT,RESOLVED
I0000116,C000281,2026-05-22,CALL,COMPLAINT,ESCALATED
I0000117,C000911,2024-10-30,SMS,PAYMENT_REMINDER,PENDING
I0000118,C000210,2026-07-18,APP,PAYMENT_REMINDER,PENDING
I0000119,C000598,2025-11-03,EMAIL,COLLECTION,ESCALATED
I0000120,C000001,2026-02-25,EMAIL,COMPLAINT,RESOLVED
I0000121,C000740,2026-08-09,CALL,GENERAL_QUERY,RESOLVED
I0000122,C000425,2026-02-25,EMAIL,COMPLAINT,PENDING
I0000123,C000793,2026-05-09,CALL,COMPLAINT,ESCALATED
I0000124,C000730,2024-12-31,SMS,LOAN_QUERY,RESOLVED
I0000125,C000760,2026-08-30,SMS,PAYMENT_REMINDER,RESOLVED
I0000126,C000551,2026-01-26,EMAIL,COMPLAINT,RESOLVED
I0000127,C000925,2026-08-12,SMS,COLLECTION,RESOLVED
I0000128,C000833,2025-02-15,EMAIL,GENERAL_QUERY,ESCALATED
I0000129,C000183,2024-11-17,APP,COLLECTION,RESOLVED
I0000130,C000480,2025-08-26,BRANCH,COMPLAINT,ESCALATED
I0000131,C000827,2026-04-22,EMAIL,COMPLAINT,ESCALATED
I0000132,C000317,2024-11-04,EMAIL,GENERAL_QUERY,RESOLVED
I0000133,C000732,2025-04-28,APP,LOAN_QUERY,ESCALATED
I0000134,C000855,2025-07-16,APP,GENERAL_QUERY,ESCALATED
I0000135,C000722,2026-04-18,APP,COMPLAINT,PENDING
I0000136,C000136,2024-11-12,CALL,GENERAL_QUERY,ESCALATED
I0000137,C000443,2026-06-17,SMS,COMPLAINT,PENDING
I0000138,C000363,2026-01-08,APP,COMPLAINT,PENDING
I0000139,C000598,2025-12-04,CALL,COLLECTION,RESOLVED
I0000140,C000839,2025-06-06,CALL,COLLECTION,PENDING
I0000141,C000302,2026-04-05,BRANCH,COLLECTION,ESCALATED
I0000142,C000660,2025-03-24,APP,GENERAL_QUERY,PENDING
I0000143,C000149,2025-12-07,APP,PAYMENT_REMINDER,RESOLVED
I0000144,C000526,2025-04-15,EMAIL,COLLECTION,ESCALATED
I0000145,C000460,2025-08-09,SMS,COMPLAINT,ESCALATED
I0000146,C000945,2026-07-28,APP,COMPLAINT,ESCALATED
I0000147,C000815,2026-05-24,EMAIL,PAYMENT_REMINDER,PENDING
I0000148,C000268,2025-09-28,APP,COMPLAINT,PENDING
I0000149,C000843,2026-06-02,BRANCH,COLLECTION,PENDING
I0000150,C000754,2025-07-13,SMS,COLLECTION,ESCALATED
I0000151,C000953,2025-07-30,CALL,LOAN_QUERY,RESOLVED
I0000152,C000735,2024-12-27,CALL,GENERAL_QUERY,PENDING
I0000153,C000221,2026-07-25,CALL,COMPLAINT,ESCALATED
I0000154,C000420,2025-07-29,BRANCH,COMPLAINT,ESCALATED
I0000155,C000840,2025-02-02,CALL,LOAN_QUERY,ESCALATED
I0000156,C000556,2025-03-27,BRANCH,PAYMENT_REMINDER,RESOLVED
I0000157,C000201,2025-05-27,CALL,COLLECTION,RESOLVED
I0000158,C000778,2026-03-16,BRANCH,GENERAL_QUERY,ESCALATED
I0000159,C000492,2026-04-28,CALL,PAYMENT_REMINDER,ESCALATED
I0000160,C000176,2025-12-07,CALL,COLLECTION,ESCALATED
I0000161,C000469,2025-07-04,APP,COLLECTION,RESOLVED
I0000162,C000498,2026-09-02,EMAIL,GENERAL_QUERY,ESCALATED
I0000163,C000659,2024-09-18,CALL,PAYMENT_REMINDER,RESOLVED
I0000164,C000629,2025-06-25,CALL,COMPLAINT,PENDING
I0000165,C000223,2025-03-15,CALL,COLLECTION,ESCALATED
I0000166,C000732,2024-09-26,SMS,COMPLAINT,ESCALATED
I0000167,C000187,2025-01-01,SMS,COMPLAINT,PENDING
I0000168,C000991,2026-04-20,EMAIL,LOAN_QUERY,PENDING
I0000169,C000787,2025-07-11,BRANCH,GENERAL_QUERY,RESOLVED
I0000170,C000614,2024-11-12,CALL,PAYMENT_REMINDER,ESCALATED
I0000171,C000407,2026-04-13,SMS,PAYMENT_REMINDER,RESOLVED
I0000172,C000722,2025-11-05,CALL,COLLECTION,PENDING
I0000173,C000143,2025-05-07,SMS,LOAN_QUERY,PENDING
I0000174,C000519,2024-09-28,SMS,COLLECTION,ESCALATED
I0000175,C000925,2024-12-25,EMAIL,PAYMENT_REMINDER,PENDING
I0000176,C000374,2025-07-03,SMS,COMPLAINT,RESOLVED
I0000177,C000399,2025-09-28,SMS,GENERAL_QUERY,RESOLVED
I0000178,C000728,2026-06-09,CALL,PAYMENT_REMINDER,RESOLVED
I0000179,C000427,2025-11-21,APP,COLLECTION,ESCALATED
I0000180,C000007,2026-08-21,APP,GENERAL_QUERY,ESCALATED
I0000181,C000569,2025-08-30,BRANCH,COMPLAINT,ESCALATED
I0000182,C000822,2024-09-20,CALL,COMPLAINT,RESOLVED
I0000183,C000218,2025-03-02,BRANCH,GENERAL_QUERY,RESOLVED
I0000184,C000350,2026-08-21,EMAIL,LOAN_QUERY,ESCALATED
I0000185,C000181,2025-07-14,SMS,COMPLAINT,PENDING
I0000186,C000808,2025-10-22,APP,LOAN_QUERY,RESOLVED
I0000187,C000884,2025-07-24,SMS,COLLECTION,RESOLVED
I0000188,C000880,2024-10-23,SMS,COMPLAINT,ESCALATED
I0000189,C000019,2025-05-30,APP,PAYMENT_REMINDER,ESCALATED
I0000190,C000255,2026-09-06,CALL,GENERAL_QUERY,RESOLVED
I0000191,C000429,2026-06-09,EMAIL,GENERAL_QUERY,PENDING
I0000192,C000680,2024-10-26,CALL,COLLECTION,ESCALATED
I0000193,C000732,2025-07-18,APP,PAYMENT_REMINDER,RESOLVED
I0000194,C000501,2025-03-18,BRANCH,GENERAL_QUERY,PENDING
I0000195,C000475,2024-10-18,EMAIL,PAYMENT_REMINDER,RESOLVED
I0000196,C000163,2025-07-20,CALL,LOAN_QUERY,PENDING
I0000197,C000900,2025-07-20,EMAIL,GENERAL_QUERY,ESCALATED
I0000198,C000782,2025-03-20,SMS,COLLECTION,RESOLVED
I0000199,C000006,2025-08-19,EMAIL,COMPLAINT,ESCALATED
I0000200,C000542,2026-06-22,SMS,PAYMENT_REMINDER,ESCALATED
I0000201,C000842,2024-09-22,SMS,PAYMENT_REMINDER,ESCALATED
I0000202,C000425,2025-07-01,SMS,COLLECTION,PENDING
I0000203,C000457,2024-10-20,CALL,PAYMENT_REMINDER,PENDING
I0000204,C000990,2024-12-25,SMS,GENERAL_QUERY,PENDING
I0000205,C000459,2026-04-06,EMAIL,LOAN_QUERY,ESCALATED
I0000206,C000291,2025-11-02,BRANCH,COLLECTION,ESCALATED
I0000207,C000728,2026-08-06,APP,PAYMENT_REMINDER,RESOLVED
I0000208,C000304,2026-01-26,APP,COLLECTION,RESOLVED
I0000209,C000834,2024-11-23,CALL,PAYMENT_REMINDER,PENDING
I0000210,C000901,2026-01-31,BRANCH,PAYMENT_REMINDER,PENDING
I0000211,C000588,2026-01-20,APP,COMPLAINT,PENDING
I0000212,C000636,2025-08-15,APP,GENERAL_QUERY,RESOLVED
I0000213,C000865,2025-04-10,SMS,LOAN_QUERY,PENDING
I0000214,C000898,2026-06-28,EMAIL,GENERAL_QUERY,PENDING
I0000215,C000858,2024-09-22,BRANCH,COLLECTION,ESCALATED
I0000216,C000411,2026-01-13,BRANCH,GENERAL_QUERY,ESCALATED
I0000217,C000082,2025-11-13,EMAIL,LOAN_QUERY,PENDING
I0000218,C000494,2025-12-16,SMS,COLLECTION,PENDING
I0000219,C000633,2024-12-18,BRANCH,PAYMENT_REMINDER,PENDING
I0000220,C000496,2024-09-24,CALL,LOAN_QUERY,ESCALATED
I0000221,C000509,2026-07-15,BRANCH,LOAN_QUERY,PENDING
I0000222,C000384,2025-03-03,EMAIL,LOAN_QUERY,ESCALATED
I0000223,C000623,2025-12-15,CALL,COMPLAINT,PENDING
I0000224,C000551,2024-10-20,CALL,LOAN_QUERY,RESOLVED
I0000225,C000049,2025-12-20,BRANCH,GENERAL_QUERY,RESOLVED
I0000226,C000260,2024-12-16,APP,GENERAL_QUERY,ESCALATED
I0000227,C000722,2025-01-22,BRANCH,COLLECTION,ESCALATED
I0000228,C000153,2024-10-31,EMAIL,GENERAL_QUERY,RESOLVED
I0000229,C000558,2026-06-03,SMS,LOAN_QUERY,ESCALATED
I0000230,C000027,2026-04-14,APP,PAYMENT_REMINDER,ESCALATED
I0000231,C000212,2025-03-19,SMS,LOAN_QUERY,PENDING
I0000232,C000601,2026-01-25,APP,COMPLAINT,ESCALATED
I0000233,C000576,2024-10-08,SMS,COMPLAINT,PENDING
I0000234,C000618,2025-01-05,CALL,GENERAL_QUERY,ESCALATED
I0000235,C000751,2025-06-26,APP,COLLECTION,PENDING
I0000236,C000037,2024-12-30,APP,COLLECTION,ESCALATED
I0000237,C000474,2024-10-04,EMAIL,LOAN_QUERY,RESOLVED
I0000238,C000312,2026-01-01,APP,PAYMENT_REMINDER,ESCALATED
I0000239,C000756,2025-04-07,EMAIL,LOAN_QUERY,ESCALATED
I0000240,C000101,2025-06-06,CALL,COMPLAINT,PENDING
I0000241,C000898,2025-01-16,EMAIL,PAYMENT_REMINDER,PENDING
I0000242,C000264,2026-03-04,APP,COMPLAINT,RESOLVED
I0000243,C000698,2025-02-18,SMS,COLLECTION,PENDING
I0000244,C000238,2026-05-05,BRANCH,COMPLAINT,PENDING
I0000245,C000961,2025-09-08,CALL,COMPLAINT,PENDING
I0000246,C000682,2026-04-26,BRANCH,LOAN_QUERY,PENDING
I0000247,C000989,2025-07-01,CALL,COMPLAINT,ESCALATED
I0000248,C000534,2025-12-01,SMS,PAYMENT_REMINDER,PENDING
I0000249,C000181,2025-09-14,EMAIL,PAYMENT_REMINDER,PENDING
I0000250,C000647,2026-03-10,BRANCH,COMPLAINT,RESOLVED
I0000251,C000193,2025-12-24,BRANCH,PAYMENT_REMINDER,RESOLVED
I0000252,C000028,2025-06-27,CALL,LOAN_QUERY,RESOLVED
I0000253,C000263,2025-03-14,BRANCH,COLLECTION,RESOLVED
I0000254,C000817,2026-07-14,SMS,GENERAL_QUERY,PENDING
I0000255,C000214,2024-12-12,EMAIL,PAYMENT_REMINDER,RESOLVED
I0000256,C000001,2025-12-06,CALL,GENERAL_QUERY,ESCALATED
I0000257,C000122,2026-02-02,BRANCH,PAYMENT_REMINDER,PENDING
I0000258,C000717,2026-06-18,APP,PAYMENT_REMINDER,ESCALATED
I0000259,C000150,2025-02-07,APP,COMPLAINT,PENDING
I0000260,C000158,2025-07-17,APP,PAYMENT_REMINDER,RESOLVED
I0000261,C000394,2024-10-18,APP,COLLECTION,RESOLVED
I0000262,C000847,2024-10-24,BRANCH,PAYMENT_REMINDER,ESCALATED
I0000263,C000035,2026-01-13,APP,COLLECTION,RESOLVED
I0000264,C000926,2026-03-26,BRANCH,LOAN_QUERY,PENDING
I0000265,C000772,2025-11-04,EMAIL,PAYMENT_REMINDER,PENDING
I0000266,C000339,2025-08-16,SMS,LOAN_QUERY,RESOLVED
I0000267,C000624,2024-10-19,APP,GENERAL_QUERY,PENDING
I0000268,C000146,2024-12-28,EMAIL,LOAN_QUERY,PENDING
I0000269,C000217,2026-07-18,APP,GENERAL_QUERY,PENDING
I0000270,C000805,2025-09-10,BRANCH,LOAN_QUERY,PENDING
I0000271,C000108,2025-06-13,APP,COMPLAINT,ESCALATED
I0000272,C000099,2026-08-29,BRANCH,PAYMENT_REMINDER,RESOLVED
I0000273,C000800,2026-06-10,SMS,PAYMENT_REMINDER,RESOLVED
I0000274,C000780,2025-10-03,APP,COMPLAINT,ESCALATED
I0000275,C000522,2026-09-11,SMS,COMPLAINT,ESCALATED
I0000276,C000869,2025-05-03,CALL,COMPLAINT,ESCALATED
I0000277,C000847,2026-02-11,BRANCH,COMPLAINT,RESOLVED
I0000278,C000059,2025-05-23,BRANCH,GENERAL_QUERY,ESCALATED
I0000279,C000392,2025-04-04,EMAIL,PAYMENT_REMINDER,RESOLVED
I0000280,C000001,2026-06-08,BRANCH,PAYMENT_REMINDER,ESCALATED
I0000281,C000545,2025-04-16,APP,COMPLAINT,RESOLVED
I0000282,C000084,2026-01-18,BRANCH,PAYMENT_REMINDER,PENDING
I0000283,C000124,2025-12-18,CALL,COLLECTION,PENDING
I0000284,C000231,2024-12-31,BRANCH,PAYMENT_REMINDER,ESCALATED
I0000285,C000387,2024-10-20,APP,GENERAL_QUERY,ESCALATED
I0000286,C000820,2025-05-21,EMAIL,GENERAL_QUERY,RESOLVED
I0000287,C000765,2025-04-26,CALL,PAYMENT_REMINDER,PENDING
I0000288,C000894,2026-04-19,SMS,COLLECTION,ESCALATED
I0000289,C000045,2025-11-22,SMS,COMPLAINT,PENDING
I0000290,C000324,2025-12-29,CALL,LOAN_QUERY,RESOLVED
I0000291,C000050,2025-04-22,EMAIL,COMPLAINT,ESCALATED
I0000292,C000724,2026-03-08,CALL,COLLECTION,ESCALATED
I0000293,C000482,2025-04-25,BRANCH,LOAN_QUERY,PENDING
I0000294,C000321,2026-09-05,APP,PAYMENT_REMINDER,RESOLVED
I0000295,C000087,2025-05-29,CALL,PAYMENT_REMINDER,PENDING
I0000296,C000756,2025-03-09,EMAIL,GENERAL_QUERY,RESOLVED
I0000297,C000333,2025-10-20,SMS,GENERAL_QUERY,ESCALATED
I0000298,C000853,2024-11-25,CALL,COMPLAINT,RESOLVED
I0000299,C000103,2024-12-21,APP,LOAN_QUERY,RESOLVED
I0000300,C000669,2025-11-22,SMS,COLLECTION,RESOLVED
I0000301,C000838,2024-09-28,APP,GENERAL_QUERY,ESCALATED
I0000302,C000201,2026-01-18,BRANCH,LOAN_QUERY,PENDING
I0000303,C000967,2025-11-25,CALL,COMPLAINT,PENDING
I0000304,C000421,2024-12-18,BRANCH,PAYMENT_REMINDER,RESOLVED
I0000305,C000439,2026-03-27,CALL,PAYMENT_REMINDER,PENDING
I0000306,C000293,2025-11-15,CALL,COLLECTION,PENDING
I0000307,C000580,2025-12-22,APP,PAYMENT_REMINDER,PENDING
I0000308,C000439,2025-07-15,CALL,COLLECTION,ESCALATED
I0000309,C000072,2025-06-13,EMAIL,LOAN_QUERY,ESCALATED
I0000310,C000150,2026-01-17,APP,GENERAL_QUERY,PENDING
I0000311,C000641,2025-06-15,EMAIL,GENERAL_QUERY,PENDING
I0000312,C000978,2025-11-01,CALL,COMPLAINT,PENDING
I0000313,C000033,2025-02-27,CALL,PAYMENT_REMINDER,ESCALATED
I0000314,C000280,2025-04-24,CALL,COLLECTION,PENDING
I0000315,C000599,2026-08-05,APP,COMPLAINT,RESOLVED
I0000316,C000228,2026-06-29,EMAIL,GENERAL_QUERY,PENDING
I0000317,C000785,2026-07-04,EMAIL,GENERAL_QUERY,ESCALATED
I0000318,C000035,2025-04-23,CALL,LOAN_QUERY,PENDING
I0000319,C000900,2026-04-30,CALL,COMPLAINT,RESOLVED
I0000320,C000516,2025-05-30,BRANCH,PAYMENT_REMINDER,ESCALATED
I0000321,C000804,2025-07-22,APP,PAYMENT_REMINDER,RESOLVED
I0000322,C000726,2025-07-28,SMS,PAYMENT_REMINDER,PENDING
I0000323,C000990,2025-01-15,EMAIL,PAYMENT_REMINDER,RESOLVED
I0000324,C000322,2026-07-21,CALL,COLLECTION,RESOLVED
I0000325,C000687,2025-01-24,EMAIL,COLLECTION,PENDING
I0000326,C000799,2025-12-23,EMAIL,PAYMENT_REMINDER,RESOLVED
I0000327,C000903,2026-05-25,BRANCH,PAYMENT_REMINDER,RESOLVED
I0000328,C000950,2026-03-02,EMAIL,COLLECTION,ESCALATED
I0000329,C000992,2025-07-01,BRANCH,COLLECTION,ESCALATED
I0000330,C000895,2025-01-10,SMS,GENERAL_QUERY,RESOLVED
I0000331,C000912,2024-12-20,BRANCH,GENERAL_QUERY,PENDING
I0000332,C000391,2025-10-04,BRANCH,COMPLAINT,ESCALATED
I0000333,C000191,2026-01-07,CALL,PAYMENT_REMINDER,ESCALATED
I0000334,C000581,2025-10-05,APP,COMPLAINT,PENDING
I0000335,C000544,2024-10-26,EMAIL,PAYMENT_REMINDER,PENDING
I0000336,C000850,2025-05-18,EMAIL,COMPLAINT,ESCALATED
I0000337,C000208,2026-03-13,SMS,PAYMENT_REMINDER,RESOLVED
I0000338,C000300,2025-07-29,BRANCH,GENERAL_QUERY,PENDING
I0000339,C000854,2025-07-08,APP,COMPLAINT,ESCALATED
I0000340,C000353,2024-09-25,CALL,LOAN_QUERY,RESOLVED
I0000341,C000935,2025-03-17,CALL,COLLECTION,ESCALATED
I0000342,C000815,2026-06-08,SMS,COMPLAINT,PENDING
I0000343,C000691,2025-07-30,EMAIL,LOAN_QUERY,PENDING
I0000344,C000105,2024-12-04,SMS,COMPLAINT,ESCALATED
I0000345,C000851,2026-06-07,SMS,LOAN_QUERY,RESOLVED
I0000346,C000877,2025-08-08,APP,COMPLAINT,RESOLVED
I0000347,C000638,2026-06-30,SMS,PAYMENT_REMINDER,RESOLVED
I0000348,C000109,2025-01-02,BRANCH,LOAN_QUERY,RESOLVED
I0000349,C000675,2025-05-14,SMS,COMPLAINT,ESCALATED
I0000350,C000693,2025-11-10,BRANCH,PAYMENT_REMINDER,RESOLVED
I0000351,C000206,2025-08-10,EMAIL,LOAN_QUERY,ESCALATED
I0000352,C000184,2024-10-09,EMAIL,PAYMENT_REMINDER,PENDING
I0000353,C000188,2025-08-29,BRANCH,PAYMENT_REMINDER,ESCALATED
I0000354,C000441,2024-09-24,EMAIL,PAYMENT_REMINDER,RESOLVED
I0000355,C000961,2025-05-04,CALL,LOAN_QUERY,PENDING
I0000356,C000603,2025-08-30,EMAIL,LOAN_QUERY,ESCALATED
I0000357,C000203,2026-07-18,BRANCH,GENERAL_QUERY,ESCALATED
I0000358,C000111,2026-01-26,APP,PAYMENT_REMINDER,ESCALATED
I0000359,C000272,2025-01-13,EMAIL,PAYMENT_REMINDER,RESOLVED
I0000360,C000823,2026-04-27,SMS,LOAN_QUERY,ESCALATED
I0000361,C000074,2025-08-09,EMAIL,PAYMENT_REMINDER,RESOLVED
I0000362,C000228,2026-08-17,CALL,PAYMENT_REMINDER,ESCALATED
I0000363,C000096,2026-09-01,APP,PAYMENT_REMINDER,ESCALATED
I0000364,C000878,2025-07-28,APP,LOAN_QUERY,ESCALATED
I0000365,C000696,2024-09-28,CALL,COLLECTION,PENDING
I0000366,C000535,2024-12-26,APP,COLLECTION,RESOLVED
I0000367,C000723,2025-02-15,EMAIL,LOAN_QUERY,RESOLVED
I0000368,C000906,2025-06-17,APP,PAYMENT_REMINDER,RESOLVED
I0000369,C000559,2026-05-30,APP,COLLECTION,RESOLVED
I0000370,C000351,2024-11-03,APP,COLLECTION,PENDING
I0000371,C000479,2025-06-27,CALL,LOAN_QUERY,RESOLVED
I0000372,C000785,2025-10-12,APP,LOAN_QUERY,ESCALATED
I0000373,C000248,2025-06-26,APP,GENERAL_QUERY,ESCALATED
I0000374,C000495,2024-10-07,APP,PAYMENT_REMINDER,ESCALATED
I0000375,C000385,2024-11-10,CALL,COMPLAINT,RESOLVED
I0000376,C000138,2025-07-03,EMAIL,COMPLAINT,ESCALATED
I0000377,C000087,2025-02-17,APP,GENERAL_QUERY,RESOLVED
I0000378,C000790,2026-02-26,APP,LOAN_QUERY,PENDING
I0000379,C000559,2024-09-19,APP,COLLECTION,RESOLVED
I0000380,C000748,2024-11-07,SMS,COLLECTION,ESCALATED
I0000381,C000724,2025-08-24,BRANCH,GENERAL_QUERY,ESCALATED
I0000382,C000733,2025-03-13,APP,GENERAL_QUERY,ESCALATED
I0000383,C000526,2026-02-25,CALL,GENERAL_QUERY,PENDING
I0000384,C000661,2026-04-02,APP,GENERAL_QUERY,ESCALATED
I0000385,C000376,2026-01-22,CALL,LOAN_QUERY,PENDING
I0000386,C000844,2024-11-25,SMS,GENERAL_QUERY,PENDING
I0000387,C000776,2025-08-10,SMS,LOAN_QUERY,RESOLVED
I0000388,C000786,2025-10-07,SMS,COLLECTION,ESCALATED
I0000389,C000946,2026-06-06,BRANCH,COMPLAINT,ESCALATED
I0000390,C000932,2024-11-27,SMS,PAYMENT_REMINDER,ESCALATED
I0000391,C000065,2025-05-19,APP,LOAN_QUERY,ESCALATED
I0000392,C000133,2025-08-10,BRANCH,PAYMENT_REMINDER,RESOLVED
I0000393,C000758,2024-10-27,APP,PAYMENT_REMINDER,PENDING
I0000394,C000399,2025-06-12,SMS,COMPLAINT,RESOLVED
I0000395,C000691,2025-10-29,EMAIL,COMPLAINT,ESCALATED
I0000396,C000756,2025-08-23,APP,COLLECTION,RESOLVED
I0000397,C000505,2025-12-04,CALL,COMPLAINT,PENDING
I0000398,C000917,2024-11-03,BRANCH,COLLECTION,ESCALATED
I0000399,C000797,2025-07-03,APP,LOAN_QUERY,PENDING
I0000400,C000436,2024-12-25,EMAIL,COLLECTION,RESOLVED
I0000401,C000180,2025-02-02,SMS,COLLECTION,PENDING
I0000402,C000214,2025-04-02,SMS,COLLECTION,PENDING
I0000403,C000366,2025-05-08,BRANCH,COLLECTION,ESCALATED
I0000404,C000354,2024-11-13,CALL,COMPLAINT,RESOLVED
I0000405,C000279,2025-02-25,EMAIL,COMPLAINT,ESCALATED
I0000406,C000703,2025-03-25,SMS,COMPLAINT,PENDING
I0000407,C000343,2025-12-18,SMS,LOAN_QUERY,PENDING
I0000408,C000430,2025-05-27,BRANCH,COLLECTION,RESOLVED
I0000409,C000860,2025-05-12,EMAIL,GENERAL_QUERY,RESOLVED
I0000410,C000748,2025-08-25,EMAIL,COMPLAINT,PENDING
I0000411,C000915,2025-11-30,BRANCH,PAYMENT_REMINDER,ESCALATED
I0000412,C000611,2025-04-10,CALL,PAYMENT_REMINDER,PENDING
I0000413,C000853,2024-10-29,SMS,COLLECTION,PENDING
I0000414,C000360,2026-03-21,BRANCH,PAYMENT_REMINDER,ESCALATED
I0000415,C000768,2025-07-04,SMS,COMPLAINT,ESCALATED
I0000416,C000928,2025-04-09,BRANCH,GENERAL_QUERY,PENDING
I0000417,C000924,2026-04-07,APP,COMPLAINT,ESCALATED
I0000418,C000677,2026-04-17,CALL,COLLECTION,ESCALATED
I0000419,C000412,2025-06-26,APP,COMPLAINT,PENDING
I0000420,C000899,2025-03-01,CALL,PAYMENT_REMINDER,PENDING
I0000421,C000784,2024-11-30,CALL,GENERAL_QUERY,RESOLVED
I0000422,C000560,2026-02-26,CALL,COMPLAINT,RESOLVED
I0000423,C000986,2026-06-08,EMAIL,LOAN_QUERY,ESCALATED
I0000424,C000495,2025-05-22,EMAIL,COMPLAINT,ESCALATED
I0000425,C000363,2026-03-09,BRANCH,PAYMENT_REMINDER,PENDING
I0000426,C000163,2026-09-15,SMS,COLLECTION,PENDING
I0000427,C000633,2026-08-29,SMS,LOAN_QUERY,RESOLVED
I0000428,C000331,2025-09-14,APP,COMPLAINT,RESOLVED
I0000429,C000911,2025-12-13,APP,COMPLAINT,PENDING
I0000430,C000043,2024-10-28,EMAIL,GENERAL_QUERY,RESOLVED
I0000431,C000464,2025-05-22,SMS,COLLECTION,ESCALATED
I0000432,C000468,2026-03-31,SMS,COLLECTION,ESCALATED
I0000433,C000178,2025-09-08,BRANCH,PAYMENT_REMINDER,ESCALATED
I0000434,C000407,2024-12-20,CALL,GENERAL_QUERY,PENDING
I0000435,C000687,2025-12-04,SMS,GENERAL_QUERY,ESCALATED
I0000436,C000485,2026-09-11,SMS,GENERAL_QUERY,PENDING
I0000437,C000620,2026-04-10,APP,LOAN_QUERY,PENDING
I0000438,C000627,2024-11-17,EMAIL,GENERAL_QUERY,ESCALATED
I0000439,C000652,2026-04-28,CALL,PAYMENT_REMINDER,ESCALATED
I0000440,C000164,2026-01-28,APP,GENERAL_QUERY,RESOLVED
I0000441,C000019,2026-09-10,CALL,LOAN_QUERY,PENDING
I0000442,C000268,2025-10-28,SMS,COLLECTION,ESCALATED
I0000443,C000373,2026-01-23,CALL,GENERAL_QUERY,PENDING
I0000444,C000267,2025-12-07,SMS,GENERAL_QUERY,PENDING
I0000445,C000864,2025-11-02,SMS,LOAN_QUERY,RESOLVED
I0000446,C000376,2025-07-22,SMS,PAYMENT_REMINDER,ESCALATED
I0000447,C000334,2025-08-19,BRANCH,PAYMENT_REMINDER,PENDING
I0000448,C000282,2026-04-16,SMS,COMPLAINT,RESOLVED
I0000449,C000706,2026-09-13,CALL,LOAN_QUERY,RESOLVED
I0000450,C000418,2025-05-07,EMAIL,COMPLAINT,RESOLVED
I0000451,C000648,2026-07-06,CALL,GENERAL_QUERY,ESCALATED
I0000452,C000926,2026-03-28,EMAIL,GENERAL_QUERY,ESCALATED
I0000453,C000744,2025-07-27,SMS,COLLECTION,PENDING
I0000454,C000400,2025-12-11,EMAIL,PAYMENT_REMINDER,ESCALATED
I0000455,C000234,2025-03-01,APP,COMPLAINT,RESOLVED
I0000456,C000070,2025-08-15,SMS,PAYMENT_REMINDER,RESOLVED
I0000457,C000528,2025-05-30,BRANCH,PAYMENT_REMINDER,ESCALATED
I0000458,C000588,2025-07-14,CALL,PAYMENT_REMINDER,PENDING
I0000459,C000529,2026-08-04,APP,COMPLAINT,RESOLVED
I0000460,C000541,2024-12-20,BRANCH,LOAN_QUERY,RESOLVED
I0000461,C000157,2025-11-20,EMAIL,PAYMENT_REMINDER,RESOLVED
I0000462,C000974,2025-03-17,BRANCH,COLLECTION,ESCALATED
I0000463,C000584,2025-02-14,SMS,GENERAL_QUERY,PENDING
I0000464,C000269,2026-08-01,APP,COLLECTION,PENDING
I0000465,C000828,2025-05-24,BRANCH,LOAN_QUERY,RESOLVED
I0000466,C000988,2026-03-24,SMS,COMPLAINT,RESOLVED
I0000467,C000830,2025-12-31,CALL,PAYMENT_REMINDER,RESOLVED
I0000468,C000614,2025-10-05,APP,GENERAL_QUERY,PENDING
I0000469,C000001,2025-04-08,APP,LOAN_QUERY,PENDING
I0000470,C000168,2026-01-16,EMAIL,GENERAL_QUERY,RESOLVED
I0000471,C000568,2026-02-18,SMS,PAYMENT_REMINDER,RESOLVED
I0000472,C000841,2025-11-24,APP,COLLECTION,RESOLVED
I0000473,C000914,2025-09-08,SMS,COLLECTION,PENDING
I0000474,C000032,2025-07-20,BRANCH,COMPLAINT,RESOLVED
I0000475,C000510,2025-11-14,APP,PAYMENT_REMINDER,ESCALATED
I0000476,C000630,2024-09-21,EMAIL,GENERAL_QUERY,RESOLVED
I0000477,C000675,2025-07-03,SMS,PAYMENT_REMINDER,RESOLVED
I0000478,C000359,2026-03-03,CALL,COLLECTION,PENDING
I0000479,C000288,2025-09-15,APP,LOAN_QUERY,ESCALATED
I0000480,C000181,2024-10-24,APP,COLLECTION,RESOLVED
I0000481,C000376,2026-05-08,BRANCH,GENERAL_QUERY,ESCALATED
I0000482,C000502,2025-02-07,EMAIL,COMPLAINT,RESOLVED
I0000483,C000959,2025-03-23,APP,COMPLAINT,PENDING
I0000484,C000289,2026-04-18,EMAIL,COMPLAINT,PENDING
I0000485,C000404,2026-03-09,CALL,COLLECTION,ESCALATED
I0000486,C000124,2025-09-22,APP,GENERAL_QUERY,ESCALATED
I0000487,C000698,2026-07-06,APP,LOAN_QUERY,PENDING
I0000488,C000438,2025-09-19,SMS,GENERAL_QUERY,RESOLVED
I0000489,C000809,2026-05-31,BRANCH,COMPLAINT,PENDING
I0000490,C000075,2026-04-06,BRANCH,PAYMENT_REMINDER,PENDING
I0000491,C000952,2024-11-23,BRANCH,LOAN_QUERY,PENDING
I0000492,C000128,2025-11-11,SMS,GENERAL_QUERY,ESCALATED
I0000493,C000970,2025-04-10,EMAIL,PAYMENT_REMINDER,ESCALATED
I0000494,C000828,2025-03-24,APP,COLLECTION,RESOLVED
I0000495,C000434,2026-07-12,BRANCH,PAYMENT_REMINDER,RESOLVED
I0000496,C000846,2024-09-20,EMAIL,LOAN_QUERY,PENDING
I0000497,C000873,2026-06-03,BRANCH,COLLECTION,RESOLVED
I0000498,C000246,2026-01-27,EMAIL,PAYMENT_REMINDER,PENDING
I0000499,C000692,2024-12-02,SMS,COMPLAINT,RESOLVED
I0000500,C000327,2025-11-27,EMAIL,GENERAL_QUERY,RESOLVED
I0000501,C000695,2025-02-07,APP,COLLECTION,PENDING
I0000502,C000745,2025-01-21,BRANCH,PAYMENT_REMINDER,PENDING
I0000503,C000737,2024-10-05,CALL,COMPLAINT,ESCALATED
I0000504,C000335,2025-12-28,SMS,COLLECTION,ESCALATED
I0000505,C000519,2025-06-22,BRANCH,PAYMENT_REMINDER,RESOLVED
I0000506,C000041,2025-08-17,BRANCH,COMPLAINT,RESOLVED
I0000507,C000219,2025-09-30,EMAIL,LOAN_QUERY,PENDING
I0000508,C000306,2025-03-22,APP,PAYMENT_REMINDER,PENDING
I0000509,C000696,2025-03-03,EMAIL,LOAN_QUERY,ESCALATED
I0000510,C000096,2025-02-10,BRANCH,GENERAL_QUERY,PENDING
I0000511,C000420,2026-07-08,SMS,COMPLAINT,ESCALATED
I0000512,C000364,2026-06-12,APP,COMPLAINT,RESOLVED
I0000513,C000505,2025-01-05,CALL,COMPLAINT,RESOLVED
I0000514,C000772,2026-03-06,CALL,PAYMENT_REMINDER,ESCALATED
I0000515,C000934,2026-03-18,APP,COLLECTION,PENDING
I0000516,C000109,2025-12-28,APP,COLLECTION,ESCALATED
I0000517,C000319,2026-03-12,SMS,GENERAL_QUERY,PENDING
I0000518,C000862,2025-09-23,CALL,PAYMENT_REMINDER,ESCALATED
I0000519,C000584,2025-02-28,APP,GENERAL_QUERY,ESCALATED
I0000520,C000935,2026-05-19,BRANCH,GENERAL_QUERY,ESCALATED
I0000521,C000304,2026-02-28,BRANCH,COLLECTION,RESOLVED
I0000522,C000154,2024-12-28,APP,COLLECTION,ESCALATED
I0000523,C000902,2025-02-26,EMAIL,GENERAL_QUERY,ESCALATED
I0000524,C000888,2025-11-29,EMAIL,GENERAL_QUERY,ESCALATED
I0000525,C000703,2026-07-16,CALL,GENERAL_QUERY,ESCALATED
I0000526,C000094,2025-07-27,APP,COLLECTION,RESOLVED
I0000527,C000495,2025-04-28,APP,GENERAL_QUERY,ESCALATED
I0000528,C000574,2025-04-05,APP,COLLECTION,ESCALATED
I0000529,C000925,2024-10-17,EMAIL,PAYMENT_REMINDER,PENDING
I0000530,C000979,2025-02-07,APP,COLLECTION,RESOLVED
I0000531,C000339,2026-07-22,EMAIL,COLLECTION,RESOLVED
I0000532,C000561,2025-11-25,CALL,PAYMENT_REMINDER,RESOLVED
I0000533,C000438,2026-09-01,BRANCH,LOAN_QUERY,PENDING
I0000534,C000105,2024-12-28,CALL,COLLECTION,ESCALATED
I0000535,C000096,2025-05-24,EMAIL,PAYMENT_REMINDER,ESCALATED
I0000536,C000523,2025-03-21,SMS,LOAN_QUERY,ESCALATED
I0000537,C000944,2026-05-01,BRANCH,COMPLAINT,PENDING
I0000538,C000670,2025-01-21,BRANCH,COMPLAINT,PENDING
I0000539,C000347,2026-06-11,SMS,GENERAL_QUERY,ESCALATED
I0000540,C000485,2025-07-19,EMAIL,LOAN_QUERY,RESOLVED
I0000541,C000414,2026-09-12,SMS,PAYMENT_REMINDER,PENDING
I0000542,C000981,2026-06-02,SMS,GENERAL_QUERY,PENDING
I0000543,C000126,2026-08-12,APP,COLLECTION,ESCALATED
I0000544,C000774,2025-09-08,SMS,COLLECTION,ESCALATED
I0000545,C000168,2025-07-05,CALL,COMPLAINT,ESCALATED
I0000546,C000529,2026-01-08,SMS,COMPLAINT,PENDING
I0000547,C000289,2026-07-15,SMS,LOAN_QUERY,RESOLVED
I0000548,C000863,2025-12-21,CALL,LOAN_QUERY,ESCALATED
I0000549,C000235,2026-02-04,APP,LOAN_QUERY,RESOLVED
I0000550,C000344,2025-02-08,SMS,LOAN_QUERY,ESCALATED
I0000551,C000051,2025-04-04,BRANCH,PAYMENT_REMINDER,PENDING
I0000552,C000346,2025-01-22,EMAIL,COMPLAINT,RESOLVED
I0000553,C000231,2025-08-23,APP,COLLECTION,RESOLVED
I0000554,C000598,2025-09-18,CALL,LOAN_QUERY,ESCALATED
I0000555,C000263,2026-08-30,BRANCH,LOAN_QUERY,ESCALATED
I0000556,C000976,2025-03-18,SMS,COLLECTION,RESOLVED
I0000557,C000097,2026-01-12,APP,COLLECTION,PENDING
I0000558,C000573,2026-09-10,CALL,COLLECTION,PENDING
I0000559,C000476,2026-03-20,APP,GENERAL_QUERY,PENDING
I0000560,C000550,2025-01-17,BRANCH,LOAN_QUERY,ESCALATED
I0000561,C000639,2025-03-08,SMS,LOAN_QUERY,ESCALATED
I0000562,C000548,2026-03-29,BRANCH,COMPLAINT,RESOLVED
I0000563,C000270,2025-11-05,EMAIL,LOAN_QUERY,RESOLVED
I0000564,C000236,2026-07-21,BRANCH,LOAN_QUERY,RESOLVED
I0000565,C000502,2025-06-05,SMS,COLLECTION,ESCALATED
I0000566,C000021,2026-02-04,APP,PAYMENT_REMINDER,PENDING
I0000567,C000911,2025-01-03,BRANCH,PAYMENT_REMINDER,RESOLVED
I0000568,C000182,2024-10-22,EMAIL,LOAN_QUERY,PENDING
I0000569,C000208,2024-12-31,BRANCH,PAYMENT_REMINDER,RESOLVED
I0000570,C000545,2025-03-20,EMAIL,PAYMENT_REMINDER,RESOLVED
I0000571,C000959,2026-03-02,EMAIL,GENERAL_QUERY,ESCALATED
I0000572,C000806,2025-02-04,CALL,PAYMENT_REMINDER,PENDING
I0000573,C000933,2024-10-02,APP,COMPLAINT,RESOLVED
I0000574,C000141,2025-12-06,APP,GENERAL_QUERY,PENDING
I0000575,C000299,2024-11-27,EMAIL,COLLECTION,RESOLVED
I0000576,C000604,2025-03-30,APP,COMPLAINT,PENDING
I0000577,C000446,2026-03-04,SMS,PAYMENT_REMINDER,PENDING
I0000578,C000231,2024-09-16,APP,LOAN_QUERY,RESOLVED
I0000579,C000044,2024-11-05,CALL,PAYMENT_REMINDER,ESCALATED
I0000580,C000813,2025-08-10,APP,LOAN_QUERY,ESCALATED
I0000581,C000987,2026-01-08,EMAIL,COMPLAINT,PENDING
I0000582,C000480,2025-02-09,APP,PAYMENT_REMINDER,RESOLVED
I0000583,C000818,2025-03-12,CALL,GENERAL_QUERY,RESOLVED
I0000584,C000096,2026-04-30,CALL,COLLECTION,PENDING
I0000585,C000590,2026-05-29,SMS,GENERAL_QUERY,RESOLVED
I0000586,C000910,2025-01-30,SMS,PAYMENT_REMINDER,ESCALATED
I0000587,C000006,2025-10-21,EMAIL,GENERAL_QUERY,PENDING
I0000588,C000259,2025-04-20,CALL,GENERAL_QUERY,PENDING
I0000589,C000402,2025-05-01,CALL,COMPLAINT,RESOLVED
I0000590,C000712,2025-01-01,CALL,COLLECTION,RESOLVED
I0000591,C000582,2025-02-27,EMAIL,LOAN_QUERY,PENDING
I0000592,C000969,2025-05-04,CALL,LOAN_QUERY,ESCALATED
I0000593,C000724,2025-10-05,EMAIL,COLLECTION,PENDING
I0000594,C000198,2026-02-10,CALL,PAYMENT_REMINDER,RESOLVED
I0000595,C000827,2024-11-09,EMAIL,LOAN_QUERY,RESOLVED
I0000596,C000975,2025-12-29,EMAIL,LOAN_QUERY,ESCALATED
I0000597,C000161,2025-12-19,CALL,LOAN_QUERY,ESCALATED
I0000598,C000073,2025-10-28,APP,LOAN_QUERY,ESCALATED
I0000599,C000203,2025-01-10,APP,COMPLAINT,ESCALATED
I0000600,C000732,2026-08-07,CALL,COMPLAINT,RESOLVED
I0000601,C000147,2026-01-01,BRANCH,LOAN_QUERY,PENDING
I0000602,C000375,2024-09-23,CALL,LOAN_QUERY,RESOLVED
I0000603,C000022,2026-05-30,CALL,COMPLAINT,ESCALATED
I0000604,C000889,2026-02-20,CALL,GENERAL_QUERY,RESOLVED
I0000605,C000729,2025-09-26,CALL,PAYMENT_REMINDER,ESCALATED
I0000606,C000429,2025-05-31,APP,COMPLAINT,RESOLVED
I0000607,C000732,2026-06-14,EMAIL,PAYMENT_REMINDER,RESOLVED
I0000608,C000449,2025-05-23,SMS,COLLECTION,PENDING
I0000609,C000824,2026-07-17,APP,COMPLAINT,ESCALATED
I0000610,C000051,2024-11-20,EMAIL,COLLECTION,RESOLVED
I0000611,C000463,2025-05-28,SMS,LOAN_QUERY,ESCALATED
I0000612,C000301,2026-07-02,SMS,PAYMENT_REMINDER,ESCALATED
I0000613,C000010,2025-04-12,APP,COMPLAINT,ESCALATED
I0000614,C000029,2026-03-05,CALL,COLLECTION,ESCALATED
I0000615,C000238,2025-06-08,BRANCH,COLLECTION,ESCALATED
I0000616,C000212,2024-12-23,CALL,GENERAL_QUERY,PENDING
I0000617,C000395,2026-08-13,EMAIL,PAYMENT_REMINDER,ESCALATED
I0000618,C000320,2025-07-15,CALL,COLLECTION,ESCALATED
I0000619,C000657,2024-10-30,CALL,PAYMENT_REMINDER,PENDING
I0000620,C000124,2026-08-27,SMS,LOAN_QUERY,ESCALATED
I0000621,C000772,2026-09-05,CALL,GENERAL_QUERY,ESCALATED
I0000622,C000256,2025-08-25,BRANCH,PAYMENT_REMINDER,RESOLVED
I0000623,C000074,2025-05-25,SMS,PAYMENT_REMINDER,RESOLVED
I0000624,C000068,2025-08-20,SMS,COLLECTION,ESCALATED
I0000625,C000544,2025-12-01,EMAIL,PAYMENT_REMINDER,PENDING
I0000626,C000088,2026-03-05,SMS,COMPLAINT,PENDING
I0000627,C000946,2026-01-02,EMAIL,PAYMENT_REMINDER,ESCALATED
I0000628,C000581,2026-01-12,CALL,COLLECTION,ESCALATED
I0000629,C000249,2024-11-08,EMAIL,LOAN_QUERY,ESCALATED
I0000630,C000970,2025-02-19,BRANCH,LOAN_QUERY,PENDING
I0000631,C000825,2025-11-18,SMS,LOAN_QUERY,ESCALATED
I0000632,C000710,2025-03-06,APP,LOAN_QUERY,ESCALATED
I0000633,C000336,2024-12-21,BRANCH,LOAN_QUERY,PENDING
I0000634,C000416,2024-10-08,EMAIL,PAYMENT_REMINDER,ESCALATED
I0000635,C000208,2024-09-18,SMS,GENERAL_QUERY,PENDING
I0000636,C000211,2026-03-26,BRANCH,GENERAL_QUERY,ESCALATED
I0000637,C000069,2026-06-24,CALL,GENERAL_QUERY,PENDING
I0000638,C000863,2025-07-18,CALL,LOAN_QUERY,PENDING
I0000639,C000417,2026-05-21,APP,COMPLAINT,PENDING
I0000640,C000325,2025-04-24,CALL,PAYMENT_REMINDER,RESOLVED
I0000641,C000262,2025-03-25,CALL,COMPLAINT,ESCALATED
I0000642,C000966,2025-02-28,BRANCH,LOAN_QUERY,PENDING
I0000643,C000952,2026-02-21,EMAIL,LOAN_QUERY,ESCALATED
I0000644,C000497,2025-01-14,EMAIL,COMPLAINT,ESCALATED
I0000645,C000926,2025-02-06,APP,GENERAL_QUERY,RESOLVED
I0000646,C000721,2026-05-09,BRANCH,LOAN_QUERY,RESOLVED
I0000647,C000189,2026-04-28,BRANCH,COLLECTION,PENDING
I0000648,C000275,2025-08-17,APP,COLLECTION,PENDING
I0000649,C000268,2026-01-14,APP,GENERAL_QUERY,RESOLVED
I0000650,C000875,2026-04-01,APP,LOAN_QUERY,RESOLVED
I0000651,C000450,2026-05-14,EMAIL,LOAN_QUERY,ESCALATED
I0000652,C000079,2025-01-10,SMS,COMPLAINT,RESOLVED
I0000653,C000955,2026-08-26,SMS,PAYMENT_REMINDER,RESOLVED
I0000654,C000962,2024-12-24,BRANCH,PAYMENT_REMINDER,PENDING
I0000655,C000841,2025-10-03,BRANCH,COLLECTION,ESCALATED
I0000656,C000499,2025-08-31,SMS,COMPLAINT,ESCALATED
I0000657,C000074,2025-09-14,CALL,PAYMENT_REMINDER,PENDING
I0000658,C000003,2025-09-13,BRANCH,LOAN_QUERY,RESOLVED
I0000659,C000811,2025-03-04,SMS,COLLECTION,PENDING
I0000660,C000505,2025-02-21,APP,PAYMENT_REMINDER,ESCALATED
I0000661,C000629,2026-09-15,CALL,GENERAL_QUERY,RESOLVED
I0000662,C000709,2024-11-13,SMS,COMPLAINT,ESCALATED
I0000663,C000159,2025-08-03,APP,COLLECTION,RESOLVED
I0000664,C000680,2026-08-05,BRANCH,COLLECTION,RESOLVED
I0000665,C000152,2026-04-02,SMS,GENERAL_QUERY,RESOLVED
I0000666,C000475,2025-10-14,SMS,GENERAL_QUERY,PENDING
I0000667,C000940,2026-03-13,APP,GENERAL_QUERY,ESCALATED
I0000668,C000025,2024-10-12,CALL,GENERAL_QUERY,RESOLVED
I0000669,C000564,2025-07-22,APP,PAYMENT_REMINDER,RESOLVED
I0000670,C000465,2025-07-25,BRANCH,COLLECTION,ESCALATED
I0000671,C000876,2026-09-07,CALL,COMPLAINT,RESOLVED
I0000672,C000581,2025-05-06,EMAIL,COMPLAINT,PENDING
I0000673,C000811,2026-04-06,EMAIL,LOAN_QUERY,ESCALATED
I0000674,C000516,2025-09-22,SMS,LOAN_QUERY,RESOLVED
I0000675,C000055,2024-10-07,APP,LOAN_QUERY,PENDING
I0000676,C000175,2026-09-04,APP,GENERAL_QUERY,ESCALATED
I0000677,C000645,2026-06-01,APP,LOAN_QUERY,RESOLVED
I0000678,C000265,2025-08-26,CALL,PAYMENT_REMINDER,ESCALATED
I0000679,C000821,2024-09-18,EMAIL,PAYMENT_REMINDER,ESCALATED
I0000680,C000098,2025-02-24,SMS,LOAN_QUERY,RESOLVED
I0000681,C000631,2025-11-23,SMS,GENERAL_QUERY,PENDING
I0000682,C000829,2025-06-23,SMS,COLLECTION,ESCALATED
I0000683,C000399,2024-10-26,CALL,LOAN_QUERY,PENDING
I0000684,C000526,2025-03-19,SMS,PAYMENT_REMINDER,PENDING
I0000685,C000969,2025-07-06,APP,COMPLAINT,PENDING
I0000686,C000966,2026-05-28,SMS,COLLECTION,PENDING
I0000687,C000111,2024-10-12,CALL,COLLECTION,PENDING
I0000688,C000688,2025-06-03,SMS,LOAN_QUERY,ESCALATED
I0000689,C000979,2026-01-06,SMS,PAYMENT_REMINDER,PENDING
I0000690,C000184,2025-05-17,SMS,COMPLAINT,ESCALATED
I0000691,C000071,2025-01-25,APP,LOAN_QUERY,ESCALATED
I0000692,C000325,2026-01-13,CALL,COLLECTION,PENDING
I0000693,C000028,2025-10-12,SMS,COMPLAINT,PENDING
I0000694,C000417,2026-05-27,SMS,COLLECTION,RESOLVED
I0000695,C000893,2025-05-10,EMAIL,COLLECTION,RESOLVED
I0000696,C000901,2024-12-30,CALL,PAYMENT_REMINDER,PENDING
I0000697,C000264,2026-01-18,APP,COMPLAINT,ESCALATED
I0000698,C001000,2025-04-27,SMS,COMPLAINT,RESOLVED
I0000699,C000816,2024-11-20,EMAIL,COLLECTION,RESOLVED
I0000700,C000149,2026-04-04,EMAIL,COLLECTION,ESCALATED
I0000701,C000278,2026-06-18,APP,COMPLAINT,ESCALATED
I0000702,C000237,2024-10-15,APP,GENERAL_QUERY,PENDING
I0000703,C000038,2026-01-26,EMAIL,GENERAL_QUERY,ESCALATED
I0000704,C000979,2025-09-18,BRANCH,LOAN_QUERY,RESOLVED
I0000705,C000878,2026-05-23,SMS,COLLECTION,PENDING
I0000706,C000030,2026-03-19,SMS,PAYMENT_REMINDER,ESCALATED
I0000707,C000690,2025-05-05,SMS,GENERAL_QUERY,ESCALATED
I0000708,C000044,2026-04-04,BRANCH,COMPLAINT,RESOLVED
I0000709,C000227,2024-10-27,BRANCH,LOAN_QUERY,ESCALATED
I0000710,C000731,2024-12-27,APP,LOAN_QUERY,ESCALATED
I0000711,C000514,2026-08-14,CALL,PAYMENT_REMINDER,ESCALATED
I0000712,C000292,2025-10-06,SMS,COLLECTION,RESOLVED
I0000713,C000552,2025-04-13,SMS,PAYMENT_REMINDER,RESOLVED
I0000714,C000724,2024-09-30,CALL,PAYMENT_REMINDER,ESCALATED
I0000715,C000480,2026-02-22,APP,COMPLAINT,PENDING
I0000716,C000678,2026-02-01,EMAIL,LOAN_QUERY,RESOLVED
I0000717,C000867,2026-07-22,CALL,GENERAL_QUERY,PENDING
I0000718,C000483,2025-08-19,SMS,COMPLAINT,PENDING
I0000719,C000633,2025-09-18,EMAIL,GENERAL_QUERY,RESOLVED
I0000720,C000853,2026-05-16,CALL,PAYMENT_REMINDER,ESCALATED
I0000721,C000627,2026-04-28,SMS,LOAN_QUERY,RESOLVED
I0000722,C000772,2025-06-27,SMS,COLLECTION,RESOLVED
I0000723,C000927,2025-10-14,CALL,COMPLAINT,PENDING
I0000724,C000222,2025-01-23,SMS,PAYMENT_REMINDER,PENDING
I0000725,C000905,2025-08-14,SMS,COMPLAINT,ESCALATED
I0000726,C000863,2025-09-03,BRANCH,COLLECTION,PENDING
I0000727,C000372,2025-08-08,CALL,COMPLAINT,PENDING
I0000728,C000170,2024-12-31,BRANCH,LOAN_QUERY,PENDING
I0000729,C000183,2025-07-01,APP,LOAN_QUERY,ESCALATED
I0000730,C000015,2025-12-02,APP,LOAN_QUERY,ESCALATED
I0000731,C000814,2026-09-05,APP,GENERAL_QUERY,RESOLVED
I0000732,C000102,2024-09-17,SMS,GENERAL_QUERY,PENDING
I0000733,C000893,2026-07-01,SMS,PAYMENT_REMINDER,ESCALATED
I0000734,C000329,2026-09-05,BRANCH,PAYMENT_REMINDER,PENDING
I0000735,C000323,2025-08-15,SMS,GENERAL_QUERY,ESCALATED
I0000736,C000279,2026-06-22,BRANCH,COMPLAINT,PENDING
I0000737,C000388,2025-01-18,BRANCH,COMPLAINT,RESOLVED
I0000738,C000878,2024-09-26,BRANCH,LOAN_QUERY,RESOLVED
I0000739,C000070,2026-07-02,BRANCH,COMPLAINT,PENDING
I0000740,C000115,2024-10-17,APP,GENERAL_QUERY,RESOLVED
I0000741,C000709,2025-03-25,BRANCH,PAYMENT_REMINDER,RESOLVED
I0000742,C000067,2026-03-18,CALL,GENERAL_QUERY,ESCALATED
I0000743,C000433,2025-07-27,BRANCH,GENERAL_QUERY,ESCALATED
I0000744,C000442,2025-02-11,BRANCH,COLLECTION,RESOLVED
I0000745,C000556,2026-06-03,APP,LOAN_QUERY,PENDING
I0000746,C000974,2025-10-15,APP,GENERAL_QUERY,RESOLVED
I0000747,C000534,2026-02-12,EMAIL,COMPLAINT,PENDING
I0000748,C000960,2025-06-20,EMAIL,GENERAL_QUERY,ESCALATED
I0000749,C000047,2026-01-21,EMAIL,COLLECTION,PENDING
I0000750,C000093,2026-07-05,CALL,COMPLAINT,PENDING
I0000751,C000681,2026-05-25,EMAIL,COLLECTION,RESOLVED
I0000752,C000131,2026-06-06,BRANCH,COLLECTION,PENDING
I0000753,C000780,2025-07-26,BRANCH,GENERAL_QUERY,ESCALATED
I0000754,C000207,2026-08-02,SMS,PAYMENT_REMINDER,PENDING
I0000755,C000370,2026-05-26,EMAIL,LOAN_QUERY,ESCALATED
I0000756,C000756,2025-04-07,EMAIL,GENERAL_QUERY,ESCALATED
I0000757,C000358,2025-08-01,CALL,PAYMENT_REMINDER,RESOLVED
I0000758,C000502,2026-04-05,BRANCH,COLLECTION,PENDING
I0000759,C000798,2024-11-10,BRANCH,GENERAL_QUERY,ESCALATED
I0000760,C000235,2025-04-23,CALL,COMPLAINT,RESOLVED
I0000761,C000502,2025-12-05,SMS,COMPLAINT,RESOLVED
I0000762,C000981,2025-08-29,EMAIL,COMPLAINT,ESCALATED
I0000763,C000230,2025-04-11,CALL,GENERAL_QUERY,ESCALATED
I0000764,C000573,2025-05-18,SMS,COMPLAINT,ESCALATED
I0000765,C000077,2025-12-22,APP,PAYMENT_REMINDER,ESCALATED
I0000766,C000866,2025-09-28,BRANCH,PAYMENT_REMINDER,ESCALATED
I0000767,C000559,2026-01-30,SMS,GENERAL_QUERY,PENDING
I0000768,C000564,2025-12-15,APP,GENERAL_QUERY,PENDING
I0000769,C000554,2025-02-25,CALL,COLLECTION,ESCALATED
I0000770,C000487,2024-12-06,SMS,GENERAL_QUERY,PENDING
I0000771,C000497,2025-10-27,SMS,GENERAL_QUERY,RESOLVED
I0000772,C000281,2026-09-04,EMAIL,GENERAL_QUERY,RESOLVED
I0000773,C000527,2025-03-04,EMAIL,COMPLAINT,RESOLVED
I0000774,C000832,2025-12-15,APP,GENERAL_QUERY,PENDING
I0000775,C000719,2026-03-12,EMAIL,LOAN_QUERY,PENDING
I0000776,C000309,2026-05-07,CALL,COLLECTION,ESCALATED
I0000777,C000959,2025-12-03,EMAIL,PAYMENT_REMINDER,PENDING
I0000778,C000214,2026-02-25,EMAIL,GENERAL_QUERY,PENDING
I0000779,C001000,2025-09-27,SMS,GENERAL_QUERY,PENDING
I0000780,C000019,2026-04-20,BRANCH,LOAN_QUERY,ESCALATED
I0000781,C000346,2025-12-06,CALL,GENERAL_QUERY,ESCALATED
I0000782,C000025,2026-06-29,CALL,GENERAL_QUERY,RESOLVED
I0000783,C000660,2025-11-10,BRANCH,GENERAL_QUERY,RESOLVED
I0000784,C000331,2026-03-19,EMAIL,GENERAL_QUERY,PENDING
I0000785,C000389,2025-04-19,BRANCH,GENERAL_QUERY,RESOLVED
I0000786,C000338,2026-07-02,SMS,GENERAL_QUERY,ESCALATED
I0000787,C000187,2025-12-24,BRANCH,GENERAL_QUERY,PENDING
I0000788,C000432,2026-05-22,BRANCH,PAYMENT_REMINDER,PENDING
I0000789,C000125,2024-11-15,SMS,PAYMENT_REMINDER,RESOLVED
I0000790,C000540,2025-04-04,EMAIL,GENERAL_QUERY,RESOLVED
I0000791,C000213,2025-12-25,EMAIL,LOAN_QUERY,PENDING
I0000792,C000688,2026-08-26,APP,COMPLAINT,PENDING
I0000793,C000702,2026-03-18,BRANCH,LOAN_QUERY,PENDING
I0000794,C000354,2025-10-14,SMS,COLLECTION,RESOLVED
I0000795,C000280,2025-08-13,BRANCH,GENERAL_QUERY,PENDING
I0000796,C000992,2024-10-12,APP,LOAN_QUERY,PENDING
I0000797,C000419,2025-12-17,CALL,COMPLAINT,ESCALATED
I0000798,C000303,2026-04-13,CALL,PAYMENT_REMINDER,ESCALATED
I0000799,C000984,2026-01-10,APP,COMPLAINT,ESCALATED
I0000800,C000255,2026-08-07,BRANCH,COLLECTION,RESOLVED
I0000801,C000867,2025-05-18,APP,LOAN_QUERY,RESOLVED
I0000802,C000634,2026-06-10,APP,PAYMENT_REMINDER,PENDING
I0000803,C000880,2025-05-17,CALL,LOAN_QUERY,ESCALATED
I0000804,C000180,2024-09-27,EMAIL,PAYMENT_REMINDER,PENDING
I0000805,C000140,2026-07-21,BRANCH,GENERAL_QUERY,PENDING
I0000806,C000011,2025-04-23,CALL,COMPLAINT,RESOLVED
I0000807,C000197,2025-12-23,EMAIL,PAYMENT_REMINDER,ESCALATED
I0000808,C000229,2026-03-15,SMS,PAYMENT_REMINDER,ESCALATED
I0000809,C000129,2026-05-30,APP,LOAN_QUERY,ESCALATED
I0000810,C000496,2026-02-12,BRANCH,PAYMENT_REMINDER,PENDING
I0000811,C000215,2025-02-24,APP,GENERAL_QUERY,ESCALATED
I0000812,C000899,2025-01-05,EMAIL,COMPLAINT,ESCALATED
I0000813,C000402,2026-06-17,APP,COLLECTION,PENDING
I0000814,C000408,2025-08-05,BRANCH,COLLECTION,RESOLVED
I0000815,C000309,2026-05-11,CALL,PAYMENT_REMINDER,RESOLVED
I0000816,C000821,2026-07-25,CALL,COLLECTION,ESCALATED
I0000817,C000527,2025-08-21,BRANCH,COMPLAINT,ESCALATED
I0000818,C000240,2025-05-04,BRANCH,LOAN_QUERY,ESCALATED
I0000819,C000004,2025-03-03,CALL,COMPLAINT,RESOLVED
I0000820,C000026,2024-12-24,SMS,COMPLAINT,RESOLVED
I0000821,C000029,2024-12-27,BRANCH,PAYMENT_REMINDER,PENDING
I0000822,C000951,2026-04-17,BRANCH,PAYMENT_REMINDER,RESOLVED
I0000823,C000623,2025-03-07,CALL,GENERAL_QUERY,RESOLVED
I0000824,C000731,2025-12-18,SMS,COMPLAINT,ESCALATED
I0000825,C000922,2025-04-03,SMS,LOAN_QUERY,ESCALATED
I0000826,C000455,2026-08-10,BRANCH,PAYMENT_REMINDER,ESCALATED
I0000827,C000299,2025-07-08,CALL,COMPLAINT,ESCALATED
I0000828,C000152,2024-12-03,CALL,COLLECTION,ESCALATED
I0000829,C000754,2024-12-26,CALL,COMPLAINT,ESCALATED
I0000830,C000790,2024-12-03,BRANCH,COMPLAINT,ESCALATED
I0000831,C000920,2025-01-15,APP,COLLECTION,ESCALATED
I0000832,C000659,2026-03-28,BRANCH,COMPLAINT,ESCALATED
I0000833,C000527,2025-11-15,SMS,PAYMENT_REMINDER,RESOLVED
I0000834,C000256,2025-12-14,SMS,COLLECTION,RESOLVED
I0000835,C000013,2026-03-16,APP,GENERAL_QUERY,RESOLVED
I0000836,C000990,2026-09-11,EMAIL,COLLECTION,ESCALATED
I0000837,C000291,2026-07-31,APP,LOAN_QUERY,PENDING
I0000838,C000348,2025-11-04,APP,LOAN_QUERY,PENDING
I0000839,C000358,2026-06-03,SMS,COMPLAINT,ESCALATED
I0000840,C000133,2026-02-03,SMS,COMPLAINT,ESCALATED
I0000841,C000083,2024-11-12,APP,PAYMENT_REMINDER,PENDING
I0000842,C000976,2026-02-11,BRANCH,LOAN_QUERY,ESCALATED
I0000843,C000232,2026-07-21,CALL,PAYMENT_REMINDER,ESCALATED
I0000844,C000409,2026-08-23,APP,COMPLAINT,RESOLVED
I0000845,C000889,2024-12-06,BRANCH,PAYMENT_REMINDER,PENDING
I0000846,C000147,2025-05-29,SMS,GENERAL_QUERY,ESCALATED
I0000847,C000548,2026-01-07,APP,LOAN_QUERY,PENDING
I0000848,C000993,2025-04-27,SMS,GENERAL_QUERY,PENDING
I0000849,C000569,2025-11-26,EMAIL,GENERAL_QUERY,RESOLVED
I0000850,C000675,2026-09-10,CALL,COMPLAINT,RESOLVED
I0000851,C000912,2025-06-06,EMAIL,COLLECTION,RESOLVED
I0000852,C000404,2025-03-12,BRANCH,LOAN_QUERY,PENDING
I0000853,C000728,2025-03-30,APP,COLLECTION,PENDING
I0000854,C000949,2024-09-28,EMAIL,PAYMENT_REMINDER,PENDING
I0000855,C000723,2024-09-19,EMAIL,LOAN_QUERY,RESOLVED
I0000856,C000067,2026-03-13,APP,COMPLAINT,PENDING
I0000857,C000348,2024-11-11,APP,LOAN_QUERY,PENDING
I0000858,C000156,2025-02-04,APP,COMPLAINT,PENDING
I0000859,C000615,2026-03-02,CALL,PAYMENT_REMINDER,RESOLVED
I0000860,C000290,2025-08-31,SMS,PAYMENT_REMINDER,ESCALATED
I0000861,C000250,2025-08-21,EMAIL,COMPLAINT,RESOLVED
I0000862,C000467,2026-04-14,CALL,GENERAL_QUERY,RESOLVED
I0000863,C000042,2026-03-12,APP,LOAN_QUERY,RESOLVED
I0000864,C000585,2026-08-30,SMS,GENERAL_QUERY,RESOLVED
I0000865,C000854,2026-07-28,CALL,LOAN_QUERY,PENDING
I0000866,C000113,2025-01-20,EMAIL,LOAN_QUERY,PENDING
I0000867,C000834,2024-12-31,BRANCH,PAYMENT_REMINDER,RESOLVED
I0000868,C000877,2026-08-23,CALL,COMPLAINT,PENDING
I0000869,C000816,2025-02-12,SMS,COLLECTION,RESOLVED
I0000870,C000885,2026-06-12,CALL,LOAN_QUERY,ESCALATED
I0000871,C000753,2025-12-19,APP,GENERAL_QUERY,RESOLVED
I0000872,C000606,2025-11-02,BRANCH,COLLECTION,RESOLVED
I0000873,C000819,2026-03-16,APP,COLLECTION,PENDING
I0000874,C000907,2026-08-28,EMAIL,COLLECTION,PENDING
I0000875,C000812,2025-05-10,CALL,LOAN_QUERY,PENDING
I0000876,C000994,2026-09-15,SMS,GENERAL_QUERY,PENDING
I0000877,C000030,2025-10-07,SMS,LOAN_QUERY,RESOLVED
I0000878,C000840,2025-05-07,CALL,GENERAL_QUERY,PENDING
I0000879,C000675,2025-01-28,APP,PAYMENT_REMINDER,PENDING
I0000880,C000344,2026-06-20,CALL,PAYMENT_REMINDER,ESCALATED
I0000881,C000133,2026-08-07,APP,GENERAL_QUERY,RESOLVED
I0000882,C000522,2026-09-07,APP,COLLECTION,PENDING
I0000883,C000060,2026-01-23,BRANCH,COMPLAINT,PENDING
I0000884,C000304,2025-01-19,EMAIL,COMPLAINT,ESCALATED
I0000885,C000974,2025-06-07,EMAIL,COMPLAINT,PENDING
I0000886,C000278,2025-07-21,BRANCH,PAYMENT_REMINDER,PENDING
I0000887,C000778,2026-03-25,CALL,COMPLAINT,ESCALATED
I0000888,C000881,2025-09-09,BRANCH,LOAN_QUERY,RESOLVED
I0000889,C000390,2026-04-18,BRANCH,PAYMENT_REMINDER,PENDING
I0000890,C000783,2025-10-12,CALL,PAYMENT_REMINDER,ESCALATED
I0000891,C000784,2026-03-10,CALL,LOAN_QUERY,ESCALATED
I0000892,C000578,2025-10-02,EMAIL,LOAN_QUERY,RESOLVED
I0000893,C000191,2024-11-04,EMAIL,LOAN_QUERY,RESOLVED
I0000894,C000657,2026-07-06,EMAIL,GENERAL_QUERY,PENDING
I0000895,C000571,2025-10-19,EMAIL,GENERAL_QUERY,ESCALATED
I0000896,C000613,2026-05-10,SMS,GENERAL_QUERY,RESOLVED
I0000897,C000604,2025-10-10,CALL,COLLECTION,RESOLVED
I0000898,C000218,2025-10-29,BRANCH,COLLECTION,RESOLVED
I0000899,C000312,2025-01-03,EMAIL,COMPLAINT,RESOLVED
I0000900,C000741,2026-08-23,EMAIL,COMPLAINT,RESOLVED
I0000901,C000065,2024-12-25,CALL,GENERAL_QUERY,RESOLVED
I0000902,C000045,2025-02-22,APP,COLLECTION,PENDING
I0000903,C000380,2025-08-31,APP,PAYMENT_REMINDER,PENDING
I0000904,C000749,2025-10-29,EMAIL,COMPLAINT,ESCALATED
I0000905,C000904,2026-01-28,SMS,PAYMENT_REMINDER,ESCALATED
I0000906,C000972,2025-11-14,CALL,GENERAL_QUERY,ESCALATED
I0000907,C000301,2026-02-02,APP,LOAN_QUERY,ESCALATED
I0000908,C000339,2025-09-26,EMAIL,PAYMENT_REMINDER,RESOLVED
I0000909,C000992,2024-10-30,SMS,LOAN_QUERY,ESCALATED
I0000910,C000239,2025-05-30,BRANCH,GENERAL_QUERY,ESCALATED
I0000911,C000444,2026-02-08,SMS,COLLECTION,PENDING
I0000912,C000082,2025-11-14,EMAIL,LOAN_QUERY,ESCALATED
I0000913,C000827,2026-07-06,SMS,GENERAL_QUERY,PENDING
I0000914,C000196,2025-04-29,BRANCH,GENERAL_QUERY,ESCALATED
I0000915,C000621,2024-11-07,BRANCH,COLLECTION,RESOLVED
I0000916,C000441,2025-07-14,APP,LOAN_QUERY,RESOLVED
I0000917,C000741,2025-10-26,CALL,GENERAL_QUERY,RESOLVED
I0000918,C000494,2024-10-24,BRANCH,PAYMENT_REMINDER,RESOLVED
I0000919,C000373,2025-07-11,APP,GENERAL_QUERY,PENDING
I0000920,C000933,2026-03-11,SMS,GENERAL_QUERY,PENDING
I0000921,C000581,2024-11-14,EMAIL,COLLECTION,ESCALATED
I0000922,C000040,2026-04-07,SMS,PAYMENT_REMINDER,ESCALATED
I0000923,C000232,2025-02-18,APP,LOAN_QUERY,PENDING
I0000924,C000288,2026-03-12,BRANCH,PAYMENT_REMINDER,PENDING
I0000925,C000568,2026-03-31,SMS,COMPLAINT,PENDING
I0000926,C000568,2025-04-02,SMS,LOAN_QUERY,ESCALATED
I0000927,C000015,2025-12-07,EMAIL,COMPLAINT,ESCALATED
I0000928,C000095,2026-01-27,APP,COLLECTION,PENDING
I0000929,C000072,2025-06-30,SMS,LOAN_QUERY,RESOLVED
I0000930,C000080,2025-07-24,CALL,COLLECTION,PENDING
I0000931,C000400,2025-05-11,EMAIL,COLLECTION,RESOLVED
I0000932,C000499,2025-09-14,SMS,COMPLAINT,ESCALATED
I0000933,C000072,2026-04-19,BRANCH,COLLECTION,ESCALATED
I0000934,C000566,2025-12-06,SMS,COLLECTION,ESCALATED
I0000935,C000995,2025-12-25,APP,LOAN_QUERY,RESOLVED
I0000936,C000280,2025-11-06,CALL,COLLECTION,PENDING
I0000937,C000944,2026-07-23,CALL,COLLECTION,RESOLVED
I0000938,C000688,2025-04-14,BRANCH,COMPLAINT,ESCALATED
I0000939,C000992,2025-07-17,EMAIL,COLLECTION,RESOLVED
I0000940,C000224,2024-10-05,APP,COLLECTION,PENDING
I0000941,C000812,2026-04-23,BRANCH,GENERAL_QUERY,PENDING
I0000942,C000394,2026-02-25,CALL,PAYMENT_REMINDER,ESCALATED
I0000943,C000589,2025-05-26,SMS,LOAN_QUERY,PENDING
I0000944,C000349,2025-10-21,CALL,COLLECTION,ESCALATED
I0000945,C000357,2025-08-14,EMAIL,COLLECTION,PENDING
I0000946,C000562,2026-03-03,SMS,COMPLAINT,ESCALATED
I0000947,C000478,2025-08-26,APP,COLLECTION,PENDING
I0000948,C000307,2026-01-13,EMAIL,LOAN_QUERY,ESCALATED
I0000949,C000380,2025-04-13,CALL,COMPLAINT,RESOLVED
I0000950,C000583,2025-11-30,BRANCH,LOAN_QUERY,PENDING
I0000951,C000675,2026-05-10,BRANCH,PAYMENT_REMINDER,ESCALATED
I0000952,C000889,2026-05-27,BRANCH,GENERAL_QUERY,ESCALATED
I0000953,C000694,2025-07-13,CALL,COMPLAINT,PENDING
I0000954,C000539,2025-02-12,APP,PAYMENT_REMINDER,PENDING
I0000955,C000825,2026-08-03,SMS,COMPLAINT,PENDING
I0000956,C000097,2026-02-24,EMAIL,COLLECTION,RESOLVED
I0000957,C000608,2025-11-10,SMS,COLLECTION,RESOLVED
I0000958,C000702,2025-03-22,SMS,COLLECTION,RESOLVED
I0000959,C000805,2024-09-18,SMS,COLLECTION,RESOLVED
I0000960,C000688,2026-07-13,APP,GENERAL_QUERY,PENDING
I0000961,C000362,2026-01-11,SMS,COLLECTION,RESOLVED
I0000962,C000619,2026-07-14,CALL,COLLECTION,ESCALATED
I0000963,C000733,2026-08-30,EMAIL,PAYMENT_REMINDER,ESCALATED
I0000964,C000058,2025-08-27,CALL,COMPLAINT,ESCALATED
I0000965,C000254,2025-01-13,BRANCH,GENERAL_QUERY,ESCALATED
I0000966,C000463,2025-02-19,BRANCH,COLLECTION,ESCALATED
I0000967,C000509,2025-07-19,SMS,GENERAL_QUERY,RESOLVED
I0000968,C000419,2026-06-02,APP,COMPLAINT,RESOLVED
I0000969,C000846,2024-12-17,BRANCH,COMPLAINT,ESCALATED
I0000970,C000913,2024-10-25,BRANCH,PAYMENT_REMINDER,PENDING
I0000971,C000303,2026-06-29,CALL,GENERAL_QUERY,ESCALATED
I0000972,C000913,2025-11-11,BRANCH,COMPLAINT,ESCALATED
I0000973,C000810,2024-11-01,CALL,PAYMENT_REMINDER,PENDING
I0000974,C000076,2025-12-05,BRANCH,GENERAL_QUERY,RESOLVED
I0000975,C000554,2026-07-31,EMAIL,GENERAL_QUERY,RESOLVED
I0000976,C000065,2025-01-03,SMS,GENERAL_QUERY,RESOLVED
I0000977,C000915,2025-08-06,CALL,LOAN_QUERY,PENDING
I0000978,C000189,2024-11-19,BRANCH,COLLECTION,ESCALATED
I0000979,C000680,2025-07-11,BRANCH,COMPLAINT,RESOLVED
I0000980,C000407,2025-07-24,SMS,GENERAL_QUERY,ESCALATED
I0000981,C000601,2024-12-27,BRANCH,GENERAL_QUERY,PENDING
I0000982,C000430,2024-09-21,BRANCH,LOAN_QUERY,PENDING
I0000983,C000619,2024-12-01,CALL,LOAN_QUERY,RESOLVED
I0000984,C000350,2025-08-07,CALL,PAYMENT_REMINDER,ESCALATED
I0000985,C000586,2025-05-24,EMAIL,COMPLAINT,PENDING
I0000986,C000071,2025-06-19,APP,GENERAL_QUERY,RESOLVED
I0000987,C000366,2026-08-16,SMS,COMPLAINT,PENDING
I0000988,C000160,2025-05-21,APP,COLLECTION,ESCALATED
I0000989,C000603,2026-04-07,SMS,COMPLAINT,ESCALATED
I0000990,C000646,2025-08-31,CALL,COLLECTION,ESCALATED
I0000991,C000576,2026-03-01,SMS,PAYMENT_REMINDER,ESCALATED
I0000992,C000026,2025-10-14,APP,GENERAL_QUERY,ESCALATED
I0000993,C000011,2025-07-28,EMAIL,LOAN_QUERY,PENDING
I0000994,C000358,2025-04-19,BRANCH,LOAN_QUERY,ESCALATED
I0000995,C000155,2025-05-30,APP,PAYMENT_REMINDER,ESCALATED
I0000996,C000314,2025-10-08,EMAIL,LOAN_QUERY,PENDING
I0000997,C000037,2026-02-14,CALL,PAYMENT_REMINDER,PENDING
I0000998,C000813,2026-09-05,APP,GENERAL_QUERY,RESOLVED
I0000999,C000664,2025-10-27,EMAIL,LOAN_QUERY,RESOLVED
I0001000,C000104,2025-07-22,APP,COLLECTION,RESOLVED
I0001001,C000847,2025-05-24,SMS,GENERAL_QUERY,ESCALATED
I0001002,C000809,2025-05-28,EMAIL,LOAN_QUERY,PENDING
I0001003,C000290,2026-04-22,EMAIL,LOAN_QUERY,PENDING
I0001004,C000334,2026-04-28,EMAIL,GENERAL_QUERY,PENDING
I0001005,C000748,2025-06-21,APP,PAYMENT_REMINDER,RESOLVED
I0001006,C000303,2026-08-07,BRANCH,LOAN_QUERY,PENDING
I0001007,C000410,2025-10-04,APP,GENERAL_QUERY,ESCALATED
I0001008,C000371,2025-06-16,APP,GENERAL_QUERY,RESOLVED
I0001009,C000393,2024-12-02,APP,COMPLAINT,RESOLVED
I0001010,C000682,2025-01-27,CALL,COMPLAINT,ESCALATED
I0001011,C000210,2025-04-01,BRANCH,GENERAL_QUERY,PENDING
I0001012,C000569,2025-09-16,CALL,GENERAL_QUERY,RESOLVED
I0001013,C000937,2025-08-16,CALL,COMPLAINT,ESCALATED
I0001014,C000277,2025-04-17,EMAIL,COLLECTION,RESOLVED
I0001015,C000171,2024-09-20,APP,GENERAL_QUERY,RESOLVED
I0001016,C000518,2024-09-21,BRANCH,COLLECTION,PENDING
I0001017,C000858,2024-10-26,CALL,PAYMENT_REMINDER,ESCALATED
I0001018,C000407,2025-07-13,APP,PAYMENT_REMINDER,ESCALATED
I0001019,C000954,2025-10-27,EMAIL,COLLECTION,RESOLVED
I0001020,C000761,2025-08-28,SMS,COMPLAINT,RESOLVED
I0001021,C000763,2025-06-05,EMAIL,GENERAL_QUERY,ESCALATED
I0001022,C000225,2025-10-25,CALL,COLLECTION,RESOLVED
I0001023,C000310,2026-05-20,SMS,COLLECTION,ESCALATED
I0001024,C000812,2026-06-06,APP,COLLECTION,PENDING
I0001025,C000429,2025-08-04,SMS,LOAN_QUERY,PENDING
I0001026,C000732,2026-06-05,SMS,PAYMENT_REMINDER,ESCALATED
I0001027,C000181,2025-11-02,SMS,COLLECTION,PENDING
I0001028,C000440,2026-07-12,EMAIL,PAYMENT_REMINDER,PENDING
I0001029,C000174,2024-12-28,APP,COMPLAINT,ESCALATED
I0001030,C000734,2025-04-30,SMS,COLLECTION,RESOLVED
I0001031,C000967,2026-02-28,APP,GENERAL_QUERY,PENDING
I0001032,C000914,2024-10-30,BRANCH,COMPLAINT,PENDING
I0001033,C000308,2025-06-20,BRANCH,COMPLAINT,RESOLVED
I0001034,C000943,2024-11-10,APP,GENERAL_QUERY,PENDING
I0001035,C000901,2025-08-04,APP,COLLECTION,RESOLVED
I0001036,C000156,2025-07-10,SMS,COMPLAINT,ESCALATED
I0001037,C000097,2025-06-17,EMAIL,COLLECTION,RESOLVED
I0001038,C000158,2025-04-02,SMS,PAYMENT_REMINDER,RESOLVED
I0001039,C000984,2025-05-26,EMAIL,GENERAL_QUERY,RESOLVED
I0001040,C000920,2024-12-07,EMAIL,LOAN_QUERY,PENDING
I0001041,C000682,2025-01-13,SMS,PAYMENT_REMINDER,ESCALATED
I0001042,C000498,2025-01-30,CALL,COLLECTION,ESCALATED
I0001043,C000274,2026-08-09,SMS,COMPLAINT,PENDING
I0001044,C000246,2025-04-03,APP,COLLECTION,RESOLVED
I0001045,C000147,2026-07-17,EMAIL,PAYMENT_REMINDER,ESCALATED
I0001046,C000053,2025-05-08,SMS,LOAN_QUERY,PENDING
I0001047,C000886,2025-04-05,EMAIL,COMPLAINT,ESCALATED
I0001048,C000477,2024-11-08,APP,PAYMENT_REMINDER,ESCALATED
I0001049,C000191,2026-05-06,EMAIL,PAYMENT_REMINDER,PENDING
I0001050,C000574,2025-10-18,BRANCH,COLLECTION,PENDING
I0001051,C000172,2025-12-17,SMS,COMPLAINT,ESCALATED
I0001052,C000183,2026-01-04,APP,LOAN_QUERY,ESCALATED
I0001053,C000933,2025-09-17,BRANCH,PAYMENT_REMINDER,RESOLVED
I0001054,C000525,2026-09-10,CALL,COMPLAINT,RESOLVED
I0001055,C000862,2025-05-03,APP,GENERAL_QUERY,RESOLVED
I0001056,C000684,2024-09-19,CALL,PAYMENT_REMINDER,ESCALATED
I0001057,C000853,2025-01-05,CALL,GENERAL_QUERY,RESOLVED
I0001058,C000524,2026-05-31,SMS,GENERAL_QUERY,PENDING
I0001059,C000928,2026-07-06,EMAIL,PAYMENT_REMINDER,ESCALATED
I0001060,C000956,2026-06-25,EMAIL,LOAN_QUERY,PENDING
I0001061,C000895,2025-02-19,BRANCH,LOAN_QUERY,PENDING
I0001062,C000780,2025-02-19,SMS,LOAN_QUERY,PENDING
I0001063,C000834,2025-11-01,BRANCH,LOAN_QUERY,ESCALATED
I0001064,C000107,2025-07-28,EMAIL,PAYMENT_REMINDER,PENDING
I0001065,C000338,2026-08-25,BRANCH,COMPLAINT,PENDING
I0001066,C000832,2025-11-05,SMS,GENERAL_QUERY,ESCALATED
I0001067,C000371,2025-08-12,BRANCH,GENERAL_QUERY,RESOLVED
I0001068,C000482,2024-09-29,EMAIL,GENERAL_QUERY,RESOLVED
I0001069,C000103,2025-10-19,BRANCH,PAYMENT_REMINDER,RESOLVED
I0001070,C000084,2026-05-11,CALL,COLLECTION,PENDING
I0001071,C000697,2025-03-16,SMS,GENERAL_QUERY,PENDING
I0001072,C000300,2026-06-27,EMAIL,COLLECTION,ESCALATED
I0001073,C000622,2025-05-21,EMAIL,COMPLAINT,ESCALATED
I0001074,C000961,2026-06-15,BRANCH,COLLECTION,PENDING
I0001075,C000342,2025-09-16,EMAIL,GENERAL_QUERY,RESOLVED
I0001076,C000836,2026-07-21,CALL,GENERAL_QUERY,ESCALATED
I0001077,C000737,2024-10-18,CALL,COLLECTION,PENDING
I0001078,C000210,2026-04-06,BRANCH,COLLECTION,RESOLVED
I0001079,C000134,2024-11-04,CALL,GENERAL_QUERY,ESCALATED
I0001080,C000812,2025-09-02,CALL,COLLECTION,ESCALATED
I0001081,C000286,2024-10-01,BRANCH,COMPLAINT,ESCALATED
I0001082,C000456,2025-03-25,CALL,COMPLAINT,ESCALATED
I0001083,C000539,2025-07-30,APP,PAYMENT_REMINDER,ESCALATED
I0001084,C000487,2025-02-13,BRANCH,LOAN_QUERY,RESOLVED
I0001085,C000349,2024-10-21,APP,LOAN_QUERY,PENDING
I0001086,C000546,2026-08-01,APP,COMPLAINT,RESOLVED
I0001087,C000127,2026-01-12,APP,GENERAL_QUERY,RESOLVED
I0001088,C000585,2025-05-05,APP,COMPLAINT,PENDING
I0001089,C000368,2026-06-07,CALL,COMPLAINT,PENDING
I0001090,C000308,2026-09-13,EMAIL,PAYMENT_REMINDER,RESOLVED
I0001091,C000836,2025-04-11,CALL,PAYMENT_REMINDER,PENDING
I0001092,C000859,2025-01-13,BRANCH,PAYMENT_REMINDER,ESCALATED
I0001093,C000287,2026-08-28,SMS,PAYMENT_REMINDER,PENDING
I0001094,C000351,2025-02-27,SMS,GENERAL_QUERY,ESCALATED
I0001095,C000589,2025-10-19,SMS,COLLECTION,RESOLVED
I0001096,C000786,2026-01-28,CALL,LOAN_QUERY,PENDING
I0001097,C000869,2025-08-01,CALL,COLLECTION,PENDING
I0001098,C000067,2024-11-02,CALL,COMPLAINT,PENDING
I0001099,C000801,2025-01-28,EMAIL,COLLECTION,RESOLVED
I0001100,C000061,2024-10-21,CALL,LOAN_QUERY,PENDING
I0001101,C000239,2026-05-28,SMS,LOAN_QUERY,RESOLVED
I0001102,C000214,2026-03-08,BRANCH,COLLECTION,RESOLVED
I0001103,C000228,2025-06-01,BRANCH,GENERAL_QUERY,RESOLVED
I0001104,C000981,2026-04-07,EMAIL,PAYMENT_REMINDER,ESCALATED
I0001105,C000610,2024-10-23,SMS,GENERAL_QUERY,RESOLVED
I0001106,C000093,2025-11-09,CALL,LOAN_QUERY,PENDING
I0001107,C000278,2026-01-03,CALL,COMPLAINT,PENDING
I0001108,C000568,2026-04-10,EMAIL,COLLECTION,RESOLVED
I0001109,C000008,2025-11-05,BRANCH,GENERAL_QUERY,ESCALATED
I0001110,C000749,2025-03-08,EMAIL,LOAN_QUERY,PENDING
I0001111,C000423,2024-10-09,EMAIL,PAYMENT_REMINDER,RESOLVED
I0001112,C000481,2026-01-01,EMAIL,COMPLAINT,RESOLVED
I0001113,C000219,2026-05-12,CALL,COMPLAINT,ESCALATED
I0001114,C000309,2026-07-25,APP,GENERAL_QUERY,PENDING
I0001115,C000653,2025-04-19,EMAIL,PAYMENT_REMINDER,RESOLVED
I0001116,C000737,2026-04-18,APP,COLLECTION,PENDING
I0001117,C000364,2024-11-08,EMAIL,COLLECTION,RESOLVED
I0001118,C000311,2025-02-28,CALL,COLLECTION,RESOLVED
I0001119,C000197,2025-04-13,EMAIL,PAYMENT_REMINDER,ESCALATED
I0001120,C000121,2026-02-16,BRANCH,COLLECTION,ESCALATED
I0001121,C000544,2025-12-09,SMS,LOAN_QUERY,PENDING
I0001122,C000311,2024-09-25,APP,PAYMENT_REMINDER,RESOLVED
I0001123,C000083,2025-12-13,SMS,COLLECTION,RESOLVED
I0001124,C000507,2026-05-07,BRANCH,LOAN_QUERY,PENDING
I0001125,C000409,2025-08-18,SMS,GENERAL_QUERY,ESCALATED
I0001126,C000084,2026-01-24,APP,COLLECTION,RESOLVED
I0001127,C000676,2024-11-06,SMS,COMPLAINT,ESCALATED
I0001128,C000474,2026-06-17,APP,PAYMENT_REMINDER,ESCALATED
I0001129,C000294,2025-12-31,APP,GENERAL_QUERY,ESCALATED
I0001130,C000540,2025-09-20,CALL,LOAN_QUERY,RESOLVED
I0001131,C000278,2025-12-23,APP,PAYMENT_REMINDER,PENDING
I0001132,C000996,2025-09-27,EMAIL,LOAN_QUERY,RESOLVED
I0001133,C000296,2026-07-22,APP,COLLECTION,RESOLVED
I0001134,C000449,2026-07-04,EMAIL,COLLECTION,RESOLVED
I0001135,C000376,2026-08-31,BRANCH,COMPLAINT,PENDING
I0001136,C000938,2026-06-15,CALL,LOAN_QUERY,ESCALATED
I0001137,C000584,2026-08-12,BRANCH,PAYMENT_REMINDER,PENDING
I0001138,C000047,2025-12-07,SMS,COMPLAINT,PENDING
I0001139,C000014,2026-07-29,CALL,COMPLAINT,ESCALATED
I0001140,C000315,2025-09-29,SMS,GENERAL_QUERY,PENDING
I0001141,C000082,2024-12-29,SMS,LOAN_QUERY,RESOLVED
I0001142,C000647,2026-06-30,SMS,PAYMENT_REMINDER,RESOLVED
I0001143,C000719,2025-04-15,BRANCH,COLLECTION,RESOLVED
I0001144,C000316,2025-06-04,BRANCH,PAYMENT_REMINDER,RESOLVED
I0001145,C000159,2025-01-12,SMS,COLLECTION,ESCALATED
I0001146,C000774,2025-11-21,CALL,COMPLAINT,ESCALATED
I0001147,C000659,2025-04-12,CALL,PAYMENT_REMINDER,ESCALATED
I0001148,C000292,2024-12-10,BRANCH,PAYMENT_REMINDER,PENDING
I0001149,C000975,2025-02-25,APP,GENERAL_QUERY,ESCALATED
I0001150,C000428,2025-06-24,APP,GENERAL_QUERY,PENDING
I0001151,C000052,2025-07-15,SMS,LOAN_QUERY,ESCALATED
I0001152,C000378,2026-01-02,BRANCH,PAYMENT_REMINDER,RESOLVED
I0001153,C000160,2025-04-13,SMS,COMPLAINT,PENDING
I0001154,C000869,2025-10-30,SMS,GENERAL_QUERY,ESCALATED
I0001155,C000316,2024-09-26,SMS,LOAN_QUERY,PENDING
I0001156,C000264,2025-05-06,SMS,LOAN_QUERY,PENDING
I0001157,C000431,2025-05-20,EMAIL,GENERAL_QUERY,RESOLVED
I0001158,C000063,2026-08-27,EMAIL,GENERAL_QUERY,ESCALATED
I0001159,C000223,2024-10-18,APP,COMPLAINT,RESOLVED
I0001160,C000842,2025-09-11,BRANCH,LOAN_QUERY,PENDING
I0001161,C000620,2025-02-21,SMS,COMPLAINT,ESCALATED
I0001162,C000639,2025-06-17,BRANCH,PAYMENT_REMINDER,RESOLVED
I0001163,C000042,2026-04-24,EMAIL,GENERAL_QUERY,ESCALATED
I0001164,C000129,2026-05-07,SMS,PAYMENT_REMINDER,PENDING
I0001165,C000439,2025-07-06,EMAIL,GENERAL_QUERY,ESCALATED
I0001166,C000478,2026-04-22,EMAIL,PAYMENT_REMINDER,RESOLVED
I0001167,C000581,2026-03-06,APP,PAYMENT_REMINDER,RESOLVED
I0001168,C000958,2025-10-03,SMS,COLLECTION,PENDING
I0001169,C000809,2025-05-06,EMAIL,COMPLAINT,ESCALATED
I0001170,C000986,2025-10-16,CALL,LOAN_QUERY,ESCALATED
I0001171,C000296,2024-09-26,BRANCH,PAYMENT_REMINDER,ESCALATED
I0001172,C000417,2025-12-05,APP,COMPLAINT,RESOLVED
I0001173,C000593,2025-05-24,APP,COLLECTION,PENDING
I0001174,C000424,2025-10-08,CALL,GENERAL_QUERY,ESCALATED
I0001175,C000033,2026-01-26,SMS,PAYMENT_REMINDER,RESOLVED
I0001176,C000853,2026-01-25,EMAIL,GENERAL_QUERY,PENDING
I0001177,C000731,2025-03-08,APP,COLLECTION,PENDING
I0001178,C000874,2025-12-05,BRANCH,COLLECTION,RESOLVED
I0001179,C000863,2025-03-30,BRANCH,LOAN_QUERY,PENDING
I0001180,C000049,2026-02-23,BRANCH,COLLECTION,RESOLVED
I0001181,C000903,2024-09-30,SMS,GENERAL_QUERY,RESOLVED
I0001182,C000978,2026-08-06,CALL,COMPLAINT,ESCALATED
I0001183,C000240,2025-06-04,APP,COLLECTION,ESCALATED
I0001184,C000864,2025-12-13,EMAIL,PAYMENT_REMINDER,ESCALATED
I0001185,C000268,2026-06-21,CALL,COMPLAINT,ESCALATED
I0001186,C000718,2026-01-16,SMS,GENERAL_QUERY,ESCALATED
I0001187,C000988,2026-04-30,SMS,PAYMENT_REMINDER,PENDING
I0001188,C000567,2025-11-16,CALL,COMPLAINT,RESOLVED
I0001189,C000533,2024-10-21,SMS,COLLECTION,PENDING
I0001190,C000706,2025-01-03,APP,PAYMENT_REMINDER,PENDING
I0001191,C000265,2026-02-08,CALL,LOAN_QUERY,PENDING
I0001192,C000602,2025-08-17,BRANCH,LOAN_QUERY,PENDING
I0001193,C000513,2024-09-16,CALL,GENERAL_QUERY,RESOLVED
I0001194,C000957,2025-01-24,CALL,COMPLAINT,RESOLVED
I0001195,C000774,2026-03-27,CALL,COLLECTION,RESOLVED
I0001196,C000209,2026-01-08,BRANCH,PAYMENT_REMINDER,ESCALATED
I0001197,C000231,2025-03-29,SMS,LOAN_QUERY,PENDING
I0001198,C000661,2025-04-13,EMAIL,COLLECTION,RESOLVED
I0001199,C000769,2025-01-08,BRANCH,GENERAL_QUERY,ESCALATED
I0001200,C000774,2026-02-03,SMS,PAYMENT_REMINDER,ESCALATED
I0001201,C000467,2026-07-25,APP,COLLECTION,ESCALATED
I0001202,C000868,2026-06-06,SMS,GENERAL_QUERY,ESCALATED
I0001203,C000901,2026-07-13,BRANCH,COMPLAINT,ESCALATED
I0001204,C000814,2024-10-20,EMAIL,PAYMENT_REMINDER,ESCALATED
I0001205,C000498,2026-05-31,CALL,COMPLAINT,ESCALATED
I0001206,C000057,2025-03-16,SMS,COMPLAINT,ESCALATED
I0001207,C000575,2024-11-24,CALL,GENERAL_QUERY,PENDING
I0001208,C000070,2025-06-17,EMAIL,LOAN_QUERY,ESCALATED
I0001209,C000188,2026-08-24,APP,COLLECTION,RESOLVED
I0001210,C000446,2025-11-02,APP,COLLECTION,RESOLVED
I0001211,C000692,2025-12-26,BRANCH,GENERAL_QUERY,RESOLVED
I0001212,C000927,2026-05-01,CALL,COLLECTION,PENDING
I0001213,C000354,2025-01-02,SMS,PAYMENT_REMINDER,ESCALATED
I0001214,C000450,2025-05-31,APP,GENERAL_QUERY,ESCALATED
I0001215,C000062,2025-10-25,EMAIL,COLLECTION,ESCALATED
I0001216,C000845,2025-04-21,BRANCH,COMPLAINT,PENDING
I0001217,C000105,2026-01-03,CALL,COLLECTION,ESCALATED
I0001218,C000798,2026-07-01,APP,COLLECTION,PENDING
I0001219,C000280,2026-07-24,EMAIL,LOAN_QUERY,RESOLVED
I0001220,C000654,2024-09-29,BRANCH,COMPLAINT,ESCALATED
I0001221,C000631,2025-09-15,SMS,GENERAL_QUERY,ESCALATED
I0001222,C000245,2025-02-11,BRANCH,PAYMENT_REMINDER,PENDING
I0001223,C000674,2026-07-03,SMS,COLLECTION,PENDING
I0001224,C000284,2025-05-16,CALL,LOAN_QUERY,RESOLVED
I0001225,C000470,2025-01-13,CALL,COLLECTION,RESOLVED
I0001226,C000005,2024-10-17,EMAIL,LOAN_QUERY,RESOLVED
I0001227,C000479,2025-03-11,BRANCH,COMPLAINT,PENDING
I0001228,C000818,2024-11-29,EMAIL,PAYMENT_REMINDER,PENDING
I0001229,C000759,2025-11-27,BRANCH,GENERAL_QUERY,RESOLVED
I0001230,C000360,2026-04-16,APP,COLLECTION,RESOLVED
I0001231,C000863,2025-08-23,BRANCH,PAYMENT_REMINDER,ESCALATED
I0001232,C000335,2026-02-14,SMS,PAYMENT_REMINDER,ESCALATED
I0001233,C000068,2025-09-08,CALL,LOAN_QUERY,ESCALATED
I0001234,C000477,2025-09-16,EMAIL,COLLECTION,PENDING
I0001235,C000128,2025-04-25,EMAIL,COLLECTION,ESCALATED
I0001236,C000302,2025-11-03,CALL,LOAN_QUERY,PENDING
I0001237,C000011,2025-08-21,SMS,COLLECTION,ESCALATED
I0001238,C000156,2025-09-08,EMAIL,COLLECTION,RESOLVED
I0001239,C000740,2025-06-24,EMAIL,PAYMENT_REMINDER,PENDING
I0001240,C000073,2026-01-02,CALL,LOAN_QUERY,RESOLVED
I0001241,C000016,2025-06-26,BRANCH,COMPLAINT,ESCALATED
I0001242,C000619,2024-12-13,APP,PAYMENT_REMINDER,ESCALATED
I0001243,C000428,2026-02-07,BRANCH,GENERAL_QUERY,RESOLVED
I0001244,C000976,2025-05-13,APP,LOAN_QUERY,PENDING
I0001245,C000756,2024-11-06,BRANCH,COLLECTION,RESOLVED
I0001246,C000115,2025-10-19,BRANCH,LOAN_QUERY,PENDING
I0001247,C000653,2026-08-15,APP,PAYMENT_REMINDER,RESOLVED
I0001248,C000570,2025-08-12,EMAIL,PAYMENT_REMINDER,PENDING
I0001249,C000698,2026-04-12,EMAIL,LOAN_QUERY,PENDING
I0001250,C000523,2025-04-11,EMAIL,GENERAL_QUERY,RESOLVED
I0001251,C000610,2026-08-23,CALL,PAYMENT_REMINDER,ESCALATED
I0001252,C000180,2026-03-03,CALL,COLLECTION,ESCALATED
I0001253,C000080,2025-10-26,CALL,LOAN_QUERY,RESOLVED
I0001254,C000833,2026-03-30,CALL,GENERAL_QUERY,RESOLVED
I0001255,C000602,2025-01-17,APP,COLLECTION,ESCALATED
I0001256,C000555,2025-02-19,CALL,PAYMENT_REMINDER,ESCALATED
I0001257,C000476,2024-09-18,EMAIL,LOAN_QUERY,RESOLVED
I0001258,C000018,2025-10-10,EMAIL,COMPLAINT,ESCALATED
I0001259,C000951,2025-10-26,EMAIL,GENERAL_QUERY,PENDING
I0001260,C000735,2026-04-25,EMAIL,PAYMENT_REMINDER,RESOLVED
I0001261,C000020,2026-04-01,CALL,PAYMENT_REMINDER,PENDING
I0001262,C000169,2024-12-25,SMS,COMPLAINT,RESOLVED
I0001263,C000513,2026-06-29,CALL,COMPLAINT,ESCALATED
I0001264,C000308,2025-12-30,CALL,PAYMENT_REMINDER,ESCALATED
I0001265,C000198,2025-05-22,APP,PAYMENT_REMINDER,RESOLVED
I0001266,C000784,2026-05-20,APP,GENERAL_QUERY,RESOLVED
I0001267,C000889,2026-01-27,SMS,COLLECTION,RESOLVED
I0001268,C000957,2025-10-24,APP,COMPLAINT,ESCALATED
I0001269,C000908,2026-07-26,CALL,PAYMENT_REMINDER,ESCALATED
I0001270,C000144,2025-07-20,CALL,COMPLAINT,RESOLVED
I0001271,C000547,2026-03-10,SMS,PAYMENT_REMINDER,RESOLVED
I0001272,C000211,2025-10-20,EMAIL,COMPLAINT,RESOLVED
I0001273,C000257,2026-06-04,CALL,PAYMENT_REMINDER,RESOLVED
I0001274,C000665,2026-09-14,APP,GENERAL_QUERY,PENDING
I0001275,C000834,2025-04-18,CALL,COLLECTION,RESOLVED
I0001276,C000570,2024-12-07,BRANCH,GENERAL_QUERY,RESOLVED
I0001277,C000408,2025-12-03,EMAIL,COLLECTION,RESOLVED
I0001278,C000343,2025-08-08,APP,GENERAL_QUERY,RESOLVED
I0001279,C000668,2025-01-17,APP,PAYMENT_REMINDER,PENDING
I0001280,C000178,2025-03-25,APP,COLLECTION,RESOLVED
I0001281,C000417,2026-01-31,SMS,COLLECTION,RESOLVED
I0001282,C000220,2026-05-04,BRANCH,PAYMENT_REMINDER,ESCALATED
I0001283,C000713,2025-03-05,CALL,PAYMENT_REMINDER,PENDING
I0001284,C000933,2025-01-24,SMS,PAYMENT_REMINDER,PENDING
I0001285,C000536,2026-08-09,CALL,COMPLAINT,PENDING
I0001286,C000616,2025-08-15,APP,COLLECTION,RESOLVED
I0001287,C000899,2024-10-10,BRANCH,COMPLAINT,PENDING
I0001288,C000273,2026-04-11,CALL,PAYMENT_REMINDER,ESCALATED
I0001289,C000404,2026-01-28,SMS,COLLECTION,RESOLVED
I0001290,C000689,2025-06-23,SMS,COLLECTION,ESCALATED
I0001291,C000887,2026-03-31,EMAIL,COMPLAINT,ESCALATED
I0001292,C000913,2025-11-16,CALL,LOAN_QUERY,PENDING
I0001293,C000270,2025-07-05,SMS,LOAN_QUERY,PENDING
I0001294,C000249,2026-03-26,EMAIL,COMPLAINT,PENDING
I0001295,C000139,2026-01-12,APP,COLLECTION,ESCALATED
I0001296,C000280,2026-04-26,CALL,COMPLAINT,RESOLVED
I0001297,C000777,2025-04-21,EMAIL,LOAN_QUERY,ESCALATED
I0001298,C000138,2025-01-22,SMS,GENERAL_QUERY,PENDING
I0001299,C000583,2025-09-07,CALL,COLLECTION,RESOLVED
I0001300,C000324,2025-08-08,BRANCH,COLLECTION,RESOLVED
I0001301,C000133,2026-06-29,SMS,GENERAL_QUERY,RESOLVED
I0001302,C000415,2025-09-24,BRANCH,COMPLAINT,RESOLVED
I0001303,C000713,2025-05-01,SMS,COLLECTION,PENDING
I0001304,C000241,2026-09-06,APP,COLLECTION,RESOLVED
I0001305,C000559,2025-10-22,CALL,COLLECTION,PENDING
I0001306,C000841,2025-02-25,SMS,GENERAL_QUERY,PENDING
I0001307,C000391,2024-12-01,CALL,GENERAL_QUERY,RESOLVED
I0001308,C000714,2026-07-07,BRANCH,GENERAL_QUERY,PENDING
I0001309,C000288,2025-08-26,BRANCH,GENERAL_QUERY,PENDING
I0001310,C000084,2025-02-12,EMAIL,GENERAL_QUERY,RESOLVED
I0001311,C000572,2026-03-13,CALL,GENERAL_QUERY,RESOLVED
I0001312,C000312,2024-09-17,CALL,COMPLAINT,RESOLVED
I0001313,C000743,2025-07-11,CALL,LOAN_QUERY,RESOLVED
I0001314,C000194,2025-07-25,BRANCH,LOAN_QUERY,ESCALATED
I0001315,C000421,2025-02-04,SMS,LOAN_QUERY,ESCALATED
I0001316,C000169,2026-07-03,BRANCH,COLLECTION,RESOLVED
I0001317,C000911,2025-12-18,APP,PAYMENT_REMINDER,PENDING
I0001318,C000039,2025-02-28,APP,GENERAL_QUERY,ESCALATED
I0001319,C000143,2026-02-08,CALL,PAYMENT_REMINDER,ESCALATED
I0001320,C000729,2026-01-27,BRANCH,COLLECTION,PENDING
I0001321,C000683,2026-08-27,CALL,GENERAL_QUERY,ESCALATED
I0001322,C000825,2026-02-27,CALL,PAYMENT_REMINDER,ESCALATED
I0001323,C000162,2024-11-22,SMS,LOAN_QUERY,PENDING
I0001324,C000403,2025-07-01,BRANCH,COMPLAINT,PENDING
I0001325,C000516,2024-11-26,CALL,GENERAL_QUERY,PENDING
I0001326,C000079,2026-06-08,APP,PAYMENT_REMINDER,PENDING
I0001327,C000772,2025-11-01,SMS,COMPLAINT,RESOLVED
I0001328,C000570,2026-09-03,APP,COMPLAINT,PENDING
I0001329,C000724,2026-08-11,BRANCH,COLLECTION,RESOLVED
I0001330,C000381,2026-05-29,BRANCH,GENERAL_QUERY,RESOLVED
I0001331,C000874,2026-05-02,BRANCH,LOAN_QUERY,ESCALATED
I0001332,C000835,2024-11-25,SMS,PAYMENT_REMINDER,ESCALATED
I0001333,C000484,2025-09-15,APP,PAYMENT_REMINDER,ESCALATED
I0001334,C000563,2025-11-10,EMAIL,COLLECTION,RESOLVED
I0001335,C000921,2025-10-09,EMAIL,COMPLAINT,ESCALATED
I0001336,C000608,2025-01-10,APP,COMPLAINT,RESOLVED
I0001337,C000059,2025-05-03,SMS,COMPLAINT,RESOLVED
I0001338,C000933,2026-05-14,APP,COLLECTION,RESOLVED
I0001339,C000457,2025-01-07,BRANCH,GENERAL_QUERY,PENDING
I0001340,C000658,2026-08-05,BRANCH,PAYMENT_REMINDER,RESOLVED
I0001341,C000005,2025-07-09,SMS,COLLECTION,ESCALATED
I0001342,C000996,2026-06-17,APP,GENERAL_QUERY,RESOLVED
I0001343,C000823,2025-06-24,BRANCH,PAYMENT_REMINDER,RESOLVED
I0001344,C000833,2026-06-16,CALL,LOAN_QUERY,RESOLVED
I0001345,C000450,2025-06-06,CALL,LOAN_QUERY,ESCALATED
I0001346,C000776,2025-11-27,BRANCH,COLLECTION,PENDING
I0001347,C000386,2025-05-16,CALL,COLLECTION,PENDING
I0001348,C000223,2025-08-03,APP,GENERAL_QUERY,ESCALATED
I0001349,C000317,2026-01-12,APP,COLLECTION,RESOLVED
I0001350,C000648,2025-11-16,APP,LOAN_QUERY,RESOLVED
I0001351,C000344,2025-12-21,APP,PAYMENT_REMINDER,PENDING
I0001352,C000090,2026-06-27,BRANCH,LOAN_QUERY,PENDING
I0001353,C000450,2024-10-04,APP,COMPLAINT,RESOLVED
I0001354,C000952,2026-09-11,CALL,COLLECTION,ESCALATED
I0001355,C000900,2025-08-08,CALL,GENERAL_QUERY,RESOLVED
I0001356,C000670,2026-09-06,SMS,PAYMENT_REMINDER,ESCALATED
I0001357,C000511,2025-01-12,SMS,GENERAL_QUERY,ESCALATED
I0001358,C000971,2025-03-17,BRANCH,GENERAL_QUERY,RESOLVED
I0001359,C000631,2024-12-28,SMS,PAYMENT_REMINDER,PENDING
I0001360,C000454,2025-09-08,APP,COLLECTION,RESOLVED
I0001361,C000142,2026-04-02,EMAIL,COMPLAINT,ESCALATED
I0001362,C000125,2025-01-06,SMS,LOAN_QUERY,ESCALATED
I0001363,C000945,2025-03-05,APP,COLLECTION,PENDING
I0001364,C000280,2026-02-05,EMAIL,GENERAL_QUERY,ESCALATED
I0001365,C000997,2025-09-18,APP,COMPLAINT,RESOLVED
I0001366,C000632,2024-12-17,BRANCH,PAYMENT_REMINDER,PENDING
I0001367,C000315,2025-08-31,CALL,COLLECTION,RESOLVED
I0001368,C000801,2026-01-14,EMAIL,COMPLAINT,RESOLVED
I0001369,C000295,2025-10-11,BRANCH,PAYMENT_REMINDER,PENDING
I0001370,C000486,2025-12-09,BRANCH,LOAN_QUERY,RESOLVED
I0001371,C000671,2024-10-06,BRANCH,COLLECTION,ESCALATED
I0001372,C000260,2025-01-11,BRANCH,LOAN_QUERY,RESOLVED
I0001373,C000925,2026-08-03,APP,PAYMENT_REMINDER,PENDING
I0001374,C000289,2025-01-27,EMAIL,LOAN_QUERY,RESOLVED
I0001375,C000440,2025-03-12,CALL,COLLECTION,RESOLVED
I0001376,C000563,2025-09-17,SMS,PAYMENT_REMINDER,ESCALATED
I0001377,C000721,2026-02-25,BRANCH,COMPLAINT,PENDING
I0001378,C000944,2026-06-20,CALL,COMPLAINT,ESCALATED
I0001379,C000297,2025-12-05,SMS,COMPLAINT,RESOLVED
I0001380,C000981,2024-10-29,EMAIL,LOAN_QUERY,RESOLVED
I0001381,C000341,2024-10-13,EMAIL,GENERAL_QUERY,ESCALATED
I0001382,C000319,2026-03-20,SMS,COMPLAINT,PENDING
I0001383,C000514,2026-06-09,CALL,COMPLAINT,PENDING
I0001384,C000997,2026-05-27,SMS,PAYMENT_REMINDER,RESOLVED
I0001385,C000555,2026-05-01,BRANCH,PAYMENT_REMINDER,PENDING
I0001386,C000090,2025-08-14,CALL,PAYMENT_REMINDER,PENDING
I0001387,C000069,2025-05-19,SMS,COLLECTION,ESCALATED
I0001388,C000910,2026-06-17,EMAIL,COLLECTION,RESOLVED
I0001389,C000258,2025-04-15,BRANCH,COLLECTION,RESOLVED
I0001390,C000951,2026-07-26,CALL,PAYMENT_REMINDER,RESOLVED
I0001391,C000051,2026-05-29,CALL,LOAN_QUERY,ESCALATED
I0001392,C000685,2026-03-24,CALL,COMPLAINT,RESOLVED
I0001393,C000801,2025-11-11,BRANCH,LOAN_QUERY,RESOLVED
I0001394,C000349,2026-01-16,BRANCH,GENERAL_QUERY,ESCALATED
I0001395,C000765,2026-01-24,BRANCH,COLLECTION,PENDING
I0001396,C000123,2025-08-29,BRANCH,COMPLAINT,ESCALATED
I0001397,C000259,2024-10-29,BRANCH,PAYMENT_REMINDER,ESCALATED
I0001398,C000865,2026-02-19,APP,GENERAL_QUERY,ESCALATED
I0001399,C000737,2026-08-07,BRANCH,LOAN_QUERY,PENDING
I0001400,C000636,2025-11-18,CALL,PAYMENT_REMINDER,PENDING
I0001401,C000068,2025-04-21,APP,GENERAL_QUERY,RESOLVED
I0001402,C000465,2026-06-07,BRANCH,COMPLAINT,ESCALATED
I0001403,C000268,2025-09-12,BRANCH,COLLECTION,PENDING
I0001404,C000521,2025-08-28,APP,LOAN_QUERY,ESCALATED
I0001405,C000559,2025-12-11,EMAIL,PAYMENT_REMINDER,ESCALATED
I0001406,C000746,2025-05-24,SMS,PAYMENT_REMINDER,RESOLVED
I0001407,C000357,2026-03-16,CALL,COLLECTION,RESOLVED
I0001408,C000150,2025-04-05,BRANCH,COLLECTION,RESOLVED
I0001409,C000134,2024-11-09,CALL,LOAN_QUERY,PENDING
I0001410,C000714,2026-01-16,BRANCH,PAYMENT_REMINDER,ESCALATED
I0001411,C000607,2026-05-23,CALL,COLLECTION,ESCALATED
I0001412,C000282,2025-08-27,EMAIL,GENERAL_QUERY,PENDING
I0001413,C000168,2025-08-08,CALL,GENERAL_QUERY,PENDING
I0001414,C000206,2025-10-06,SMS,COLLECTION,ESCALATED
I0001415,C000250,2025-05-17,CALL,COLLECTION,ESCALATED
I0001416,C000896,2025-05-17,EMAIL,GENERAL_QUERY,PENDING
I0001417,C000798,2025-02-20,CALL,GENERAL_QUERY,RESOLVED
I0001418,C000321,2025-12-20,BRANCH,PAYMENT_REMINDER,RESOLVED
I0001419,C000883,2025-10-28,SMS,COMPLAINT,ESCALATED
I0001420,C000895,2024-11-15,CALL,GENERAL_QUERY,PENDING
I0001421,C000683,2026-06-13,APP,COMPLAINT,ESCALATED
I0001422,C000950,2026-07-30,EMAIL,COLLECTION,RESOLVED
I0001423,C000128,2026-07-19,BRANCH,COLLECTION,RESOLVED
I0001424,C000649,2025-11-13,BRANCH,COMPLAINT,RESOLVED
I0001425,C000484,2025-11-10,APP,LOAN_QUERY,PENDING
I0001426,C000557,2026-01-13,SMS,COMPLAINT,RESOLVED
I0001427,C000795,2026-03-02,SMS,PAYMENT_REMINDER,RESOLVED
I0001428,C000069,2024-10-16,APP,COLLECTION,PENDING
I0001429,C000794,2026-07-02,SMS,COLLECTION,ESCALATED
I0001430,C000743,2025-09-02,CALL,PAYMENT_REMINDER,ESCALATED
I0001431,C000246,2026-04-20,BRANCH,GENERAL_QUERY,RESOLVED
I0001432,C000263,2025-02-26,BRANCH,COMPLAINT,PENDING
I0001433,C000017,2025-09-10,BRANCH,LOAN_QUERY,PENDING
I0001434,C000925,2025-10-20,BRANCH,COLLECTION,RESOLVED
I0001435,C000182,2024-11-06,EMAIL,COLLECTION,RESOLVED
I0001436,C000597,2025-06-16,APP,GENERAL_QUERY,ESCALATED
I0001437,C000721,2025-12-12,EMAIL,LOAN_QUERY,RESOLVED
I0001438,C000377,2024-11-05,CALL,GENERAL_QUERY,ESCALATED
I0001439,C000018,2025-05-22,EMAIL,COLLECTION,ESCALATED
I0001440,C000111,2025-10-04,BRANCH,COMPLAINT,PENDING
I0001441,C000617,2025-12-27,EMAIL,GENERAL_QUERY,RESOLVED
I0001442,C000877,2024-10-31,CALL,PAYMENT_REMINDER,RESOLVED
I0001443,C000449,2025-11-23,BRANCH,COLLECTION,ESCALATED
I0001444,C000268,2025-12-11,EMAIL,COLLECTION,ESCALATED
I0001445,C000687,2025-05-08,BRANCH,LOAN_QUERY,RESOLVED
I0001446,C000656,2025-06-30,SMS,COLLECTION,PENDING
I0001447,C000282,2025-10-17,BRANCH,PAYMENT_REMINDER,ESCALATED
I0001448,C000074,2026-01-01,EMAIL,COMPLAINT,ESCALATED
I0001449,C000610,2026-04-30,BRANCH,GENERAL_QUERY,ESCALATED
I0001450,C000868,2026-03-23,BRANCH,PAYMENT_REMINDER,RESOLVED
I0001451,C000100,2026-01-16,EMAIL,PAYMENT_REMINDER,RESOLVED
I0001452,C000163,2025-07-16,APP,COLLECTION,PENDING
I0001453,C000797,2025-01-24,EMAIL,COMPLAINT,PENDING
I0001454,C000171,2025-07-27,EMAIL,PAYMENT_REMINDER,RESOLVED
I0001455,C000029,2026-06-20,SMS,GENERAL_QUERY,RESOLVED
I0001456,C000444,2025-11-17,APP,LOAN_QUERY,PENDING
I0001457,C000695,2025-02-26,SMS,LOAN_QUERY,RESOLVED
I0001458,C000250,2025-10-13,BRANCH,PAYMENT_REMINDER,ESCALATED
I0001459,C000755,2025-04-08,CALL,GENERAL_QUERY,ESCALATED
I0001460,C000750,2025-11-17,SMS,GENERAL_QUERY,PENDING
I0001461,C000853,2025-10-18,BRANCH,COMPLAINT,PENDING
I0001462,C000018,2025-08-26,SMS,COLLECTION,PENDING
I0001463,C000835,2025-08-01,CALL,COMPLAINT,RESOLVED
I0001464,C000376,2025-02-22,APP,PAYMENT_REMINDER,ESCALATED
I0001465,C000864,2025-10-28,CALL,LOAN_QUERY,PENDING
I0001466,C000197,2024-10-03,SMS,COLLECTION,PENDING
I0001467,C000082,2026-07-16,EMAIL,GENERAL_QUERY,PENDING
I0001468,C000490,2025-01-14,SMS,GENERAL_QUERY,PENDING
I0001469,C000488,2024-09-29,CALL,LOAN_QUERY,RESOLVED
I0001470,C000312,2026-03-02,EMAIL,COMPLAINT,ESCALATED
I0001471,C000081,2025-09-23,APP,GENERAL_QUERY,PENDING
I0001472,C000390,2025-07-22,SMS,PAYMENT_REMINDER,PENDING
I0001473,C000381,2024-11-16,SMS,GENERAL_QUERY,ESCALATED
I0001474,C000389,2025-01-11,EMAIL,PAYMENT_REMINDER,ESCALATED
I0001475,C000963,2025-03-19,EMAIL,PAYMENT_REMINDER,ESCALATED
I0001476,C000204,2025-12-21,APP,PAYMENT_REMINDER,RESOLVED
I0001477,C000012,2025-07-23,APP,GENERAL_QUERY,ESCALATED
I0001478,C000028,2026-02-27,EMAIL,COLLECTION,ESCALATED
I0001479,C000637,2024-12-09,CALL,LOAN_QUERY,ESCALATED
I0001480,C000667,2025-02-03,EMAIL,COLLECTION,PENDING
I0001481,C000613,2024-12-13,BRANCH,GENERAL_QUERY,ESCALATED
I0001482,C000903,2026-09-12,EMAIL,LOAN_QUERY,RESOLVED
I0001483,C000386,2026-01-19,BRANCH,PAYMENT_REMINDER,ESCALATED
I0001484,C000173,2026-05-19,CALL,LOAN_QUERY,PENDING
I0001485,C000789,2026-02-16,CALL,LOAN_QUERY,RESOLVED
I0001486,C000634,2025-12-28,BRANCH,GENERAL_QUERY,ESCALATED
I0001487,C000106,2024-10-07,APP,COMPLAINT,ESCALATED
I0001488,C000471,2026-01-19,SMS,COLLECTION,RESOLVED
I0001489,C000988,2026-07-08,BRANCH,COLLECTION,RESOLVED
I0001490,C000540,2025-06-02,BRANCH,GENERAL_QUERY,PENDING
I0001491,C000739,2026-04-12,SMS,COMPLAINT,PENDING
I0001492,C000910,2024-11-23,EMAIL,LOAN_QUERY,PENDING
I0001493,C000131,2025-11-15,SMS,GENERAL_QUERY,RESOLVED
I0001494,C000599,2026-07-30,APP,COMPLAINT,PENDING
I0001495,C000628,2026-06-05,SMS,COLLECTION,PENDING
I0001496,C000325,2025-11-14,APP,COMPLAINT,PENDING
I0001497,C000198,2024-12-02,EMAIL,GENERAL_QUERY,ESCALATED
I0001498,C000781,2025-01-14,BRANCH,PAYMENT_REMINDER,PENDING
I0001499,C000169,2026-09-07,CALL,LOAN_QUERY,ESCALATED
I0001500,C000647,2025-11-30,CALL,GENERAL_QUERY,PENDING
I0001501,C000894,2026-01-31,CALL,GENERAL_QUERY,RESOLVED
I0001502,C000987,2026-05-21,BRANCH,COLLECTION,ESCALATED
I0001503,C000989,2025-11-09,SMS,COMPLAINT,PENDING
I0001504,C000994,2025-10-27,EMAIL,COLLECTION,RESOLVED
I0001505,C000034,2026-01-28,APP,GENERAL_QUERY,RESOLVED
I0001506,C000834,2025-07-13,EMAIL,COMPLAINT,PENDING
I0001507,C000759,2026-07-06,CALL,PAYMENT_REMINDER,PENDING
I0001508,C000580,2026-02-07,EMAIL,COLLECTION,ESCALATED
I0001509,C000703,2026-05-18,SMS,COMPLAINT,ESCALATED
I0001510,C000870,2026-05-01,SMS,GENERAL_QUERY,RESOLVED
I0001511,C000841,2024-12-01,EMAIL,PAYMENT_REMINDER,RESOLVED
I0001512,C000780,2025-10-17,BRANCH,LOAN_QUERY,RESOLVED
I0001513,C000188,2026-05-04,BRANCH,COLLECTION,RESOLVED
I0001514,C000009,2024-12-28,APP,PAYMENT_REMINDER,PENDING
I0001515,C000191,2026-06-11,APP,LOAN_QUERY,PENDING
I0001516,C000924,2026-06-05,EMAIL,LOAN_QUERY,ESCALATED
I0001517,C000726,2024-10-06,APP,GENERAL_QUERY,ESCALATED
I0001518,C000825,2026-02-01,BRANCH,GENERAL_QUERY,ESCALATED
I0001519,C000971,2026-06-20,BRANCH,COMPLAINT,RESOLVED
I0001520,C000482,2025-09-30,EMAIL,COLLECTION,ESCALATED
I0001521,C000721,2024-09-21,APP,COLLECTION,RESOLVED
I0001522,C000684,2026-08-28,APP,PAYMENT_REMINDER,ESCALATED
I0001523,C000529,2025-07-25,BRANCH,COMPLAINT,ESCALATED
I0001524,C000170,2025-07-14,APP,PAYMENT_REMINDER,PENDING
I0001525,C000218,2026-03-25,APP,COLLECTION,PENDING
I0001526,C000831,2026-04-29,CALL,COLLECTION,ESCALATED
I0001527,C000697,2026-07-08,SMS,COLLECTION,RESOLVED
I0001528,C000838,2025-12-22,SMS,GENERAL_QUERY,PENDING
I0001529,C000789,2024-10-14,CALL,PAYMENT_REMINDER,ESCALATED
I0001530,C000935,2026-07-26,APP,PAYMENT_REMINDER,RESOLVED
I0001531,C000160,2024-12-16,SMS,GENERAL_QUERY,PENDING
I0001532,C000640,2024-10-22,CALL,PAYMENT_REMINDER,PENDING
I0001533,C000428,2025-09-04,CALL,GENERAL_QUERY,ESCALATED
I0001534,C000261,2025-12-15,EMAIL,COLLECTION,PENDING
I0001535,C000636,2024-12-27,BRANCH,LOAN_QUERY,ESCALATED
I0001536,C000952,2025-03-05,CALL,PAYMENT_REMINDER,ESCALATED
I0001537,C000307,2025-09-24,BRANCH,LOAN_QUERY,PENDING
I0001538,C000730,2026-05-14,CALL,GENERAL_QUERY,RESOLVED
I0001539,C000533,2025-01-07,CALL,COLLECTION,PENDING
I0001540,C000306,2025-12-17,CALL,COLLECTION,RESOLVED
I0001541,C000801,2025-11-20,EMAIL,GENERAL_QUERY,RESOLVED
I0001542,C000634,2025-01-05,BRANCH,LOAN_QUERY,PENDING
I0001543,C000660,2025-07-14,CALL,COMPLAINT,PENDING
I0001544,C000424,2025-11-19,BRANCH,COMPLAINT,ESCALATED
I0001545,C000192,2025-12-31,APP,COMPLAINT,ESCALATED
I0001546,C000095,2026-08-10,CALL,PAYMENT_REMINDER,PENDING
I0001547,C000902,2025-03-14,SMS,LOAN_QUERY,PENDING
I0001548,C000310,2025-03-08,CALL,PAYMENT_REMINDER,RESOLVED
I0001549,C000407,2025-04-17,BRANCH,COMPLAINT,PENDING
I0001550,C000360,2026-08-20,CALL,COMPLAINT,ESCALATED
I0001551,C000525,2026-03-18,EMAIL,COMPLAINT,PENDING
I0001552,C000963,2025-10-18,APP,PAYMENT_REMINDER,PENDING
I0001553,C000264,2026-02-12,CALL,LOAN_QUERY,PENDING
I0001554,C000614,2026-09-08,BRANCH,PAYMENT_REMINDER,RESOLVED
I0001555,C000258,2026-07-07,SMS,LOAN_QUERY,RESOLVED
I0001556,C000217,2025-08-21,APP,GENERAL_QUERY,ESCALATED
I0001557,C000284,2026-02-11,EMAIL,COLLECTION,RESOLVED
I0001558,C000452,2025-05-09,APP,LOAN_QUERY,ESCALATED
I0001559,C000712,2025-12-31,CALL,LOAN_QUERY,RESOLVED
I0001560,C000554,2026-08-17,APP,PAYMENT_REMINDER,ESCALATED
I0001561,C000153,2025-09-03,CALL,COLLECTION,PENDING
I0001562,C000597,2026-09-01,SMS,PAYMENT_REMINDER,RESOLVED
I0001563,C000018,2024-10-21,BRANCH,COMPLAINT,RESOLVED
I0001564,C000314,2025-03-23,EMAIL,GENERAL_QUERY,RESOLVED
I0001565,C000371,2026-03-24,APP,COMPLAINT,RESOLVED
I0001566,C000363,2025-05-19,EMAIL,LOAN_QUERY,ESCALATED
I0001567,C000530,2024-10-20,BRANCH,GENERAL_QUERY,RESOLVED
I0001568,C000573,2025-08-08,EMAIL,COMPLAINT,PENDING
I0001569,C000464,2025-10-02,BRANCH,LOAN_QUERY,ESCALATED
I0001570,C000719,2025-05-28,SMS,COMPLAINT,RESOLVED
I0001571,C000722,2025-09-08,SMS,GENERAL_QUERY,RESOLVED
I0001572,C000346,2025-10-17,EMAIL,LOAN_QUERY,PENDING
I0001573,C000542,2026-01-06,SMS,GENERAL_QUERY,RESOLVED
I0001574,C000184,2025-08-03,APP,LOAN_QUERY,ESCALATED
I0001575,C000801,2026-07-17,EMAIL,LOAN_QUERY,PENDING
I0001576,C000721,2025-10-23,EMAIL,LOAN_QUERY,ESCALATED
I0001577,C000871,2026-05-17,BRANCH,PAYMENT_REMINDER,ESCALATED
I0001578,C000354,2026-04-05,EMAIL,LOAN_QUERY,RESOLVED
I0001579,C000114,2026-07-19,EMAIL,GENERAL_QUERY,PENDING
I0001580,C000123,2025-03-09,BRANCH,PAYMENT_REMINDER,PENDING
I0001581,C000345,2025-02-11,SMS,COLLECTION,RESOLVED
I0001582,C000826,2025-06-05,SMS,COMPLAINT,ESCALATED
I0001583,C000650,2025-06-18,CALL,GENERAL_QUERY,RESOLVED
I0001584,C000519,2026-03-06,CALL,COLLECTION,ESCALATED
I0001585,C000751,2025-08-28,CALL,COLLECTION,RESOLVED
I0001586,C000438,2024-09-26,APP,LOAN_QUERY,PENDING
I0001587,C000016,2026-05-30,EMAIL,COMPLAINT,RESOLVED
I0001588,C000971,2025-09-29,EMAIL,COLLECTION,PENDING
I0001589,C000968,2025-08-25,EMAIL,COMPLAINT,ESCALATED
I0001590,C000975,2025-03-18,BRANCH,COMPLAINT,RESOLVED
I0001591,C000768,2026-04-13,EMAIL,COLLECTION,ESCALATED
I0001592,C000189,2024-12-03,APP,LOAN_QUERY,RESOLVED
I0001593,C000790,2026-05-03,CALL,COLLECTION,RESOLVED
I0001594,C000276,2025-01-26,APP,GENERAL_QUERY,PENDING
I0001595,C000273,2026-06-30,APP,COLLECTION,RESOLVED
I0001596,C000672,2026-06-03,CALL,COLLECTION,RESOLVED
I0001597,C000107,2026-02-09,APP,LOAN_QUERY,PENDING
I0001598,C000314,2026-08-15,BRANCH,GENERAL_QUERY,ESCALATED
I0001599,C000788,2026-07-31,SMS,PAYMENT_REMINDER,PENDING
I0001600,C000173,2025-03-04,SMS,COMPLAINT,PENDING
I0001601,C000572,2024-12-02,APP,COMPLAINT,PENDING
I0001602,C000404,2025-05-24,SMS,COMPLAINT,RESOLVED
I0001603,C000446,2025-05-29,APP,GENERAL_QUERY,RESOLVED
I0001604,C000762,2025-06-07,BRANCH,LOAN_QUERY,PENDING
I0001605,C000313,2026-01-19,APP,LOAN_QUERY,RESOLVED
I0001606,C000399,2024-10-19,EMAIL,LOAN_QUERY,PENDING
I0001607,C000007,2026-02-27,APP,LOAN_QUERY,RESOLVED
I0001608,C000664,2026-07-03,BRANCH,COMPLAINT,PENDING
I0001609,C000534,2026-05-05,BRANCH,LOAN_QUERY,PENDING
I0001610,C000209,2025-05-21,APP,COMPLAINT,RESOLVED
I0001611,C000168,2025-08-23,EMAIL,COLLECTION,RESOLVED
I0001612,C000458,2026-02-23,CALL,PAYMENT_REMINDER,PENDING
I0001613,C000952,2026-08-19,SMS,LOAN_QUERY,RESOLVED
I0001614,C000578,2024-10-11,EMAIL,GENERAL_QUERY,PENDING
I0001615,C000734,2025-06-20,SMS,GENERAL_QUERY,ESCALATED
I0001616,C000946,2024-12-23,APP,GENERAL_QUERY,PENDING
I0001617,C000298,2026-01-28,SMS,GENERAL_QUERY,RESOLVED
I0001618,C000796,2024-11-27,SMS,GENERAL_QUERY,RESOLVED
I0001619,C000154,2025-10-28,BRANCH,PAYMENT_REMINDER,PENDING
I0001620,C000559,2025-09-22,APP,PAYMENT_REMINDER,ESCALATED
I0001621,C000901,2026-01-08,APP,LOAN_QUERY,RESOLVED
I0001622,C000438,2025-12-28,EMAIL,LOAN_QUERY,PENDING
I0001623,C000311,2026-02-22,BRANCH,LOAN_QUERY,ESCALATED
I0001624,C000869,2026-07-29,SMS,COMPLAINT,RESOLVED
I0001625,C000094,2026-04-13,CALL,LOAN_QUERY,PENDING
I0001626,C000232,2025-03-07,APP,COMPLAINT,RESOLVED
I0001627,C000165,2025-10-22,CALL,LOAN_QUERY,ESCALATED
I0001628,C000041,2025-04-16,SMS,PAYMENT_REMINDER,RESOLVED
I0001629,C000570,2026-03-22,EMAIL,GENERAL_QUERY,RESOLVED
I0001630,C000204,2026-06-16,EMAIL,PAYMENT_REMINDER,ESCALATED
I0001631,C000015,2025-04-21,EMAIL,LOAN_QUERY,RESOLVED
I0001632,C000310,2025-04-08,CALL,GENERAL_QUERY,RESOLVED
I0001633,C000965,2024-10-20,APP,LOAN_QUERY,RESOLVED
I0001634,C000416,2025-05-15,BRANCH,PAYMENT_REMINDER,PENDING
I0001635,C000668,2025-06-28,APP,GENERAL_QUERY,ESCALATED
I0001636,C000754,2025-10-16,APP,GENERAL_QUERY,PENDING
I0001637,C000967,2025-11-07,EMAIL,PAYMENT_REMINDER,PENDING
I0001638,C000849,2025-02-25,CALL,COLLECTION,ESCALATED
I0001639,C000104,2024-12-06,BRANCH,COMPLAINT,ESCALATED
I0001640,C000503,2024-11-14,APP,GENERAL_QUERY,RESOLVED
I0001641,C000378,2025-05-15,APP,COLLECTION,ESCALATED
I0001642,C000785,2024-11-04,BRANCH,COMPLAINT,PENDING
I0001643,C000315,2025-05-13,APP,PAYMENT_REMINDER,ESCALATED
I0001644,C000436,2026-08-06,EMAIL,COLLECTION,ESCALATED
I0001645,C000204,2025-09-26,SMS,COLLECTION,RESOLVED
I0001646,C000576,2024-10-25,CALL,PAYMENT_REMINDER,RESOLVED
I0001647,C000795,2026-02-03,APP,COLLECTION,PENDING
I0001648,C000190,2026-08-31,APP,LOAN_QUERY,ESCALATED
I0001649,C000912,2026-03-14,EMAIL,COMPLAINT,RESOLVED
I0001650,C000571,2024-12-04,APP,LOAN_QUERY,RESOLVED
I0001651,C000322,2026-04-23,BRANCH,COMPLAINT,RESOLVED
I0001652,C000577,2025-01-12,EMAIL,COLLECTION,ESCALATED
I0001653,C000327,2026-09-13,BRANCH,COLLECTION,PENDING
I0001654,C000120,2025-03-11,APP,GENERAL_QUERY,RESOLVED
I0001655,C000357,2026-02-01,EMAIL,PAYMENT_REMINDER,ESCALATED
I0001656,C000180,2026-05-25,CALL,LOAN_QUERY,ESCALATED
I0001657,C000771,2025-05-24,CALL,GENERAL_QUERY,PENDING
I0001658,C000135,2026-07-08,EMAIL,LOAN_QUERY,RESOLVED
I0001659,C000532,2024-10-24,EMAIL,COLLECTION,ESCALATED
I0001660,C000169,2025-02-17,BRANCH,COLLECTION,RESOLVED
I0001661,C000952,2025-07-24,CALL,COLLECTION,PENDING
I0001662,C000225,2025-11-06,BRANCH,COMPLAINT,ESCALATED
I0001663,C000662,2025-08-26,CALL,PAYMENT_REMINDER,PENDING
I0001664,C000438,2024-12-13,CALL,GENERAL_QUERY,PENDING
I0001665,C000370,2025-05-25,SMS,GENERAL_QUERY,PENDING
I0001666,C000471,2026-01-16,APP,LOAN_QUERY,RESOLVED
I0001667,C000421,2026-04-21,APP,GENERAL_QUERY,PENDING
I0001668,C000692,2025-07-18,APP,GENERAL_QUERY,ESCALATED
I0001669,C000289,2026-06-14,EMAIL,GENERAL_QUERY,ESCALATED
I0001670,C000825,2026-09-11,CALL,PAYMENT_REMINDER,ESCALATED
I0001671,C000641,2026-05-12,CALL,PAYMENT_REMINDER,PENDING
I0001672,C000802,2025-11-04,BRANCH,PAYMENT_REMINDER,RESOLVED
I0001673,C000751,2025-12-27,EMAIL,LOAN_QUERY,PENDING
I0001674,C000809,2024-11-12,CALL,PAYMENT_REMINDER,ESCALATED
I0001675,C000679,2026-04-16,APP,COLLECTION,PENDING
I0001676,C000511,2024-10-15,EMAIL,COLLECTION,RESOLVED
I0001677,C000472,2025-12-12,EMAIL,COMPLAINT,ESCALATED
I0001678,C000942,2026-01-25,BRANCH,LOAN_QUERY,RESOLVED
I0001679,C000116,2025-08-22,CALL,COMPLAINT,RESOLVED
I0001680,C000281,2026-07-30,APP,COLLECTION,ESCALATED
I0001681,C000063,2026-07-25,APP,LOAN_QUERY,RESOLVED
I0001682,C000202,2025-08-31,EMAIL,COLLECTION,ESCALATED
I0001683,C000840,2026-01-08,CALL,COMPLAINT,ESCALATED
I0001684,C000127,2025-08-28,SMS,LOAN_QUERY,ESCALATED
I0001685,C000615,2025-11-07,EMAIL,LOAN_QUERY,ESCALATED
I0001686,C000878,2024-10-27,BRANCH,PAYMENT_REMINDER,PENDING
I0001687,C000815,2026-07-26,CALL,PAYMENT_REMINDER,RESOLVED
I0001688,C000064,2026-08-02,APP,GENERAL_QUERY,RESOLVED
I0001689,C000217,2025-01-04,APP,COLLECTION,ESCALATED
I0001690,C000803,2025-03-15,EMAIL,COLLECTION,RESOLVED
I0001691,C000057,2026-01-25,CALL,LOAN_QUERY,ESCALATED
I0001692,C000369,2025-05-08,CALL,PAYMENT_REMINDER,RESOLVED
I0001693,C000481,2026-06-02,SMS,PAYMENT_REMINDER,RESOLVED
I0001694,C000741,2026-05-13,BRANCH,PAYMENT_REMINDER,ESCALATED
I0001695,C000672,2026-01-16,APP,GENERAL_QUERY,ESCALATED
I0001696,C000760,2025-04-11,SMS,COLLECTION,PENDING
I0001697,C000453,2025-06-20,CALL,COMPLAINT,ESCALATED
I0001698,C000615,2025-08-13,EMAIL,PAYMENT_REMINDER,ESCALATED
I0001699,C000750,2025-10-18,BRANCH,GENERAL_QUERY,ESCALATED
I0001700,C000052,2025-04-30,BRANCH,GENERAL_QUERY,ESCALATED
I0001701,C000762,2025-04-08,EMAIL,PAYMENT_REMINDER,RESOLVED
I0001702,C000547,2025-08-02,CALL,COLLECTION,PENDING
I0001703,C000581,2025-09-18,SMS,LOAN_QUERY,RESOLVED
I0001704,C000698,2025-12-06,APP,COMPLAINT,RESOLVED
I0001705,C000118,2026-06-07,EMAIL,LOAN_QUERY,PENDING
I0001706,C000514,2025-05-01,SMS,LOAN_QUERY,RESOLVED
I0001707,C000888,2024-10-05,BRANCH,PAYMENT_REMINDER,PENDING
I0001708,C000429,2026-08-27,BRANCH,LOAN_QUERY,ESCALATED
I0001709,C000678,2026-04-30,SMS,PAYMENT_REMINDER,PENDING
I0001710,C000904,2025-03-15,BRANCH,LOAN_QUERY,RESOLVED
I0001711,C000413,2026-06-14,EMAIL,LOAN_QUERY,PENDING
I0001712,C000440,2026-05-08,SMS,PAYMENT_REMINDER,ESCALATED
I0001713,C000432,2025-08-10,SMS,COMPLAINT,PENDING
I0001714,C000358,2026-04-02,APP,LOAN_QUERY,RESOLVED
I0001715,C000156,2026-07-13,BRANCH,COMPLAINT,ESCALATED
I0001716,C000794,2025-08-13,APP,LOAN_QUERY,PENDING
I0001717,C000912,2025-05-05,CALL,PAYMENT_REMINDER,PENDING
I0001718,C000038,2026-06-10,CALL,GENERAL_QUERY,ESCALATED
I0001719,C000466,2024-10-02,APP,GENERAL_QUERY,ESCALATED
I0001720,C000858,2024-11-06,BRANCH,LOAN_QUERY,ESCALATED
I0001721,C000522,2025-08-17,CALL,GENERAL_QUERY,RESOLVED
I0001722,C000630,2025-03-04,BRANCH,LOAN_QUERY,RESOLVED
I0001723,C000437,2026-09-14,SMS,GENERAL_QUERY,PENDING
I0001724,C000086,2024-12-29,APP,COMPLAINT,ESCALATED
I0001725,C000070,2026-01-05,EMAIL,GENERAL_QUERY,RESOLVED
I0001726,C000667,2025-05-22,APP,PAYMENT_REMINDER,PENDING
I0001727,C000331,2025-09-23,CALL,PAYMENT_REMINDER,RESOLVED
I0001728,C000837,2025-03-04,APP,COLLECTION,ESCALATED
I0001729,C000734,2026-04-28,APP,PAYMENT_REMINDER,RESOLVED
I0001730,C000726,2025-10-08,EMAIL,COLLECTION,PENDING
I0001731,C000991,2025-10-14,BRANCH,COLLECTION,ESCALATED
I0001732,C000053,2026-02-12,EMAIL,LOAN_QUERY,ESCALATED
I0001733,C000391,2025-02-24,EMAIL,LOAN_QUERY,ESCALATED
I0001734,C000604,2026-07-22,SMS,COLLECTION,PENDING
I0001735,C000789,2024-12-17,EMAIL,LOAN_QUERY,PENDING
I0001736,C000522,2025-06-18,EMAIL,LOAN_QUERY,RESOLVED
I0001737,C000178,2025-12-12,SMS,LOAN_QUERY,RESOLVED
I0001738,C000369,2025-10-07,BRANCH,COMPLAINT,RESOLVED
I0001739,C000490,2025-06-27,CALL,PAYMENT_REMINDER,PENDING
I0001740,C000468,2025-09-02,SMS,LOAN_QUERY,RESOLVED
I0001741,C000306,2026-03-18,CALL,COMPLAINT,PENDING
I0001742,C000240,2026-08-29,BRANCH,COMPLAINT,PENDING
I0001743,C000070,2025-01-18,BRANCH,GENERAL_QUERY,RESOLVED
I0001744,C000319,2025-12-27,BRANCH,PAYMENT_REMINDER,ESCALATED
I0001745,C000705,2026-08-23,EMAIL,COMPLAINT,RESOLVED
I0001746,C000025,2026-03-16,BRANCH,COMPLAINT,RESOLVED
I0001747,C000264,2026-02-17,SMS,LOAN_QUERY,RESOLVED
I0001748,C000009,2025-01-08,CALL,COLLECTION,PENDING
I0001749,C000775,2026-02-12,EMAIL,COLLECTION,ESCALATED
I0001750,C000131,2025-08-23,APP,COLLECTION,RESOLVED
I0001751,C000336,2025-03-16,APP,PAYMENT_REMINDER,RESOLVED
I0001752,C000306,2024-12-06,CALL,GENERAL_QUERY,ESCALATED
I0001753,C000213,2025-10-16,BRANCH,COMPLAINT,PENDING
I0001754,C000760,2025-07-18,BRANCH,COLLECTION,RESOLVED
I0001755,C000578,2025-11-24,EMAIL,GENERAL_QUERY,ESCALATED
I0001756,C000484,2026-05-10,APP,GENERAL_QUERY,PENDING
I0001757,C000607,2026-04-16,APP,COMPLAINT,RESOLVED
I0001758,C000525,2025-02-24,CALL,GENERAL_QUERY,PENDING
I0001759,C000834,2026-03-21,BRANCH,PAYMENT_REMINDER,RESOLVED
I0001760,C000650,2024-10-15,SMS,GENERAL_QUERY,ESCALATED
I0001761,C000484,2024-12-31,BRANCH,COLLECTION,PENDING
I0001762,C000723,2025-11-28,APP,GENERAL_QUERY,PENDING
I0001763,C000347,2026-06-22,BRANCH,COMPLAINT,PENDING
I0001764,C000547,2024-11-23,APP,LOAN_QUERY,PENDING
I0001765,C000353,2025-05-31,SMS,COLLECTION,ESCALATED
I0001766,C000717,2025-11-24,CALL,LOAN_QUERY,ESCALATED
I0001767,C000823,2025-06-29,EMAIL,GENERAL_QUERY,PENDING
I0001768,C000597,2026-09-01,SMS,GENERAL_QUERY,ESCALATED
I0001769,C000394,2026-03-17,SMS,COLLECTION,RESOLVED
I0001770,C000424,2026-02-12,SMS,COMPLAINT,PENDING
I0001771,C000769,2025-05-10,BRANCH,GENERAL_QUERY,RESOLVED
I0001772,C000765,2026-01-28,SMS,COMPLAINT,PENDING
I0001773,C000608,2025-01-21,APP,LOAN_QUERY,RESOLVED
I0001774,C000903,2026-06-16,CALL,PAYMENT_REMINDER,RESOLVED
I0001775,C000243,2025-03-11,BRANCH,GENERAL_QUERY,ESCALATED
I0001776,C000713,2025-03-11,EMAIL,COMPLAINT,RESOLVED
I0001777,C000789,2025-01-29,APP,PAYMENT_REMINDER,RESOLVED
I0001778,C000861,2025-05-07,BRANCH,LOAN_QUERY,ESCALATED
I0001779,C000475,2024-11-25,SMS,LOAN_QUERY,RESOLVED
I0001780,C000306,2025-07-04,SMS,GENERAL_QUERY,ESCALATED
I0001781,C000677,2026-07-11,SMS,LOAN_QUERY,PENDING
I0001782,C000293,2026-04-10,EMAIL,PAYMENT_REMINDER,ESCALATED
I0001783,C000183,2025-07-02,BRANCH,PAYMENT_REMINDER,PENDING
I0001784,C000217,2024-11-08,BRANCH,LOAN_QUERY,PENDING
I0001785,C000412,2025-11-17,BRANCH,GENERAL_QUERY,ESCALATED
I0001786,C000760,2025-06-12,APP,LOAN_QUERY,RESOLVED
I0001787,C000126,2026-01-15,CALL,LOAN_QUERY,ESCALATED
I0001788,C000604,2026-04-12,CALL,LOAN_QUERY,RESOLVED
I0001789,C000436,2025-04-01,SMS,LOAN_QUERY,RESOLVED
I0001790,C000924,2025-11-07,CALL,GENERAL_QUERY,PENDING
I0001791,C000515,2025-03-27,APP,PAYMENT_REMINDER,ESCALATED
I0001792,C000675,2025-12-12,CALL,PAYMENT_REMINDER,RESOLVED
I0001793,C000681,2025-08-18,CALL,COMPLAINT,RESOLVED
I0001794,C000047,2026-05-28,EMAIL,LOAN_QUERY,ESCALATED
I0001795,C000349,2025-07-15,APP,COMPLAINT,RESOLVED
I0001796,C000022,2024-10-04,APP,COLLECTION,PENDING
I0001797,C000239,2025-09-13,SMS,COMPLAINT,RESOLVED
I0001798,C000521,2026-08-24,BRANCH,LOAN_QUERY,PENDING
I0001799,C000397,2025-02-24,CALL,COLLECTION,RESOLVED
I0001800,C000987,2025-05-06,CALL,GENERAL_QUERY,RESOLVED
I0001801,C000540,2025-04-30,CALL,COLLECTION,ESCALATED
I0001802,C000548,2026-05-26,SMS,COMPLAINT,PENDING
I0001803,C000430,2025-07-11,APP,PAYMENT_REMINDER,PENDING
I0001804,C000931,2026-07-05,BRANCH,GENERAL_QUERY,ESCALATED
I0001805,C000797,2025-09-16,BRANCH,COMPLAINT,ESCALATED
I0001806,C000123,2026-03-20,BRANCH,LOAN_QUERY,ESCALATED
I0001807,C000993,2025-04-01,APP,PAYMENT_REMINDER,ESCALATED
I0001808,C000336,2025-07-14,BRANCH,COMPLAINT,RESOLVED
I0001809,C000566,2025-01-31,BRANCH,COMPLAINT,RESOLVED
I0001810,C000796,2026-04-03,EMAIL,GENERAL_QUERY,PENDING
I0001811,C000962,2024-12-20,SMS,GENERAL_QUERY,RESOLVED
I0001812,C000004,2025-06-11,BRANCH,PAYMENT_REMINDER,PENDING
I0001813,C000821,2026-04-16,EMAIL,PAYMENT_REMINDER,PENDING
I0001814,C000331,2026-01-20,CALL,COMPLAINT,RESOLVED
I0001815,C000714,2025-12-04,EMAIL,COLLECTION,PENDING
I0001816,C000048,2025-06-20,BRANCH,COLLECTION,PENDING
I0001817,C000746,2025-11-13,CALL,PAYMENT_REMINDER,RESOLVED
I0001818,C000487,2025-04-24,APP,COLLECTION,PENDING
I0001819,C000856,2026-02-03,SMS,COMPLAINT,RESOLVED
I0001820,C000517,2024-11-18,BRANCH,COLLECTION,RESOLVED
I0001821,C000286,2026-09-01,SMS,GENERAL_QUERY,PENDING
I0001822,C000896,2026-01-16,EMAIL,LOAN_QUERY,ESCALATED
I0001823,C000413,2025-09-29,CALL,LOAN_QUERY,RESOLVED
I0001824,C000926,2025-04-11,SMS,COMPLAINT,ESCALATED
I0001825,C000499,2026-04-14,EMAIL,LOAN_QUERY,PENDING
I0001826,C000115,2026-09-09,CALL,GENERAL_QUERY,RESOLVED
I0001827,C000289,2026-09-03,CALL,LOAN_QUERY,PENDING
I0001828,C000539,2026-09-07,BRANCH,PAYMENT_REMINDER,RESOLVED
I0001829,C000148,2026-01-02,CALL,GENERAL_QUERY,RESOLVED
I0001830,C000893,2024-12-14,BRANCH,LOAN_QUERY,PENDING
I0001831,C000869,2025-08-11,EMAIL,GENERAL_QUERY,PENDING
I0001832,C000486,2024-11-04,APP,PAYMENT_REMINDER,RESOLVED
I0001833,C000422,2025-08-25,CALL,GENERAL_QUERY,ESCALATED
I0001834,C000353,2024-09-18,BRANCH,GENERAL_QUERY,RESOLVED
I0001835,C000268,2025-06-04,BRANCH,COLLECTION,RESOLVED
I0001836,C000139,2024-09-26,SMS,GENERAL_QUERY,ESCALATED
I0001837,C000850,2025-01-19,BRANCH,PAYMENT_REMINDER,RESOLVED
I0001838,C000920,2026-08-14,SMS,COMPLAINT,ESCALATED
I0001839,C000683,2025-01-22,EMAIL,PAYMENT_REMINDER,ESCALATED
I0001840,C000675,2024-11-14,APP,COMPLAINT,ESCALATED
I0001841,C000879,2025-10-19,EMAIL,COMPLAINT,PENDING
I0001842,C000461,2026-02-14,APP,COLLECTION,RESOLVED
I0001843,C000238,2024-11-28,BRANCH,PAYMENT_REMINDER,PENDING
I0001844,C000010,2025-07-27,APP,PAYMENT_REMINDER,RESOLVED
I0001845,C000015,2025-11-28,APP,GENERAL_QUERY,ESCALATED
I0001846,C000834,2025-11-18,APP,LOAN_QUERY,PENDING
I0001847,C000275,2024-11-10,EMAIL,LOAN_QUERY,PENDING
I0001848,C000290,2026-01-30,SMS,COMPLAINT,PENDING
I0001849,C000482,2026-06-25,SMS,PAYMENT_REMINDER,ESCALATED
I0001850,C000537,2025-04-26,SMS,COMPLAINT,ESCALATED
I0001851,C000177,2026-08-09,CALL,COLLECTION,ESCALATED
I0001852,C000394,2024-12-01,APP,PAYMENT_REMINDER,PENDING
I0001853,C000403,2025-03-12,BRANCH,PAYMENT_REMINDER,RESOLVED
I0001854,C000147,2026-05-20,BRANCH,LOAN_QUERY,PENDING
I0001855,C000827,2026-05-01,CALL,COLLECTION,ESCALATED
I0001856,C000024,2025-05-06,CALL,GENERAL_QUERY,RESOLVED
I0001857,C000049,2026-06-28,BRANCH,COLLECTION,RESOLVED
I0001858,C000892,2025-04-16,CALL,LOAN_QUERY,RESOLVED
I0001859,C000548,2026-02-16,EMAIL,GENERAL_QUERY,RESOLVED
I0001860,C000915,2025-09-23,SMS,COMPLAINT,RESOLVED
I0001861,C000653,2025-07-13,APP,PAYMENT_REMINDER,PENDING
I0001862,C000876,2026-03-12,EMAIL,LOAN_QUERY,RESOLVED
I0001863,C000936,2026-08-07,BRANCH,COMPLAINT,PENDING
I0001864,C000606,2024-10-31,SMS,COMPLAINT,ESCALATED
I0001865,C000326,2026-03-17,CALL,GENERAL_QUERY,PENDING
I0001866,C000348,2025-12-18,APP,COMPLAINT,PENDING
I0001867,C000726,2025-04-02,CALL,COMPLAINT,RESOLVED
I0001868,C000443,2026-06-12,APP,GENERAL_QUERY,ESCALATED
I0001869,C000501,2025-11-26,CALL,COMPLAINT,ESCALATED
I0001870,C000824,2025-02-20,CALL,COMPLAINT,PENDING
I0001871,C000905,2026-03-09,BRANCH,COMPLAINT,ESCALATED
I0001872,C000050,2025-09-29,CALL,GENERAL_QUERY,ESCALATED
I0001873,C000282,2026-06-07,APP,COMPLAINT,ESCALATED
I0001874,C000886,2025-08-31,CALL,GENERAL_QUERY,ESCALATED
I0001875,C000722,2025-04-27,APP,PAYMENT_REMINDER,PENDING
I0001876,C000355,2024-10-06,CALL,COLLECTION,RESOLVED
I0001877,C000830,2026-04-10,EMAIL,COMPLAINT,PENDING
I0001878,C000178,2024-12-24,CALL,GENERAL_QUERY,RESOLVED
I0001879,C000192,2025-12-19,EMAIL,COLLECTION,ESCALATED
I0001880,C000031,2026-06-07,EMAIL,LOAN_QUERY,PENDING
I0001881,C000097,2026-03-28,APP,COLLECTION,ESCALATED
I0001882,C000288,2026-07-15,BRANCH,PAYMENT_REMINDER,PENDING
I0001883,C000523,2024-12-22,BRANCH,PAYMENT_REMINDER,PENDING
I0001884,C000237,2025-11-06,BRANCH,COMPLAINT,ESCALATED
I0001885,C000915,2025-07-27,BRANCH,COMPLAINT,RESOLVED
I0001886,C000442,2025-04-28,CALL,PAYMENT_REMINDER,RESOLVED
I0001887,C000114,2026-02-14,CALL,COLLECTION,ESCALATED
I0001888,C000857,2026-01-23,BRANCH,COLLECTION,PENDING
I0001889,C000308,2025-03-22,BRANCH,COMPLAINT,ESCALATED
I0001890,C000662,2025-02-19,BRANCH,PAYMENT_REMINDER,ESCALATED
I0001891,C000386,2026-05-07,SMS,COLLECTION,PENDING
I0001892,C000541,2026-09-11,CALL,PAYMENT_REMINDER,PENDING
I0001893,C000422,2024-10-08,SMS,GENERAL_QUERY,RESOLVED
I0001894,C000590,2026-06-08,EMAIL,COMPLAINT,PENDING
I0001895,C000599,2025-01-11,BRANCH,LOAN_QUERY,PENDING
I0001896,C000214,2025-08-11,BRANCH,COLLECTION,PENDING
I0001897,C000598,2026-07-10,CALL,LOAN_QUERY,PENDING
I0001898,C000922,2026-01-21,CALL,GENERAL_QUERY,RESOLVED
I0001899,C000421,2025-06-13,APP,PAYMENT_REMINDER,RESOLVED
I0001900,C000209,2026-09-10,BRANCH,PAYMENT_REMINDER,PENDING
I0001901,C000456,2026-04-20,EMAIL,LOAN_QUERY,ESCALATED
I0001902,C000363,2024-10-08,SMS,GENERAL_QUERY,PENDING
I0001903,C000124,2025-12-06,BRANCH,COLLECTION,PENDING
I0001904,C000277,2026-04-02,APP,COMPLAINT,RESOLVED
I0001905,C000406,2026-01-30,EMAIL,GENERAL_QUERY,ESCALATED
I0001906,C000469,2025-12-14,CALL,COLLECTION,PENDING
I0001907,C000214,2025-07-11,APP,PAYMENT_REMINDER,ESCALATED
I0001908,C000910,2026-03-19,SMS,COMPLAINT,ESCALATED
I0001909,C000802,2026-06-14,BRANCH,LOAN_QUERY,PENDING
I0001910,C000841,2025-02-08,APP,PAYMENT_REMINDER,RESOLVED
I0001911,C000994,2024-12-15,EMAIL,GENERAL_QUERY,RESOLVED
I0001912,C000779,2025-11-23,APP,PAYMENT_REMINDER,PENDING
I0001913,C000098,2026-08-08,CALL,COMPLAINT,RESOLVED
I0001914,C000179,2025-02-09,CALL,LOAN_QUERY,RESOLVED
I0001915,C000750,2025-08-04,EMAIL,COLLECTION,RESOLVED
I0001916,C000649,2025-07-05,SMS,COLLECTION,ESCALATED
I0001917,C000848,2025-09-02,APP,COMPLAINT,RESOLVED
I0001918,C000772,2025-09-08,APP,LOAN_QUERY,PENDING
I0001919,C000814,2024-12-20,EMAIL,GENERAL_QUERY,ESCALATED
I0001920,C000636,2025-12-25,EMAIL,PAYMENT_REMINDER,RESOLVED
I0001921,C000269,2026-04-18,SMS,COLLECTION,PENDING
I0001922,C000261,2025-07-06,BRANCH,PAYMENT_REMINDER,PENDING
I0001923,C000713,2025-08-04,APP,PAYMENT_REMINDER,ESCALATED
I0001924,C000711,2025-08-03,APP,LOAN_QUERY,ESCALATED
I0001925,C000975,2025-08-20,SMS,LOAN_QUERY,RESOLVED
I0001926,C000248,2024-11-15,APP,LOAN_QUERY,ESCALATED
I0001927,C000069,2024-09-17,SMS,LOAN_QUERY,RESOLVED
I0001928,C000931,2025-01-02,EMAIL,COLLECTION,RESOLVED
I0001929,C000088,2025-05-17,CALL,PAYMENT_REMINDER,PENDING
I0001930,C000174,2026-04-18,EMAIL,LOAN_QUERY,RESOLVED
I0001931,C000175,2025-07-19,CALL,COMPLAINT,PENDING
I0001932,C000401,2026-08-27,BRANCH,COLLECTION,ESCALATED
I0001933,C000503,2025-03-21,BRANCH,PAYMENT_REMINDER,PENDING
I0001934,C000596,2025-04-19,APP,COLLECTION,ESCALATED
I0001935,C000774,2025-01-29,APP,LOAN_QUERY,RESOLVED
I0001936,C000092,2026-06-08,EMAIL,PAYMENT_REMINDER,PENDING
I0001937,C000956,2026-09-01,CALL,COMPLAINT,RESOLVED
I0001938,C000916,2024-10-10,APP,COMPLAINT,PENDING
I0001939,C000522,2024-12-29,EMAIL,LOAN_QUERY,ESCALATED
I0001940,C000146,2026-05-25,SMS,COMPLAINT,ESCALATED
I0001941,C000366,2026-07-07,CALL,LOAN_QUERY,ESCALATED
I0001942,C000308,2026-06-29,APP,LOAN_QUERY,ESCALATED
I0001943,C000860,2024-12-24,BRANCH,COLLECTION,ESCALATED
I0001944,C000407,2024-12-28,SMS,LOAN_QUERY,RESOLVED
I0001945,C000557,2026-02-26,CALL,GENERAL_QUERY,PENDING
I0001946,C000027,2026-03-12,APP,PAYMENT_REMINDER,PENDING
I0001947,C000200,2025-03-06,APP,GENERAL_QUERY,PENDING
I0001948,C000859,2025-04-12,SMS,LOAN_QUERY,PENDING
I0001949,C000535,2026-01-05,EMAIL,PAYMENT_REMINDER,RESOLVED
I0001950,C000478,2025-12-17,APP,LOAN_QUERY,RESOLVED
I0001951,C000874,2025-11-12,CALL,COLLECTION,ESCALATED
I0001952,C000817,2024-10-16,BRANCH,PAYMENT_REMINDER,PENDING
I0001953,C000201,2024-11-11,APP,COLLECTION,RESOLVED
I0001954,C000909,2026-08-15,EMAIL,COLLECTION,RESOLVED
I0001955,C000158,2025-02-25,SMS,PAYMENT_REMINDER,RESOLVED
I0001956,C000855,2026-04-02,CALL,GENERAL_QUERY,RESOLVED
I0001957,C000889,2025-08-21,APP,PAYMENT_REMINDER,RESOLVED
I0001958,C000372,2025-08-10,BRANCH,COLLECTION,RESOLVED
I0001959,C000703,2025-11-20,BRANCH,LOAN_QUERY,RESOLVED
I0001960,C000264,2025-03-06,APP,PAYMENT_REMINDER,ESCALATED
I0001961,C000436,2026-08-09,BRANCH,COMPLAINT,ESCALATED
I0001962,C000159,2025-08-08,CALL,GENERAL_QUERY,PENDING
I0001963,C000546,2025-09-30,EMAIL,PAYMENT_REMINDER,ESCALATED
I0001964,C000337,2025-06-21,APP,COLLECTION,RESOLVED
I0001965,C000769,2026-01-08,BRANCH,GENERAL_QUERY,PENDING
I0001966,C000287,2026-04-14,CALL,COMPLAINT,PENDING
I0001967,C000033,2024-09-28,SMS,COMPLAINT,RESOLVED
I0001968,C000684,2024-11-27,SMS,PAYMENT_REMINDER,RESOLVED
I0001969,C000653,2025-09-19,EMAIL,GENERAL_QUERY,ESCALATED
I0001970,C000601,2026-07-19,BRANCH,PAYMENT_REMINDER,PENDING
I0001971,C000469,2025-09-02,CALL,GENERAL_QUERY,RESOLVED
I0001972,C000262,2026-01-06,BRANCH,GENERAL_QUERY,PENDING
I0001973,C000168,2024-11-11,EMAIL,COLLECTION,ESCALATED
I0001974,C000350,2025-05-28,SMS,COMPLAINT,RESOLVED
I0001975,C000996,2025-01-10,CALL,GENERAL_QUERY,RESOLVED
I0001976,C000371,2026-01-22,CALL,COLLECTION,PENDING
I0001977,C000756,2025-05-10,APP,COLLECTION,RESOLVED
I0001978,C000923,2025-04-18,SMS,LOAN_QUERY,ESCALATED
I0001979,C000942,2026-06-10,CALL,COLLECTION,PENDING
I0001980,C000632,2025-07-26,APP,LOAN_QUERY,ESCALATED
I0001981,C000946,2024-12-18,EMAIL,PAYMENT_REMINDER,RESOLVED
I0001982,C000483,2025-04-17,SMS,COMPLAINT,ESCALATED
I0001983,C000534,2025-05-02,EMAIL,LOAN_QUERY,ESCALATED
I0001984,C000721,2024-10-06,SMS,GENERAL_QUERY,ESCALATED
I0001985,C000258,2026-01-08,APP,GENERAL_QUERY,PENDING
I0001986,C000974,2025-01-21,CALL,GENERAL_QUERY,PENDING
I0001987,C000931,2025-02-27,CALL,PAYMENT_REMINDER,ESCALATED
I0001988,C000234,2025-03-25,SMS,GENERAL_QUERY,RESOLVED
I0001989,C000286,2026-05-12,CALL,PAYMENT_REMINDER,RESOLVED
I0001990,C000824,2026-07-14,APP,LOAN_QUERY,RESOLVED
I0001991,C000812,2025-06-15,BRANCH,LOAN_QUERY,PENDING
I0001992,C000228,2024-11-03,APP,GENERAL_QUERY,PENDING
I0001993,C000201,2025-09-06,SMS,COMPLAINT,ESCALATED
I0001994,C000054,2025-05-10,BRANCH,PAYMENT_REMINDER,ESCALATED
I0001995,C000267,2026-07-09,SMS,COMPLAINT,PENDING
I0001996,C000867,2025-07-20,EMAIL,COLLECTION,RESOLVED
I0001997,C000820,2026-08-22,EMAIL,COMPLAINT,RESOLVED
I0001998,C000251,2025-06-23,EMAIL,COLLECTION,PENDING
I0001999,C000645,2025-08-19,SMS,PAYMENT_REMINDER,PENDING
I0002000,C000917,2026-08-01,BRANCH,GENERAL_QUERY,ESCALATED
I0002001,C000157,2025-05-12,EMAIL,GENERAL_QUERY,RESOLVED
I0002002,C000429,2025-01-02,BRANCH,LOAN_QUERY,PENDING
I0002003,C000091,2026-07-22,APP,PAYMENT_REMINDER,PENDING
I0002004,C000184,2026-06-06,EMAIL,COMPLAINT,ESCALATED
I0002005,C000544,2025-07-05,EMAIL,PAYMENT_REMINDER,RESOLVED
I0002006,C000705,2026-06-09,CALL,COMPLAINT,RESOLVED
I0002007,C000590,2024-10-26,CALL,PAYMENT_REMINDER,ESCALATED
I0002008,C000979,2024-12-10,APP,COLLECTION,RESOLVED
I0002009,C000755,2025-11-16,EMAIL,COLLECTION,ESCALATED
I0002010,C000160,2025-07-11,APP,LOAN_QUERY,ESCALATED
I0002011,C000668,2025-03-26,SMS,COLLECTION,PENDING
I0002012,C000869,2025-10-01,CALL,LOAN_QUERY,ESCALATED
I0002013,C000536,2026-04-22,CALL,PAYMENT_REMINDER,RESOLVED
I0002014,C000697,2024-12-24,EMAIL,COMPLAINT,ESCALATED
I0002015,C000205,2025-07-07,CALL,GENERAL_QUERY,PENDING
I0002016,C000444,2025-03-04,CALL,PAYMENT_REMINDER,ESCALATED
I0002017,C000268,2024-11-06,CALL,LOAN_QUERY,RESOLVED
I0002018,C000949,2025-11-30,SMS,COMPLAINT,ESCALATED
I0002019,C000723,2025-12-14,APP,LOAN_QUERY,ESCALATED
I0002020,C000372,2026-05-16,BRANCH,COLLECTION,PENDING
I0002021,C000218,2026-04-21,APP,GENERAL_QUERY,RESOLVED
I0002022,C000015,2025-06-20,APP,COMPLAINT,PENDING
I0002023,C000975,2026-04-09,EMAIL,COMPLAINT,ESCALATED
I0002024,C000571,2026-08-19,SMS,GENERAL_QUERY,ESCALATED
I0002025,C000321,2026-01-28,CALL,COLLECTION,PENDING
I0002026,C000196,2025-07-09,BRANCH,LOAN_QUERY,RESOLVED
I0002027,C000548,2026-08-11,CALL,PAYMENT_REMINDER,RESOLVED
I0002028,C000430,2026-01-04,BRANCH,LOAN_QUERY,PENDING
I0002029,C000268,2026-01-21,EMAIL,GENERAL_QUERY,ESCALATED
I0002030,C000118,2025-06-03,SMS,GENERAL_QUERY,RESOLVED
I0002031,C000486,2025-06-19,APP,PAYMENT_REMINDER,PENDING
I0002032,C000976,2025-12-12,CALL,COLLECTION,ESCALATED
I0002033,C000079,2026-04-27,CALL,GENERAL_QUERY,PENDING
I0002034,C000531,2025-01-16,APP,LOAN_QUERY,RESOLVED
I0002035,C000865,2026-01-25,BRANCH,COLLECTION,RESOLVED
I0002036,C000763,2025-02-04,BRANCH,PAYMENT_REMINDER,PENDING
I0002037,C000398,2025-09-28,SMS,GENERAL_QUERY,PENDING
I0002038,C000874,2026-03-02,SMS,COMPLAINT,PENDING
I0002039,C000316,2025-08-22,SMS,LOAN_QUERY,RESOLVED
I0002040,C000803,2025-07-04,CALL,PAYMENT_REMINDER,RESOLVED
I0002041,C000731,2026-07-08,BRANCH,GENERAL_QUERY,ESCALATED
I0002042,C000874,2026-08-01,APP,GENERAL_QUERY,PENDING
I0002043,C000998,2025-04-08,EMAIL,GENERAL_QUERY,PENDING
I0002044,C000717,2026-06-08,BRANCH,PAYMENT_REMINDER,PENDING
I0002045,C000658,2024-11-26,APP,COLLECTION,RESOLVED
I0002046,C000073,2025-05-05,EMAIL,COMPLAINT,PENDING
I0002047,C000617,2026-01-01,EMAIL,COLLECTION,RESOLVED
I0002048,C000477,2024-10-20,BRANCH,COMPLAINT,RESOLVED
I0002049,C000439,2024-10-06,APP,GENERAL_QUERY,ESCALATED
I0002050,C000586,2025-03-03,SMS,COMPLAINT,PENDING
I0002051,C000766,2026-09-06,SMS,PAYMENT_REMINDER,RESOLVED
I0002052,C000250,2026-07-14,SMS,COLLECTION,ESCALATED
I0002053,C000421,2026-05-24,BRANCH,GENERAL_QUERY,ESCALATED
I0002054,C000849,2026-08-30,SMS,COLLECTION,RESOLVED
I0002055,C000679,2026-06-10,BRANCH,LOAN_QUERY,PENDING
I0002056,C000145,2025-11-15,SMS,COMPLAINT,RESOLVED
I0002057,C000621,2025-05-25,APP,LOAN_QUERY,ESCALATED
I0002058,C000279,2024-09-17,EMAIL,COMPLAINT,RESOLVED
I0002059,C000466,2025-02-01,EMAIL,LOAN_QUERY,RESOLVED
I0002060,C000615,2026-04-16,APP,COLLECTION,ESCALATED
I0002061,C000557,2026-05-31,CALL,LOAN_QUERY,RESOLVED
I0002062,C000451,2025-06-02,APP,COMPLAINT,RESOLVED
I0002063,C000093,2025-06-09,APP,GENERAL_QUERY,RESOLVED
I0002064,C000439,2024-11-04,SMS,PAYMENT_REMINDER,RESOLVED
I0002065,C000291,2026-04-04,CALL,LOAN_QUERY,ESCALATED
I0002066,C000687,2026-03-30,EMAIL,COLLECTION,PENDING
I0002067,C000350,2025-02-24,CALL,COMPLAINT,ESCALATED
I0002068,C000003,2026-06-24,EMAIL,COLLECTION,RESOLVED
I0002069,C000213,2026-09-13,CALL,COLLECTION,PENDING
I0002070,C000408,2026-05-16,CALL,PAYMENT_REMINDER,PENDING
I0002071,C000985,2025-04-14,BRANCH,COMPLAINT,ESCALATED
I0002072,C000281,2026-05-14,CALL,COLLECTION,RESOLVED
I0002073,C000439,2025-04-28,APP,LOAN_QUERY,RESOLVED
I0002074,C000644,2026-09-04,SMS,COLLECTION,PENDING
I0002075,C000945,2026-02-28,CALL,PAYMENT_REMINDER,RESOLVED
I0002076,C000169,2025-04-02,APP,GENERAL_QUERY,ESCALATED
I0002077,C000685,2026-07-27,BRANCH,PAYMENT_REMINDER,ESCALATED
I0002078,C000802,2025-11-16,EMAIL,COMPLAINT,ESCALATED
I0002079,C000340,2025-07-23,CALL,PAYMENT_REMINDER,PENDING
I0002080,C000113,2025-09-24,APP,COLLECTION,RESOLVED
I0002081,C000402,2025-01-03,SMS,GENERAL_QUERY,ESCALATED
I0002082,C000718,2025-02-03,APP,GENERAL_QUERY,PENDING
I0002083,C000991,2025-11-04,BRANCH,LOAN_QUERY,ESCALATED
I0002084,C000025,2026-08-24,BRANCH,COMPLAINT,ESCALATED
I0002085,C000168,2025-11-06,BRANCH,GENERAL_QUERY,ESCALATED
I0002086,C000245,2025-03-12,EMAIL,PAYMENT_REMINDER,ESCALATED
I0002087,C000218,2025-12-04,BRANCH,LOAN_QUERY,RESOLVED
I0002088,C000050,2024-09-16,BRANCH,COLLECTION,RESOLVED
I0002089,C000238,2025-05-07,CALL,COLLECTION,ESCALATED
I0002090,C000541,2025-09-15,EMAIL,GENERAL_QUERY,ESCALATED
I0002091,C000274,2026-04-25,CALL,PAYMENT_REMINDER,PENDING
I0002092,C000917,2025-03-22,APP,COMPLAINT,PENDING
I0002093,C000349,2025-03-16,SMS,LOAN_QUERY,ESCALATED
I0002094,C000602,2024-11-06,BRANCH,LOAN_QUERY,PENDING
I0002095,C000596,2025-03-31,SMS,GENERAL_QUERY,PENDING
I0002096,C000944,2026-09-04,EMAIL,COMPLAINT,ESCALATED
I0002097,C000961,2025-06-23,BRANCH,LOAN_QUERY,RESOLVED
I0002098,C000407,2025-04-18,CALL,PAYMENT_REMINDER,RESOLVED
I0002099,C000116,2025-07-06,SMS,COMPLAINT,ESCALATED
I0002100,C000909,2026-04-06,APP,LOAN_QUERY,PENDING
I0002101,C000445,2026-04-12,APP,GENERAL_QUERY,PENDING
I0002102,C000194,2026-03-10,SMS,COMPLAINT,PENDING
I0002103,C000708,2024-11-20,SMS,COMPLAINT,RESOLVED
I0002104,C000587,2025-07-03,CALL,LOAN_QUERY,RESOLVED
I0002105,C000141,2026-03-03,APP,PAYMENT_REMINDER,ESCALATED
I0002106,C000372,2025-09-25,SMS,GENERAL_QUERY,RESOLVED
I0002107,C000193,2025-05-01,EMAIL,GENERAL_QUERY,ESCALATED
I0002108,C000417,2025-12-10,EMAIL,LOAN_QUERY,RESOLVED
I0002109,C000133,2026-06-22,EMAIL,COLLECTION,ESCALATED
I0002110,C000583,2025-02-16,CALL,COMPLAINT,PENDING
I0002111,C000811,2025-01-09,CALL,COLLECTION,PENDING
I0002112,C000667,2025-06-20,BRANCH,GENERAL_QUERY,PENDING
I0002113,C000989,2024-11-27,CALL,GENERAL_QUERY,RESOLVED
I0002114,C000835,2024-12-13,SMS,COLLECTION,RESOLVED
I0002115,C000542,2025-04-06,CALL,COLLECTION,PENDING
I0002116,C000503,2026-03-11,APP,COLLECTION,ESCALATED
I0002117,C000556,2026-05-16,BRANCH,PAYMENT_REMINDER,PENDING
I0002118,C000998,2025-12-16,APP,PAYMENT_REMINDER,ESCALATED
I0002119,C000706,2025-09-06,SMS,COLLECTION,RESOLVED
I0002120,C000277,2025-10-29,SMS,LOAN_QUERY,PENDING
I0002121,C000366,2025-10-22,BRANCH,PAYMENT_REMINDER,RESOLVED
I0002122,C000375,2025-09-13,SMS,LOAN_QUERY,PENDING
I0002123,C000367,2025-12-17,SMS,PAYMENT_REMINDER,PENDING
I0002124,C000061,2026-06-17,EMAIL,GENERAL_QUERY,RESOLVED
I0002125,C000779,2025-05-20,EMAIL,LOAN_QUERY,RESOLVED
I0002126,C000886,2025-02-28,SMS,PAYMENT_REMINDER,PENDING
I0002127,C000982,2024-11-04,EMAIL,LOAN_QUERY,RESOLVED
I0002128,C000584,2024-12-29,EMAIL,GENERAL_QUERY,RESOLVED
I0002129,C000780,2026-07-27,APP,PAYMENT_REMINDER,ESCALATED
I0002130,C000328,2026-03-04,APP,GENERAL_QUERY,ESCALATED
I0002131,C000709,2024-09-22,APP,PAYMENT_REMINDER,RESOLVED
I0002132,C000020,2025-04-28,CALL,LOAN_QUERY,RESOLVED
I0002133,C000389,2024-09-26,BRANCH,LOAN_QUERY,PENDING
I0002134,C000667,2025-12-12,BRANCH,PAYMENT_REMINDER,ESCALATED
I0002135,C000815,2025-05-24,BRANCH,GENERAL_QUERY,RESOLVED
I0002136,C000969,2025-04-25,APP,GENERAL_QUERY,ESCALATED
I0002137,C000405,2025-03-24,BRANCH,COLLECTION,PENDING
I0002138,C000906,2025-08-24,APP,PAYMENT_REMINDER,PENDING
I0002139,C000291,2025-10-05,EMAIL,GENERAL_QUERY,PENDING
I0002140,C000911,2026-02-03,BRANCH,PAYMENT_REMINDER,PENDING
I0002141,C000097,2025-08-20,CALL,GENERAL_QUERY,ESCALATED
I0002142,C000544,2025-08-12,EMAIL,GENERAL_QUERY,ESCALATED
I0002143,C000027,2024-11-28,SMS,COLLECTION,PENDING
I0002144,C000898,2025-10-20,CALL,PAYMENT_REMINDER,PENDING
I0002145,C000253,2025-02-13,EMAIL,LOAN_QUERY,RESOLVED
I0002146,C000987,2024-10-26,EMAIL,GENERAL_QUERY,RESOLVED
I0002147,C000539,2026-03-12,EMAIL,PAYMENT_REMINDER,PENDING
I0002148,C000784,2025-10-31,CALL,COLLECTION,PENDING
I0002149,C000776,2026-06-02,CALL,COLLECTION,PENDING
I0002150,C000721,2025-07-03,EMAIL,GENERAL_QUERY,RESOLVED
I0002151,C000270,2025-10-10,CALL,GENERAL_QUERY,PENDING
I0002152,C000872,2024-10-26,EMAIL,COMPLAINT,ESCALATED
I0002153,C000053,2024-11-01,APP,LOAN_QUERY,ESCALATED
I0002154,C000049,2024-12-02,SMS,LOAN_QUERY,PENDING
I0002155,C000543,2026-03-31,BRANCH,COLLECTION,PENDING
I0002156,C000009,2026-03-11,CALL,GENERAL_QUERY,ESCALATED
I0002157,C000885,2025-11-06,SMS,PAYMENT_REMINDER,PENDING
I0002158,C000502,2025-09-24,SMS,COLLECTION,PENDING
I0002159,C000855,2025-03-23,CALL,LOAN_QUERY,RESOLVED
I0002160,C000513,2024-11-21,BRANCH,PAYMENT_REMINDER,RESOLVED
I0002161,C000502,2025-05-16,BRANCH,COLLECTION,PENDING
I0002162,C000331,2025-02-23,EMAIL,GENERAL_QUERY,RESOLVED
I0002163,C000498,2025-12-12,CALL,COMPLAINT,PENDING
I0002164,C000201,2024-11-20,APP,COLLECTION,PENDING
I0002165,C000098,2025-05-26,BRANCH,PAYMENT_REMINDER,ESCALATED
I0002166,C000870,2024-11-26,SMS,COLLECTION,ESCALATED
I0002167,C000198,2026-09-14,APP,LOAN_QUERY,PENDING
I0002168,C000636,2024-11-05,APP,PAYMENT_REMINDER,ESCALATED
I0002169,C000845,2025-03-29,EMAIL,COMPLAINT,ESCALATED
I0002170,C000149,2025-03-12,APP,LOAN_QUERY,RESOLVED
I0002171,C000227,2025-08-18,APP,COLLECTION,RESOLVED
I0002172,C000884,2025-09-24,APP,GENERAL_QUERY,ESCALATED
I0002173,C000083,2025-11-05,APP,LOAN_QUERY,PENDING
I0002174,C000702,2025-08-02,APP,GENERAL_QUERY,PENDING
I0002175,C000281,2025-01-26,EMAIL,PAYMENT_REMINDER,PENDING
I0002176,C000859,2026-01-19,CALL,PAYMENT_REMINDER,ESCALATED
I0002177,C000413,2024-12-05,EMAIL,GENERAL_QUERY,RESOLVED
I0002178,C000995,2026-05-30,CALL,COLLECTION,ESCALATED
I0002179,C000246,2024-09-27,CALL,LOAN_QUERY,ESCALATED
I0002180,C000246,2025-09-28,EMAIL,GENERAL_QUERY,PENDING
I0002181,C000166,2026-05-29,SMS,GENERAL_QUERY,ESCALATED
I0002182,C000823,2025-11-16,SMS,LOAN_QUERY,ESCALATED
I0002183,C000987,2024-11-15,APP,COLLECTION,ESCALATED
I0002184,C000978,2025-11-16,EMAIL,GENERAL_QUERY,PENDING
I0002185,C000079,2025-09-05,BRANCH,LOAN_QUERY,RESOLVED
I0002186,C000015,2024-11-30,BRANCH,COMPLAINT,RESOLVED
I0002187,C000707,2024-10-21,BRANCH,GENERAL_QUERY,PENDING
I0002188,C000636,2026-01-06,BRANCH,LOAN_QUERY,RESOLVED
I0002189,C000220,2026-02-19,CALL,COMPLAINT,RESOLVED
I0002190,C000515,2025-07-27,EMAIL,COMPLAINT,ESCALATED
I0002191,C000820,2026-01-19,EMAIL,GENERAL_QUERY,ESCALATED
I0002192,C000427,2025-10-28,APP,COMPLAINT,RESOLVED
I0002193,C000476,2025-05-22,SMS,PAYMENT_REMINDER,PENDING
I0002194,C000756,2025-08-10,CALL,GENERAL_QUERY,RESOLVED
I0002195,C000539,2025-05-07,BRANCH,GENERAL_QUERY,PENDING
I0002196,C000231,2024-12-25,SMS,GENERAL_QUERY,ESCALATED
I0002197,C000651,2025-05-30,SMS,COLLECTION,PENDING
I0002198,C000614,2026-04-30,CALL,COMPLAINT,PENDING
I0002199,C000743,2025-09-03,SMS,PAYMENT_REMINDER,RESOLVED
I0002200,C000465,2026-06-29,CALL,PAYMENT_REMINDER,PENDING
I0002201,C000330,2024-10-27,BRANCH,GENERAL_QUERY,RESOLVED
I0002202,C000145,2025-07-28,EMAIL,COLLECTION,ESCALATED
I0002203,C000115,2026-01-27,BRANCH,LOAN_QUERY,ESCALATED
I0002204,C000515,2025-11-15,SMS,COMPLAINT,RESOLVED
I0002205,C000957,2026-02-04,EMAIL,COMPLAINT,PENDING
I0002206,C000769,2026-06-28,CALL,COLLECTION,ESCALATED
I0002207,C000836,2024-09-17,CALL,PAYMENT_REMINDER,ESCALATED
I0002208,C000822,2025-01-04,SMS,COLLECTION,RESOLVED
I0002209,C000081,2026-07-18,BRANCH,COLLECTION,RESOLVED
I0002210,C000656,2025-08-14,CALL,GENERAL_QUERY,ESCALATED
I0002211,C000786,2026-06-16,SMS,COLLECTION,ESCALATED
I0002212,C000649,2025-12-09,SMS,PAYMENT_REMINDER,RESOLVED
I0002213,C000331,2026-02-07,BRANCH,LOAN_QUERY,ESCALATED
I0002214,C000757,2025-02-16,EMAIL,GENERAL_QUERY,RESOLVED
I0002215,C000819,2025-03-24,EMAIL,GENERAL_QUERY,PENDING
I0002216,C000173,2026-09-04,CALL,COMPLAINT,ESCALATED
I0002217,C000828,2026-06-06,SMS,LOAN_QUERY,RESOLVED
I0002218,C000637,2026-03-30,EMAIL,GENERAL_QUERY,RESOLVED
I0002219,C000904,2024-11-11,EMAIL,GENERAL_QUERY,ESCALATED
I0002220,C000406,2025-07-02,SMS,GENERAL_QUERY,ESCALATED
I0002221,C000353,2025-04-08,EMAIL,COMPLAINT,RESOLVED
I0002222,C000426,2025-02-02,BRANCH,COLLECTION,RESOLVED
I0002223,C000546,2026-03-18,BRANCH,COMPLAINT,ESCALATED
I0002224,C000520,2026-04-16,SMS,COMPLAINT,ESCALATED
I0002225,C000447,2025-02-15,BRANCH,PAYMENT_REMINDER,RESOLVED
I0002226,C000610,2024-09-25,EMAIL,PAYMENT_REMINDER,PENDING
I0002227,C000968,2025-07-26,CALL,PAYMENT_REMINDER,ESCALATED
I0002228,C000526,2024-10-11,SMS,GENERAL_QUERY,PENDING
I0002229,C000740,2024-10-27,CALL,PAYMENT_REMINDER,PENDING
I0002230,C000037,2025-02-06,BRANCH,COMPLAINT,RESOLVED
I0002231,C000518,2025-02-14,SMS,COLLECTION,PENDING
I0002232,C000228,2024-10-28,BRANCH,COLLECTION,PENDING
I0002233,C000579,2025-02-06,EMAIL,COMPLAINT,ESCALATED
I0002234,C000265,2025-10-11,CALL,COLLECTION,PENDING
I0002235,C000346,2025-08-17,SMS,PAYMENT_REMINDER,PENDING
I0002236,C000620,2026-07-27,SMS,PAYMENT_REMINDER,PENDING
I0002237,C000890,2025-06-03,SMS,GENERAL_QUERY,PENDING
I0002238,C000184,2026-01-31,SMS,COMPLAINT,ESCALATED
I0002239,C000006,2026-03-07,BRANCH,LOAN_QUERY,ESCALATED
I0002240,C000827,2025-06-03,EMAIL,PAYMENT_REMINDER,PENDING
I0002241,C000656,2026-08-23,APP,PAYMENT_REMINDER,ESCALATED
I0002242,C000946,2026-03-10,BRANCH,COMPLAINT,RESOLVED
I0002243,C000966,2024-09-30,SMS,PAYMENT_REMINDER,PENDING
I0002244,C000848,2026-02-22,EMAIL,GENERAL_QUERY,PENDING
I0002245,C000350,2025-05-27,SMS,COMPLAINT,RESOLVED
I0002246,C000617,2026-08-28,APP,PAYMENT_REMINDER,ESCALATED
I0002247,C000707,2026-06-23,BRANCH,PAYMENT_REMINDER,RESOLVED
I0002248,C000715,2025-01-01,EMAIL,LOAN_QUERY,RESOLVED
I0002249,C000577,2025-01-24,BRANCH,COMPLAINT,ESCALATED
I0002250,C000562,2025-04-27,BRANCH,GENERAL_QUERY,ESCALATED
I0002251,C000765,2026-04-14,APP,LOAN_QUERY,PENDING
I0002252,C000161,2024-11-29,BRANCH,LOAN_QUERY,PENDING
I0002253,C000138,2024-11-29,EMAIL,COMPLAINT,ESCALATED
I0002254,C000601,2025-04-28,CALL,GENERAL_QUERY,ESCALATED
I0002255,C000305,2026-05-21,CALL,COMPLAINT,ESCALATED
I0002256,C000539,2025-01-13,CALL,COLLECTION,ESCALATED
I0002257,C000560,2024-10-07,BRANCH,COMPLAINT,ESCALATED
I0002258,C000165,2025-07-26,APP,GENERAL_QUERY,RESOLVED
I0002259,C000866,2025-07-30,SMS,GENERAL_QUERY,ESCALATED
I0002260,C000422,2025-09-24,EMAIL,PAYMENT_REMINDER,ESCALATED
I0002261,C000662,2024-10-14,CALL,COLLECTION,RESOLVED
I0002262,C000051,2024-12-05,BRANCH,COLLECTION,PENDING
I0002263,C000066,2025-05-18,SMS,GENERAL_QUERY,PENDING
I0002264,C000261,2024-11-13,CALL,LOAN_QUERY,RESOLVED
I0002265,C000477,2025-04-02,APP,GENERAL_QUERY,PENDING
I0002266,C000452,2025-05-22,BRANCH,PAYMENT_REMINDER,ESCALATED
I0002267,C000390,2026-04-12,SMS,COMPLAINT,PENDING
I0002268,C000323,2025-12-17,BRANCH,PAYMENT_REMINDER,ESCALATED
I0002269,C000698,2025-11-29,BRANCH,COLLECTION,PENDING
I0002270,C000660,2025-01-04,CALL,LOAN_QUERY,ESCALATED
I0002271,C000304,2024-09-30,CALL,COMPLAINT,RESOLVED
I0002272,C000590,2024-11-29,APP,PAYMENT_REMINDER,ESCALATED
I0002273,C000969,2026-07-15,BRANCH,LOAN_QUERY,ESCALATED
I0002274,C000174,2025-07-25,APP,LOAN_QUERY,PENDING
I0002275,C000092,2025-08-11,SMS,GENERAL_QUERY,RESOLVED
I0002276,C000335,2026-08-10,SMS,LOAN_QUERY,PENDING
I0002277,C000630,2025-03-29,CALL,COLLECTION,RESOLVED
I0002278,C000468,2025-02-22,CALL,COLLECTION,RESOLVED
I0002279,C000939,2026-07-07,EMAIL,PAYMENT_REMINDER,RESOLVED
I0002280,C000783,2026-04-13,SMS,COLLECTION,PENDING
I0002281,C000460,2025-10-24,EMAIL,COMPLAINT,RESOLVED
I0002282,C000116,2025-01-03,EMAIL,COMPLAINT,RESOLVED
I0002283,C000708,2024-12-24,EMAIL,GENERAL_QUERY,PENDING
I0002284,C000537,2024-12-30,BRANCH,LOAN_QUERY,ESCALATED
I0002285,C000607,2026-07-10,CALL,GENERAL_QUERY,ESCALATED
I0002286,C000410,2024-12-31,SMS,GENERAL_QUERY,PENDING
I0002287,C000385,2025-04-19,CALL,COLLECTION,RESOLVED
I0002288,C000383,2024-10-15,EMAIL,COLLECTION,ESCALATED
I0002289,C000854,2024-10-10,SMS,COMPLAINT,RESOLVED
I0002290,C000283,2025-05-22,CALL,PAYMENT_REMINDER,ESCALATED
I0002291,C000076,2025-03-15,CALL,LOAN_QUERY,RESOLVED
I0002292,C000336,2026-07-23,CALL,COMPLAINT,RESOLVED
I0002293,C000050,2025-12-16,EMAIL,GENERAL_QUERY,RESOLVED
I0002294,C000601,2024-12-26,SMS,COMPLAINT,PENDING
I0002295,C000325,2025-02-06,EMAIL,GENERAL_QUERY,ESCALATED
I0002296,C000789,2026-02-14,BRANCH,PAYMENT_REMINDER,ESCALATED
I0002297,C000094,2025-01-30,SMS,PAYMENT_REMINDER,RESOLVED
I0002298,C000400,2024-10-22,SMS,COMPLAINT,RESOLVED
I0002299,C000052,2025-07-02,APP,COLLECTION,PENDING
I0002300,C000697,2025-07-06,BRANCH,COMPLAINT,ESCALATED
I0002301,C000652,2025-01-02,BRANCH,COLLECTION,ESCALATED
I0002302,C000633,2026-02-06,CALL,COLLECTION,RESOLVED
I0002303,C000753,2024-10-07,SMS,COLLECTION,ESCALATED
I0002304,C000068,2024-11-29,SMS,LOAN_QUERY,PENDING
I0002305,C000318,2026-02-13,CALL,COMPLAINT,ESCALATED
I0002306,C000928,2026-04-13,CALL,COLLECTION,PENDING
I0002307,C000376,2026-01-05,SMS,GENERAL_QUERY,PENDING
I0002308,C000355,2026-04-27,CALL,LOAN_QUERY,PENDING
I0002309,C000083,2024-10-22,EMAIL,COLLECTION,RESOLVED
I0002310,C000560,2026-07-08,CALL,LOAN_QUERY,RESOLVED
I0002311,C000483,2024-11-13,EMAIL,PAYMENT_REMINDER,PENDING
I0002312,C000190,2024-12-13,SMS,COLLECTION,ESCALATED
I0002313,C000038,2026-04-27,BRANCH,LOAN_QUERY,PENDING
I0002314,C000342,2025-02-24,BRANCH,COLLECTION,RESOLVED
I0002315,C000181,2025-04-02,EMAIL,COLLECTION,PENDING
I0002316,C000365,2025-11-04,SMS,COMPLAINT,ESCALATED
I0002317,C000626,2025-05-12,SMS,COLLECTION,ESCALATED
I0002318,C000126,2025-02-25,APP,GENERAL_QUERY,PENDING
I0002319,C000910,2025-03-08,EMAIL,GENERAL_QUERY,PENDING
I0002320,C000198,2025-12-07,BRANCH,PAYMENT_REMINDER,RESOLVED
I0002321,C000314,2024-12-03,SMS,GENERAL_QUERY,RESOLVED
I0002322,C000988,2025-02-12,APP,COMPLAINT,PENDING
I0002323,C000602,2025-03-11,EMAIL,LOAN_QUERY,ESCALATED
I0002324,C000590,2026-01-27,CALL,COLLECTION,RESOLVED
I0002325,C000450,2025-01-29,CALL,GENERAL_QUERY,RESOLVED
I0002326,C000977,2025-06-25,APP,GENERAL_QUERY,RESOLVED
I0002327,C000040,2025-02-04,APP,LOAN_QUERY,ESCALATED
I0002328,C000034,2025-10-22,SMS,GENERAL_QUERY,RESOLVED
I0002329,C000877,2025-07-07,EMAIL,GENERAL_QUERY,RESOLVED
I0002330,C000590,2024-12-15,SMS,PAYMENT_REMINDER,RESOLVED
I0002331,C000411,2026-05-27,CALL,LOAN_QUERY,PENDING
I0002332,C000118,2025-03-01,SMS,COLLECTION,ESCALATED
I0002333,C000823,2025-01-16,EMAIL,PAYMENT_REMINDER,RESOLVED
I0002334,C000510,2025-03-23,CALL,COLLECTION,PENDING
I0002335,C000984,2026-04-08,APP,COLLECTION,PENDING
I0002336,C000985,2025-12-24,CALL,PAYMENT_REMINDER,ESCALATED
I0002337,C000400,2025-04-01,BRANCH,GENERAL_QUERY,ESCALATED
I0002338,C000947,2025-06-03,SMS,GENERAL_QUERY,RESOLVED
I0002339,C000336,2026-06-24,SMS,COMPLAINT,PENDING
I0002340,C000319,2026-07-15,BRANCH,LOAN_QUERY,ESCALATED
I0002341,C000833,2025-08-01,EMAIL,COLLECTION,ESCALATED
I0002342,C000910,2026-02-25,SMS,GENERAL_QUERY,PENDING
I0002343,C000165,2025-04-24,SMS,GENERAL_QUERY,ESCALATED
I0002344,C000465,2025-06-01,APP,PAYMENT_REMINDER,ESCALATED
I0002345,C000189,2024-12-23,SMS,COMPLAINT,PENDING
I0002346,C000732,2025-03-03,APP,COMPLAINT,ESCALATED
I0002347,C000975,2025-05-10,CALL,COLLECTION,PENDING
I0002348,C000165,2025-02-07,CALL,COLLECTION,ESCALATED
I0002349,C000349,2025-10-09,APP,PAYMENT_REMINDER,ESCALATED
I0002350,C000826,2025-07-23,SMS,COLLECTION,ESCALATED
I0002351,C000898,2025-05-05,CALL,COMPLAINT,PENDING
I0002352,C000162,2026-05-09,CALL,LOAN_QUERY,RESOLVED
I0002353,C000822,2026-06-02,BRANCH,GENERAL_QUERY,RESOLVED
I0002354,C000313,2025-05-05,SMS,PAYMENT_REMINDER,RESOLVED
I0002355,C000327,2026-01-02,EMAIL,PAYMENT_REMINDER,PENDING
I0002356,C000499,2025-08-25,EMAIL,PAYMENT_REMINDER,ESCALATED
I0002357,C000843,2025-08-14,BRANCH,PAYMENT_REMINDER,RESOLVED
I0002358,C000445,2026-05-24,EMAIL,PAYMENT_REMINDER,RESOLVED
I0002359,C000956,2024-09-19,SMS,GENERAL_QUERY,PENDING
I0002360,C000974,2025-01-28,BRANCH,GENERAL_QUERY,ESCALATED
I0002361,C000595,2025-04-08,APP,GENERAL_QUERY,ESCALATED
I0002362,C000619,2025-12-13,APP,GENERAL_QUERY,ESCALATED
I0002363,C000580,2025-10-18,CALL,GENERAL_QUERY,PENDING
I0002364,C000460,2025-08-16,CALL,PAYMENT_REMINDER,ESCALATED
I0002365,C000545,2025-08-15,CALL,COLLECTION,ESCALATED
I0002366,C000238,2025-02-13,CALL,PAYMENT_REMINDER,PENDING
I0002367,C000375,2025-04-11,EMAIL,COLLECTION,ESCALATED
I0002368,C000277,2025-01-29,BRANCH,GENERAL_QUERY,RESOLVED
I0002369,C000630,2026-04-17,EMAIL,COMPLAINT,ESCALATED
I0002370,C000976,2024-10-28,SMS,COMPLAINT,RESOLVED
I0002371,C000496,2026-04-05,SMS,GENERAL_QUERY,RESOLVED
I0002372,C000558,2026-06-07,EMAIL,COMPLAINT,RESOLVED
I0002373,C000607,2025-12-13,SMS,COLLECTION,RESOLVED
I0002374,C000579,2025-06-19,BRANCH,PAYMENT_REMINDER,ESCALATED
I0002375,C000339,2025-03-27,CALL,PAYMENT_REMINDER,RESOLVED
I0002376,C000849,2025-08-21,SMS,GENERAL_QUERY,ESCALATED
I0002377,C000458,2026-04-21,CALL,COMPLAINT,ESCALATED
I0002378,C000132,2025-09-03,EMAIL,LOAN_QUERY,ESCALATED
I0002379,C000517,2026-01-23,SMS,COLLECTION,PENDING
I0002380,C000277,2026-02-18,EMAIL,GENERAL_QUERY,PENDING
I0002381,C000649,2025-09-18,BRANCH,COMPLAINT,RESOLVED
I0002382,C000358,2026-01-14,BRANCH,LOAN_QUERY,PENDING
I0002383,C000059,2026-08-19,APP,COMPLAINT,RESOLVED
I0002384,C000009,2026-07-21,APP,COLLECTION,ESCALATED
I0002385,C000165,2026-06-15,EMAIL,COLLECTION,PENDING
I0002386,C000193,2025-03-23,EMAIL,GENERAL_QUERY,ESCALATED
I0002387,C000253,2025-04-18,EMAIL,COMPLAINT,ESCALATED
I0002388,C000913,2026-02-12,CALL,PAYMENT_REMINDER,PENDING
I0002389,C000808,2025-12-04,EMAIL,COMPLAINT,PENDING
I0002390,C000623,2025-11-17,SMS,PAYMENT_REMINDER,ESCALATED
I0002391,C000985,2026-01-23,BRANCH,COMPLAINT,RESOLVED
I0002392,C000546,2026-01-14,BRANCH,COMPLAINT,RESOLVED
I0002393,C000679,2025-06-23,EMAIL,PAYMENT_REMINDER,PENDING
I0002394,C000701,2025-01-31,SMS,PAYMENT_REMINDER,ESCALATED
I0002395,C000425,2026-01-11,BRANCH,COLLECTION,PENDING
I0002396,C000453,2025-09-17,SMS,PAYMENT_REMINDER,PENDING
I0002397,C000045,2026-06-22,APP,LOAN_QUERY,PENDING
I0002398,C000711,2025-03-15,APP,LOAN_QUERY,PENDING
I0002399,C000478,2025-06-19,EMAIL,COMPLAINT,PENDING
I0002400,C000842,2025-07-27,EMAIL,COLLECTION,RESOLVED
I0002401,C000498,2026-06-26,CALL,PAYMENT_REMINDER,ESCALATED
I0002402,C000924,2026-05-10,EMAIL,LOAN_QUERY,PENDING
I0002403,C000905,2024-11-26,CALL,PAYMENT_REMINDER,PENDING
I0002404,C000120,2025-06-02,BRANCH,PAYMENT_REMINDER,PENDING
I0002405,C000136,2026-03-04,SMS,LOAN_QUERY,PENDING
I0002406,C000790,2025-01-31,BRANCH,LOAN_QUERY,RESOLVED
I0002407,C000562,2025-07-10,BRANCH,COMPLAINT,RESOLVED
I0002408,C000319,2025-07-27,CALL,PAYMENT_REMINDER,PENDING
I0002409,C000112,2025-07-01,EMAIL,PAYMENT_REMINDER,ESCALATED
I0002410,C000486,2026-06-10,APP,LOAN_QUERY,PENDING
I0002411,C000030,2025-06-01,APP,LOAN_QUERY,PENDING
I0002412,C000788,2025-11-27,CALL,COLLECTION,ESCALATED
I0002413,C000134,2026-07-05,BRANCH,PAYMENT_REMINDER,PENDING
I0002414,C000970,2024-11-06,EMAIL,COLLECTION,ESCALATED
I0002415,C000549,2025-04-11,SMS,COMPLAINT,RESOLVED
I0002416,C000794,2025-09-29,EMAIL,PAYMENT_REMINDER,RESOLVED
I0002417,C000889,2026-05-02,EMAIL,COLLECTION,ESCALATED
I0002418,C000712,2026-08-13,BRANCH,COLLECTION,ESCALATED
I0002419,C000753,2025-07-15,BRANCH,LOAN_QUERY,PENDING
I0002420,C000896,2025-01-16,APP,COMPLAINT,RESOLVED
I0002421,C000294,2025-06-30,EMAIL,LOAN_QUERY,RESOLVED
I0002422,C000324,2026-05-20,BRANCH,COMPLAINT,PENDING
I0002423,C000347,2025-03-26,BRANCH,COMPLAINT,PENDING
I0002424,C000412,2026-07-25,EMAIL,GENERAL_QUERY,ESCALATED
I0002425,C000931,2026-01-25,BRANCH,PAYMENT_REMINDER,ESCALATED
I0002426,C000466,2025-10-17,BRANCH,COMPLAINT,RESOLVED
I0002427,C001000,2024-11-02,EMAIL,COMPLAINT,PENDING
I0002428,C000620,2026-01-10,EMAIL,COLLECTION,PENDING
I0002429,C000965,2026-08-28,CALL,GENERAL_QUERY,RESOLVED
I0002430,C000663,2025-08-05,EMAIL,PAYMENT_REMINDER,RESOLVED
I0002431,C000090,2025-08-05,CALL,COLLECTION,RESOLVED
I0002432,C000976,2025-05-07,SMS,COMPLAINT,RESOLVED
I0002433,C000336,2024-12-06,EMAIL,COLLECTION,RESOLVED
I0002434,C000371,2025-04-11,SMS,COMPLAINT,PENDING
I0002435,C000247,2025-09-18,CALL,LOAN_QUERY,RESOLVED
I0002436,C000503,2026-05-16,BRANCH,COMPLAINT,RESOLVED
I0002437,C000436,2025-06-29,SMS,COMPLAINT,PENDING
I0002438,C000881,2025-03-05,SMS,LOAN_QUERY,RESOLVED
I0002439,C000566,2025-03-28,SMS,COMPLAINT,ESCALATED
I0002440,C000381,2025-07-27,EMAIL,LOAN_QUERY,PENDING
I0002441,C000127,2026-07-07,CALL,COLLECTION,RESOLVED
I0002442,C000661,2025-12-11,CALL,GENERAL_QUERY,PENDING
I0002443,C000015,2026-03-12,SMS,PAYMENT_REMINDER,ESCALATED
I0002444,C000805,2025-07-01,CALL,COMPLAINT,ESCALATED
I0002445,C000489,2025-01-17,APP,GENERAL_QUERY,RESOLVED
I0002446,C000622,2025-04-28,APP,GENERAL_QUERY,ESCALATED
I0002447,C000539,2026-07-30,EMAIL,LOAN_QUERY,ESCALATED
I0002448,C000843,2025-08-24,APP,COMPLAINT,PENDING
I0002449,C000125,2026-05-12,EMAIL,COLLECTION,RESOLVED
I0002450,C000327,2025-04-14,EMAIL,COLLECTION,ESCALATED
I0002451,C000158,2026-09-03,CALL,GENERAL_QUERY,PENDING
I0002452,C000444,2026-05-02,CALL,COMPLAINT,ESCALATED
I0002453,C000030,2025-07-18,CALL,PAYMENT_REMINDER,ESCALATED
I0002454,C000073,2025-08-19,APP,COLLECTION,ESCALATED
I0002455,C000596,2026-03-28,EMAIL,GENERAL_QUERY,ESCALATED
I0002456,C000624,2025-05-20,BRANCH,PAYMENT_REMINDER,RESOLVED
I0002457,C000919,2026-02-16,BRANCH,LOAN_QUERY,RESOLVED
I0002458,C000261,2025-03-16,SMS,PAYMENT_REMINDER,ESCALATED
I0002459,C000251,2025-06-05,SMS,GENERAL_QUERY,PENDING
I0002460,C000860,2025-02-24,SMS,PAYMENT_REMINDER,RESOLVED
I0002461,C000756,2025-11-25,CALL,COMPLAINT,PENDING
I0002462,C000537,2025-12-10,EMAIL,PAYMENT_REMINDER,ESCALATED
I0002463,C000996,2026-03-12,EMAIL,LOAN_QUERY,RESOLVED
I0002464,C000630,2026-03-05,BRANCH,COMPLAINT,ESCALATED
I0002465,C000664,2026-03-13,EMAIL,LOAN_QUERY,RESOLVED
I0002466,C000240,2026-09-05,BRANCH,LOAN_QUERY,PENDING
I0002467,C000657,2025-07-29,SMS,COMPLAINT,RESOLVED
I0002468,C000935,2024-12-23,EMAIL,COLLECTION,ESCALATED
I0002469,C000082,2026-04-30,EMAIL,COMPLAINT,PENDING
I0002470,C000873,2026-01-21,BRANCH,COMPLAINT,ESCALATED
I0002471,C000046,2026-08-01,APP,COMPLAINT,RESOLVED
I0002472,C000280,2026-05-03,EMAIL,LOAN_QUERY,PENDING
I0002473,C000530,2025-12-07,EMAIL,GENERAL_QUERY,PENDING
I0002474,C000172,2025-11-18,SMS,LOAN_QUERY,RESOLVED
I0002475,C000432,2026-08-06,BRANCH,GENERAL_QUERY,RESOLVED
I0002476,C000082,2025-06-06,BRANCH,COMPLAINT,ESCALATED
I0002477,C000562,2026-04-19,SMS,LOAN_QUERY,PENDING
I0002478,C000461,2025-03-29,CALL,COMPLAINT,PENDING
I0002479,C000498,2025-01-13,SMS,GENERAL_QUERY,RESOLVED
I0002480,C000853,2025-04-28,BRANCH,PAYMENT_REMINDER,PENDING
I0002481,C000329,2025-02-20,SMS,LOAN_QUERY,ESCALATED
I0002482,C000426,2026-07-29,SMS,COMPLAINT,PENDING
I0002483,C000360,2026-08-24,APP,COLLECTION,PENDING
I0002484,C000932,2026-03-19,APP,COLLECTION,RESOLVED
I0002485,C000870,2026-04-25,APP,COLLECTION,RESOLVED
I0002486,C000150,2025-07-14,EMAIL,COMPLAINT,PENDING
I0002487,C000022,2025-10-04,BRANCH,COMPLAINT,PENDING
I0002488,C000786,2026-09-03,APP,COLLECTION,PENDING
I0002489,C000909,2025-12-20,APP,COMPLAINT,RESOLVED
I0002490,C000894,2025-01-11,APP,PAYMENT_REMINDER,RESOLVED
I0002491,C000942,2025-05-05,CALL,LOAN_QUERY,RESOLVED
I0002492,C000126,2024-12-05,APP,LOAN_QUERY,RESOLVED
I0002493,C000542,2025-06-06,CALL,LOAN_QUERY,RESOLVED
I0002494,C000372,2025-09-19,BRANCH,PAYMENT_REMINDER,ESCALATED
I0002495,C000610,2024-11-18,BRANCH,GENERAL_QUERY,RESOLVED
I0002496,C000236,2025-01-15,SMS,PAYMENT_REMINDER,ESCALATED
I0002497,C000226,2026-01-26,BRANCH,LOAN_QUERY,ESCALATED
I0002498,C000414,2025-09-06,CALL,PAYMENT_REMINDER,RESOLVED
I0002499,C000424,2026-07-18,APP,COLLECTION,ESCALATED
I0002500,C000628,2026-01-29,EMAIL,LOAN_QUERY,RESOLVED
I0002501,C000578,2026-03-12,EMAIL,GENERAL_QUERY,PENDING
I0002502,C000830,2026-09-11,EMAIL,COLLECTION,RESOLVED
I0002503,C000988,2025-08-06,CALL,PAYMENT_REMINDER,PENDING
I0002504,C000109,2025-02-15,SMS,COLLECTION,ESCALATED
I0002505,C000878,2026-04-17,APP,COLLECTION,PENDING
I0002506,C000422,2026-01-14,CALL,PAYMENT_REMINDER,PENDING
I0002507,C000117,2025-11-14,SMS,COLLECTION,PENDING
I0002508,C000930,2026-09-09,CALL,COMPLAINT,RESOLVED
I0002509,C000276,2025-03-09,APP,PAYMENT_REMINDER,RESOLVED
I0002510,C000751,2025-05-25,APP,GENERAL_QUERY,PENDING
I0002511,C000346,2025-04-14,BRANCH,COMPLAINT,ESCALATED
I0002512,C000489,2025-02-28,CALL,COMPLAINT,RESOLVED
I0002513,C000157,2026-09-16,APP,LOAN_QUERY,PENDING
I0002514,C000252,2026-02-10,EMAIL,LOAN_QUERY,RESOLVED
I0002515,C000594,2025-04-26,EMAIL,COLLECTION,RESOLVED
I0002516,C000677,2025-08-01,BRANCH,COMPLAINT,PENDING
I0002517,C000378,2025-11-16,APP,COMPLAINT,PENDING
I0002518,C000943,2025-05-29,APP,COMPLAINT,PENDING
I0002519,C000763,2025-10-09,SMS,COLLECTION,RESOLVED
I0002520,C000683,2026-04-20,CALL,COMPLAINT,PENDING
I0002521,C000453,2025-08-15,APP,COLLECTION,ESCALATED
I0002522,C000015,2025-03-26,SMS,PAYMENT_REMINDER,PENDING
I0002523,C000899,2026-02-17,EMAIL,LOAN_QUERY,PENDING
I0002524,C000787,2025-12-08,BRANCH,COLLECTION,RESOLVED
I0002525,C000193,2024-10-06,BRANCH,LOAN_QUERY,ESCALATED
I0002526,C000412,2025-08-02,APP,PAYMENT_REMINDER,PENDING
I0002527,C000167,2026-05-18,BRANCH,LOAN_QUERY,PENDING
I0002528,C000617,2024-12-03,APP,LOAN_QUERY,PENDING
I0002529,C000969,2025-07-18,EMAIL,LOAN_QUERY,RESOLVED
I0002530,C000155,2026-04-06,CALL,COLLECTION,ESCALATED
I0002531,C000653,2025-11-08,BRANCH,GENERAL_QUERY,RESOLVED
I0002532,C000723,2025-01-08,BRANCH,LOAN_QUERY,PENDING
I0002533,C000582,2025-05-03,CALL,GENERAL_QUERY,RESOLVED
I0002534,C000918,2025-11-29,CALL,LOAN_QUERY,RESOLVED
I0002535,C000104,2025-09-16,CALL,COLLECTION,PENDING
I0002536,C000279,2025-12-18,CALL,GENERAL_QUERY,PENDING
I0002537,C000581,2026-01-25,APP,COLLECTION,RESOLVED
I0002538,C000767,2025-03-18,EMAIL,LOAN_QUERY,PENDING
I0002539,C000108,2026-01-07,EMAIL,COMPLAINT,ESCALATED
I0002540,C000119,2026-01-01,SMS,COLLECTION,ESCALATED
I0002541,C000214,2026-04-23,EMAIL,PAYMENT_REMINDER,PENDING
I0002542,C000658,2026-08-07,APP,COMPLAINT,ESCALATED
I0002543,C000547,2026-04-28,BRANCH,COLLECTION,ESCALATED
I0002544,C000557,2025-11-14,BRANCH,LOAN_QUERY,PENDING
I0002545,C000664,2026-05-20,CALL,COMPLAINT,RESOLVED
I0002546,C000030,2026-02-08,APP,GENERAL_QUERY,PENDING
I0002547,C000876,2024-11-14,BRANCH,GENERAL_QUERY,PENDING
I0002548,C000892,2025-08-04,CALL,LOAN_QUERY,PENDING
I0002549,C000789,2024-11-29,EMAIL,GENERAL_QUERY,ESCALATED
I0002550,C000774,2025-06-18,BRANCH,GENERAL_QUERY,RESOLVED
I0002551,C000388,2026-07-16,APP,PAYMENT_REMINDER,RESOLVED
I0002552,C000267,2025-03-09,BRANCH,GENERAL_QUERY,RESOLVED
I0002553,C000287,2026-02-21,APP,COLLECTION,ESCALATED
I0002554,C000345,2025-10-09,SMS,GENERAL_QUERY,ESCALATED
I0002555,C000121,2024-11-19,SMS,PAYMENT_REMINDER,RESOLVED
I0002556,C000513,2024-12-03,EMAIL,LOAN_QUERY,PENDING
I0002557,C000150,2025-07-18,BRANCH,COLLECTION,RESOLVED
I0002558,C000755,2026-08-13,EMAIL,LOAN_QUERY,ESCALATED
I0002559,C000003,2026-05-16,APP,COMPLAINT,ESCALATED
I0002560,C000739,2025-10-21,BRANCH,PAYMENT_REMINDER,ESCALATED
I0002561,C000735,2026-02-07,EMAIL,COMPLAINT,RESOLVED
I0002562,C000227,2025-02-15,BRANCH,LOAN_QUERY,PENDING
I0002563,C000912,2026-03-09,EMAIL,COLLECTION,PENDING
I0002564,C000095,2025-09-09,EMAIL,GENERAL_QUERY,PENDING
I0002565,C000167,2024-11-23,SMS,PAYMENT_REMINDER,PENDING
I0002566,C000791,2024-10-08,APP,GENERAL_QUERY,PENDING
I0002567,C000230,2025-03-25,BRANCH,COMPLAINT,PENDING
I0002568,C000498,2024-10-03,APP,COLLECTION,PENDING
I0002569,C000816,2025-10-07,CALL,COLLECTION,ESCALATED
I0002570,C000483,2026-06-04,EMAIL,GENERAL_QUERY,ESCALATED
I0002571,C000665,2025-02-24,CALL,COLLECTION,ESCALATED
I0002572,C000355,2025-09-19,APP,COLLECTION,ESCALATED
I0002573,C000701,2024-12-26,CALL,COLLECTION,RESOLVED
I0002574,C000188,2025-07-07,EMAIL,PAYMENT_REMINDER,PENDING
I0002575,C000507,2024-10-31,APP,GENERAL_QUERY,PENDING
I0002576,C000791,2025-09-17,SMS,COLLECTION,RESOLVED
I0002577,C000341,2026-03-06,BRANCH,COMPLAINT,PENDING
I0002578,C000935,2025-01-22,EMAIL,COMPLAINT,ESCALATED
I0002579,C000484,2026-05-10,EMAIL,COLLECTION,RESOLVED
I0002580,C000447,2026-06-22,EMAIL,COMPLAINT,PENDING
I0002581,C000019,2026-05-09,EMAIL,COMPLAINT,RESOLVED
I0002582,C000896,2024-09-19,CALL,LOAN_QUERY,RESOLVED
I0002583,C000907,2024-11-29,APP,COLLECTION,ESCALATED
I0002584,C000024,2025-04-16,BRANCH,LOAN_QUERY,ESCALATED
I0002585,C000572,2025-11-06,BRANCH,GENERAL_QUERY,RESOLVED
I0002586,C000863,2026-01-05,EMAIL,GENERAL_QUERY,ESCALATED
I0002587,C000654,2025-08-11,BRANCH,PAYMENT_REMINDER,RESOLVED
I0002588,C000986,2026-06-10,EMAIL,LOAN_QUERY,RESOLVED
I0002589,C000773,2025-09-25,SMS,COLLECTION,RESOLVED
I0002590,C000899,2025-11-20,BRANCH,LOAN_QUERY,RESOLVED
I0002591,C000186,2026-08-19,EMAIL,COLLECTION,RESOLVED
I0002592,C000729,2026-03-22,APP,COMPLAINT,ESCALATED
I0002593,C000232,2024-09-30,BRANCH,GENERAL_QUERY,PENDING
I0002594,C000995,2025-11-21,EMAIL,GENERAL_QUERY,RESOLVED
I0002595,C000465,2026-08-13,SMS,COLLECTION,ESCALATED
I0002596,C000005,2025-01-02,APP,COLLECTION,ESCALATED
I0002597,C000221,2025-07-13,EMAIL,LOAN_QUERY,PENDING
I0002598,C000993,2026-04-07,EMAIL,COLLECTION,ESCALATED
I0002599,C000820,2025-04-17,CALL,GENERAL_QUERY,ESCALATED
I0002600,C000888,2025-12-05,SMS,PAYMENT_REMINDER,PENDING
I0002601,C000053,2025-02-24,CALL,COLLECTION,PENDING
I0002602,C000536,2024-12-16,BRANCH,PAYMENT_REMINDER,ESCALATED
I0002603,C000715,2024-12-27,APP,COLLECTION,RESOLVED
I0002604,C000197,2024-12-20,BRANCH,COLLECTION,ESCALATED
I0002605,C000255,2025-04-25,SMS,PAYMENT_REMINDER,RESOLVED
I0002606,C000063,2025-07-22,CALL,COLLECTION,RESOLVED
I0002607,C000077,2026-05-17,SMS,LOAN_QUERY,ESCALATED
I0002608,C000897,2025-02-15,BRANCH,GENERAL_QUERY,RESOLVED
I0002609,C000511,2025-12-19,CALL,GENERAL_QUERY,PENDING
I0002610,C000647,2026-05-05,BRANCH,COLLECTION,ESCALATED
I0002611,C000779,2025-05-05,BRANCH,LOAN_QUERY,ESCALATED
I0002612,C000906,2026-05-17,BRANCH,COMPLAINT,PENDING
I0002613,C000994,2026-05-09,CALL,PAYMENT_REMINDER,ESCALATED
I0002614,C000867,2025-08-25,BRANCH,COLLECTION,ESCALATED
I0002615,C000172,2025-07-21,CALL,LOAN_QUERY,PENDING
I0002616,C000256,2025-02-05,BRANCH,COLLECTION,PENDING
I0002617,C000842,2025-05-25,APP,PAYMENT_REMINDER,PENDING
I0002618,C000924,2026-01-28,BRANCH,COMPLAINT,PENDING
I0002619,C000381,2025-04-19,APP,COLLECTION,ESCALATED
I0002620,C000177,2026-06-29,APP,LOAN_QUERY,RESOLVED
I0002621,C000118,2025-01-05,APP,PAYMENT_REMINDER,PENDING
I0002622,C000697,2026-04-20,EMAIL,GENERAL_QUERY,RESOLVED
I0002623,C000155,2025-12-09,SMS,COLLECTION,RESOLVED
I0002624,C000232,2026-06-23,SMS,PAYMENT_REMINDER,ESCALATED
I0002625,C000100,2026-01-20,SMS,GENERAL_QUERY,RESOLVED
I0002626,C000576,2025-01-21,EMAIL,LOAN_QUERY,RESOLVED
I0002627,C000101,2025-07-14,APP,LOAN_QUERY,RESOLVED
I0002628,C000349,2026-07-02,BRANCH,GENERAL_QUERY,RESOLVED
I0002629,C000302,2026-03-15,APP,PAYMENT_REMINDER,RESOLVED
I0002630,C000451,2025-05-04,EMAIL,GENERAL_QUERY,RESOLVED
I0002631,C000813,2025-06-10,SMS,GENERAL_QUERY,RESOLVED
I0002632,C000674,2026-04-22,APP,COMPLAINT,RESOLVED
I0002633,C000673,2025-07-27,APP,COMPLAINT,RESOLVED
I0002634,C000988,2025-02-22,EMAIL,PAYMENT_REMINDER,PENDING
I0002635,C000790,2026-08-29,SMS,COMPLAINT,PENDING
I0002636,C000731,2026-06-11,EMAIL,COLLECTION,RESOLVED
I0002637,C000505,2025-02-11,CALL,LOAN_QUERY,PENDING
I0002638,C000231,2025-12-24,APP,LOAN_QUERY,ESCALATED
I0002639,C000068,2024-12-09,CALL,COMPLAINT,PENDING
I0002640,C000527,2025-09-08,CALL,COLLECTION,RESOLVED
I0002641,C000041,2025-01-01,APP,LOAN_QUERY,ESCALATED
I0002642,C000912,2026-04-20,EMAIL,GENERAL_QUERY,RESOLVED
I0002643,C000785,2026-09-08,CALL,LOAN_QUERY,RESOLVED
I0002644,C000375,2025-12-14,BRANCH,COLLECTION,RESOLVED
I0002645,C000220,2026-07-16,BRANCH,PAYMENT_REMINDER,ESCALATED
I0002646,C000876,2026-06-04,BRANCH,COMPLAINT,RESOLVED
I0002647,C000211,2025-12-17,APP,COMPLAINT,ESCALATED
I0002648,C000806,2026-01-18,BRANCH,PAYMENT_REMINDER,RESOLVED
I0002649,C000829,2026-08-15,SMS,GENERAL_QUERY,ESCALATED
I0002650,C000454,2025-05-07,APP,PAYMENT_REMINDER,ESCALATED
I0002651,C000653,2024-09-24,EMAIL,LOAN_QUERY,RESOLVED
I0002652,C000064,2025-03-02,CALL,GENERAL_QUERY,RESOLVED
I0002653,C000647,2025-07-20,EMAIL,PAYMENT_REMINDER,ESCALATED
I0002654,C000754,2026-06-15,APP,COLLECTION,RESOLVED
I0002655,C000710,2025-12-04,SMS,GENERAL_QUERY,RESOLVED
I0002656,C000003,2025-04-07,CALL,PAYMENT_REMINDER,PENDING
I0002657,C000401,2025-10-13,CALL,LOAN_QUERY,ESCALATED
I0002658,C000877,2026-07-05,CALL,COMPLAINT,RESOLVED
I0002659,C000904,2026-02-14,CALL,COLLECTION,RESOLVED
I0002660,C000701,2024-11-17,SMS,PAYMENT_REMINDER,RESOLVED
I0002661,C000252,2026-02-16,BRANCH,GENERAL_QUERY,RESOLVED
I0002662,C000455,2024-12-10,BRANCH,GENERAL_QUERY,ESCALATED
I0002663,C000174,2025-02-03,CALL,LOAN_QUERY,ESCALATED
I0002664,C000216,2026-01-27,APP,COLLECTION,RESOLVED
I0002665,C000010,2025-08-03,EMAIL,LOAN_QUERY,RESOLVED
I0002666,C000429,2026-03-15,SMS,COMPLAINT,PENDING
I0002667,C000982,2026-08-24,EMAIL,LOAN_QUERY,ESCALATED
I0002668,C000105,2025-07-10,EMAIL,PAYMENT_REMINDER,ESCALATED
I0002669,C000968,2026-03-28,BRANCH,GENERAL_QUERY,ESCALATED
I0002670,C000544,2025-04-30,CALL,GENERAL_QUERY,RESOLVED
I0002671,C000327,2025-11-30,CALL,COMPLAINT,RESOLVED
I0002672,C000112,2025-09-08,BRANCH,GENERAL_QUERY,PENDING
I0002673,C000494,2024-11-23,BRANCH,COMPLAINT,PENDING
I0002674,C000582,2026-01-10,CALL,GENERAL_QUERY,PENDING
I0002675,C000142,2025-07-31,EMAIL,PAYMENT_REMINDER,ESCALATED
I0002676,C000462,2025-09-01,SMS,PAYMENT_REMINDER,PENDING
I0002677,C000185,2026-02-20,EMAIL,COMPLAINT,RESOLVED
I0002678,C000339,2024-10-05,EMAIL,PAYMENT_REMINDER,PENDING
I0002679,C000066,2025-08-01,EMAIL,PAYMENT_REMINDER,RESOLVED
I0002680,C000656,2026-02-27,BRANCH,PAYMENT_REMINDER,RESOLVED
I0002681,C000151,2026-08-07,SMS,PAYMENT_REMINDER,RESOLVED
I0002682,C000377,2025-11-17,BRANCH,COMPLAINT,PENDING
I0002683,C000293,2025-03-09,SMS,COLLECTION,RESOLVED
I0002684,C000360,2025-03-04,CALL,PAYMENT_REMINDER,ESCALATED
I0002685,C000591,2025-05-29,APP,COMPLAINT,RESOLVED
I0002686,C000300,2025-03-06,EMAIL,COMPLAINT,PENDING
I0002687,C000678,2025-12-26,SMS,PAYMENT_REMINDER,PENDING
I0002688,C000872,2024-12-11,CALL,COLLECTION,PENDING
I0002689,C000370,2024-10-11,BRANCH,COMPLAINT,RESOLVED
I0002690,C000991,2024-12-06,BRANCH,PAYMENT_REMINDER,ESCALATED
I0002691,C000458,2025-07-15,EMAIL,LOAN_QUERY,ESCALATED
I0002692,C000536,2024-12-08,APP,GENERAL_QUERY,ESCALATED
I0002693,C000903,2025-01-25,APP,LOAN_QUERY,RESOLVED
I0002694,C000193,2025-06-14,EMAIL,LOAN_QUERY,ESCALATED
I0002695,C000213,2026-05-18,EMAIL,GENERAL_QUERY,PENDING
I0002696,C000419,2026-05-09,BRANCH,PAYMENT_REMINDER,ESCALATED
I0002697,C000807,2025-12-03,APP,COLLECTION,PENDING
I0002698,C000286,2024-10-07,EMAIL,COMPLAINT,RESOLVED
I0002699,C000989,2024-12-13,SMS,PAYMENT_REMINDER,PENDING
I0002700,C000016,2025-07-24,CALL,PAYMENT_REMINDER,RESOLVED
I0002701,C000554,2026-05-11,SMS,COLLECTION,ESCALATED
I0002702,C000582,2026-03-28,CALL,LOAN_QUERY,RESOLVED
I0002703,C000076,2025-03-26,SMS,COMPLAINT,PENDING
I0002704,C000333,2025-11-30,EMAIL,COMPLAINT,ESCALATED
I0002705,C000327,2025-12-27,APP,COLLECTION,RESOLVED
I0002706,C000977,2025-04-15,CALL,COLLECTION,PENDING
I0002707,C000242,2026-04-07,CALL,LOAN_QUERY,RESOLVED
I0002708,C000736,2025-12-14,CALL,GENERAL_QUERY,RESOLVED
I0002709,C000799,2024-10-12,APP,COLLECTION,RESOLVED
I0002710,C000081,2026-04-30,SMS,PAYMENT_REMINDER,RESOLVED
I0002711,C000961,2026-04-24,EMAIL,PAYMENT_REMINDER,ESCALATED
I0002712,C000119,2024-11-18,EMAIL,GENERAL_QUERY,RESOLVED
I0002713,C000935,2025-02-14,CALL,COLLECTION,ESCALATED
I0002714,C000900,2025-03-10,CALL,GENERAL_QUERY,ESCALATED
I0002715,C000044,2025-03-14,CALL,PAYMENT_REMINDER,ESCALATED
I0002716,C000802,2025-04-15,EMAIL,COLLECTION,PENDING
I0002717,C000691,2025-04-15,BRANCH,COMPLAINT,PENDING
I0002718,C000198,2025-03-02,APP,GENERAL_QUERY,PENDING
I0002719,C000601,2025-09-20,APP,PAYMENT_REMINDER,RESOLVED
I0002720,C000947,2026-08-29,SMS,COLLECTION,RESOLVED
I0002721,C000755,2026-02-15,CALL,GENERAL_QUERY,RESOLVED
I0002722,C000939,2025-08-07,APP,LOAN_QUERY,ESCALATED
I0002723,C000242,2026-06-25,SMS,COLLECTION,RESOLVED
I0002724,C000499,2025-09-25,SMS,COMPLAINT,PENDING
I0002725,C000406,2026-02-08,SMS,COLLECTION,RESOLVED
I0002726,C000311,2026-05-30,APP,COMPLAINT,PENDING
I0002727,C000860,2025-02-22,SMS,GENERAL_QUERY,RESOLVED
I0002728,C000614,2026-03-02,BRANCH,GENERAL_QUERY,RESOLVED
I0002729,C000061,2025-04-16,SMS,COMPLAINT,PENDING
I0002730,C000715,2025-11-04,SMS,COLLECTION,ESCALATED
I0002731,C000301,2026-05-26,BRANCH,COMPLAINT,RESOLVED
I0002732,C000004,2024-12-02,EMAIL,LOAN_QUERY,ESCALATED
I0002733,C000432,2025-04-22,SMS,GENERAL_QUERY,ESCALATED
I0002734,C000399,2024-10-21,BRANCH,LOAN_QUERY,RESOLVED
I0002735,C000439,2026-06-19,APP,PAYMENT_REMINDER,PENDING
I0002736,C000770,2025-11-27,APP,COLLECTION,ESCALATED
I0002737,C000787,2025-11-13,BRANCH,PAYMENT_REMINDER,ESCALATED
I0002738,C000260,2026-05-28,APP,LOAN_QUERY,ESCALATED
I0002739,C000374,2026-03-06,EMAIL,GENERAL_QUERY,RESOLVED
I0002740,C000258,2025-04-10,SMS,LOAN_QUERY,RESOLVED
I0002741,C000071,2024-11-23,APP,LOAN_QUERY,PENDING
I0002742,C000671,2026-04-04,EMAIL,PAYMENT_REMINDER,PENDING
I0002743,C000444,2024-11-03,APP,LOAN_QUERY,PENDING
I0002744,C000288,2024-11-10,CALL,PAYMENT_REMINDER,PENDING
I0002745,C000370,2026-07-19,EMAIL,PAYMENT_REMINDER,PENDING
I0002746,C000519,2025-08-19,EMAIL,COLLECTION,RESOLVED
I0002747,C000850,2025-10-04,CALL,PAYMENT_REMINDER,ESCALATED
I0002748,C000928,2025-12-26,APP,COLLECTION,PENDING
I0002749,C000338,2025-03-03,EMAIL,LOAN_QUERY,ESCALATED
I0002750,C000659,2024-10-15,EMAIL,COMPLAINT,PENDING
I0002751,C000227,2024-11-12,CALL,COMPLAINT,ESCALATED
I0002752,C000725,2025-03-29,EMAIL,COMPLAINT,ESCALATED
I0002753,C000561,2026-08-22,APP,COLLECTION,ESCALATED
I0002754,C000337,2025-11-12,BRANCH,GENERAL_QUERY,RESOLVED
I0002755,C000048,2024-11-25,APP,PAYMENT_REMINDER,RESOLVED
I0002756,C000771,2024-12-05,CALL,GENERAL_QUERY,ESCALATED
I0002757,C000976,2025-07-24,BRANCH,LOAN_QUERY,ESCALATED
I0002758,C000230,2024-09-24,CALL,COLLECTION,ESCALATED
I0002759,C000784,2025-04-23,SMS,COLLECTION,PENDING
I0002760,C000526,2025-12-09,CALL,GENERAL_QUERY,RESOLVED
I0002761,C000952,2026-02-06,SMS,LOAN_QUERY,RESOLVED
I0002762,C000095,2026-03-21,APP,PAYMENT_REMINDER,ESCALATED
I0002763,C000544,2025-12-18,APP,COMPLAINT,ESCALATED
I0002764,C000909,2026-02-12,BRANCH,LOAN_QUERY,PENDING
I0002765,C000113,2026-02-08,BRANCH,COLLECTION,ESCALATED
I0002766,C000821,2024-11-19,BRANCH,GENERAL_QUERY,PENDING
I0002767,C000457,2026-05-08,APP,COLLECTION,PENDING
I0002768,C000400,2024-10-05,CALL,PAYMENT_REMINDER,PENDING
I0002769,C000273,2024-10-22,SMS,LOAN_QUERY,ESCALATED
I0002770,C000809,2026-07-06,EMAIL,GENERAL_QUERY,RESOLVED
I0002771,C000522,2025-05-15,APP,COMPLAINT,PENDING
I0002772,C000647,2026-02-07,BRANCH,GENERAL_QUERY,ESCALATED
I0002773,C000911,2026-08-15,EMAIL,PAYMENT_REMINDER,RESOLVED
I0002774,C000009,2026-09-02,SMS,LOAN_QUERY,PENDING
I0002775,C000743,2025-01-19,APP,COLLECTION,ESCALATED
I0002776,C000322,2026-08-11,APP,PAYMENT_REMINDER,ESCALATED
I0002777,C000716,2026-08-25,APP,GENERAL_QUERY,PENDING
I0002778,C000368,2024-10-16,EMAIL,COMPLAINT,ESCALATED
I0002779,C000725,2025-01-10,EMAIL,COLLECTION,RESOLVED
I0002780,C000215,2025-11-01,CALL,PAYMENT_REMINDER,ESCALATED
I0002781,C000572,2025-11-26,BRANCH,GENERAL_QUERY,PENDING
I0002782,C000221,2026-06-23,BRANCH,PAYMENT_REMINDER,RESOLVED
I0002783,C000521,2026-08-01,APP,COMPLAINT,ESCALATED
I0002784,C000451,2025-08-06,SMS,PAYMENT_REMINDER,RESOLVED
I0002785,C000503,2026-07-10,SMS,LOAN_QUERY,ESCALATED
I0002786,C000456,2025-08-05,CALL,COLLECTION,RESOLVED
I0002787,C000759,2026-09-05,EMAIL,GENERAL_QUERY,ESCALATED
I0002788,C000891,2024-12-17,CALL,GENERAL_QUERY,RESOLVED
I0002789,C000657,2025-07-26,BRANCH,GENERAL_QUERY,RESOLVED
I0002790,C000134,2026-08-28,CALL,GENERAL_QUERY,ESCALATED
I0002791,C000666,2025-11-12,EMAIL,GENERAL_QUERY,RESOLVED
I0002792,C000699,2024-10-11,SMS,COMPLAINT,PENDING
I0002793,C000665,2026-04-19,CALL,COLLECTION,ESCALATED
I0002794,C000498,2024-11-11,BRANCH,GENERAL_QUERY,PENDING
I0002795,C000547,2026-07-28,SMS,PAYMENT_REMINDER,PENDING
I0002796,C000010,2026-01-11,CALL,GENERAL_QUERY,RESOLVED
I0002797,C000301,2025-12-27,EMAIL,COLLECTION,RESOLVED
I0002798,C000008,2024-10-16,SMS,LOAN_QUERY,PENDING
I0002799,C000080,2025-03-26,SMS,COMPLAINT,PENDING
I0002800,C000080,2025-04-30,BRANCH,COMPLAINT,PENDING
I0002801,C000479,2025-01-06,BRANCH,COLLECTION,RESOLVED
I0002802,C000569,2024-12-19,CALL,LOAN_QUERY,RESOLVED
I0002803,C000801,2026-07-04,CALL,COMPLAINT,PENDING
I0002804,C000272,2026-05-06,SMS,COMPLAINT,PENDING
I0002805,C000259,2025-02-18,EMAIL,PAYMENT_REMINDER,ESCALATED
I0002806,C000547,2025-04-04,SMS,PAYMENT_REMINDER,PENDING
I0002807,C000109,2025-10-10,SMS,LOAN_QUERY,ESCALATED
I0002808,C000395,2026-08-12,APP,LOAN_QUERY,ESCALATED
I0002809,C000915,2026-04-15,BRANCH,LOAN_QUERY,ESCALATED
I0002810,C000116,2026-09-11,BRANCH,PAYMENT_REMINDER,PENDING
I0002811,C000445,2025-05-29,SMS,COLLECTION,ESCALATED
I0002812,C000228,2025-05-08,EMAIL,LOAN_QUERY,PENDING
I0002813,C000279,2025-11-19,APP,LOAN_QUERY,PENDING
I0002814,C000017,2025-04-06,EMAIL,LOAN_QUERY,ESCALATED
I0002815,C000098,2026-08-06,SMS,COMPLAINT,ESCALATED
I0002816,C000429,2025-01-15,EMAIL,LOAN_QUERY,ESCALATED
I0002817,C000270,2024-11-01,EMAIL,COLLECTION,ESCALATED
I0002818,C000176,2025-02-25,CALL,PAYMENT_REMINDER,ESCALATED
I0002819,C000358,2025-05-21,BRANCH,PAYMENT_REMINDER,RESOLVED
I0002820,C000382,2025-02-16,BRANCH,LOAN_QUERY,PENDING
I0002821,C000308,2024-11-13,APP,PAYMENT_REMINDER,ESCALATED
I0002822,C000166,2025-08-12,CALL,COLLECTION,PENDING
I0002823,C000169,2024-11-02,APP,COLLECTION,RESOLVED
I0002824,C000074,2026-03-10,APP,LOAN_QUERY,ESCALATED
I0002825,C000090,2025-09-22,SMS,COMPLAINT,RESOLVED
I0002826,C000320,2025-11-29,SMS,COMPLAINT,PENDING
I0002827,C000830,2026-02-19,CALL,LOAN_QUERY,ESCALATED
I0002828,C000675,2024-11-29,SMS,PAYMENT_REMINDER,RESOLVED
I0002829,C000256,2025-09-28,APP,COMPLAINT,RESOLVED
I0002830,C000626,2026-06-28,SMS,COLLECTION,ESCALATED
I0002831,C000740,2026-09-15,BRANCH,PAYMENT_REMINDER,PENDING
I0002832,C000151,2026-09-06,APP,PAYMENT_REMINDER,ESCALATED
I0002833,C000723,2025-12-19,EMAIL,PAYMENT_REMINDER,ESCALATED
I0002834,C000453,2024-12-02,BRANCH,LOAN_QUERY,RESOLVED
I0002835,C000288,2025-02-22,EMAIL,LOAN_QUERY,PENDING
I0002836,C000639,2026-09-01,CALL,COLLECTION,PENDING
I0002837,C000462,2025-11-12,CALL,COLLECTION,PENDING
I0002838,C000326,2025-07-09,EMAIL,LOAN_QUERY,RESOLVED
I0002839,C000927,2024-10-31,SMS,COMPLAINT,RESOLVED
I0002840,C000913,2024-11-17,SMS,COLLECTION,ESCALATED
I0002841,C000858,2025-05-25,EMAIL,COLLECTION,ESCALATED
I0002842,C000493,2026-05-20,APP,COLLECTION,RESOLVED
I0002843,C000250,2025-09-24,EMAIL,LOAN_QUERY,RESOLVED
I0002844,C000395,2024-12-01,BRANCH,COLLECTION,PENDING
I0002845,C000417,2026-07-12,EMAIL,LOAN_QUERY,PENDING
I0002846,C000611,2026-03-15,APP,PAYMENT_REMINDER,PENDING
I0002847,C000658,2026-08-03,APP,LOAN_QUERY,ESCALATED
I0002848,C000517,2024-11-22,APP,COLLECTION,ESCALATED
I0002849,C000355,2026-05-23,SMS,COLLECTION,ESCALATED
I0002850,C000231,2025-10-05,APP,PAYMENT_REMINDER,PENDING
I0002851,C000433,2024-12-15,APP,COLLECTION,RESOLVED
I0002852,C000022,2025-02-20,SMS,COLLECTION,PENDING
I0002853,C000077,2026-07-29,CALL,COMPLAINT,PENDING
I0002854,C000613,2024-12-30,BRANCH,GENERAL_QUERY,PENDING
I0002855,C000092,2026-05-16,BRANCH,COMPLAINT,RESOLVED
I0002856,C000731,2026-03-17,EMAIL,GENERAL_QUERY,RESOLVED
I0002857,C000963,2024-11-30,CALL,PAYMENT_REMINDER,PENDING
I0002858,C000832,2025-12-12,EMAIL,GENERAL_QUERY,PENDING
I0002859,C000954,2026-02-27,BRANCH,PAYMENT_REMINDER,PENDING
I0002860,C000656,2025-05-14,APP,GENERAL_QUERY,RESOLVED
I0002861,C000602,2026-09-05,SMS,LOAN_QUERY,ESCALATED
I0002862,C000731,2026-07-06,CALL,COMPLAINT,ESCALATED
I0002863,C000701,2026-06-12,APP,COLLECTION,RESOLVED
I0002864,C000162,2024-09-28,APP,LOAN_QUERY,ESCALATED
I0002865,C000431,2024-12-30,SMS,COMPLAINT,PENDING
I0002866,C000403,2025-05-09,BRANCH,LOAN_QUERY,RESOLVED
I0002867,C000534,2026-08-20,BRANCH,GENERAL_QUERY,ESCALATED
I0002868,C000940,2025-09-11,APP,LOAN_QUERY,ESCALATED
I0002869,C000803,2026-02-17,CALL,COMPLAINT,PENDING
I0002870,C000082,2026-07-21,CALL,PAYMENT_REMINDER,RESOLVED
I0002871,C000776,2024-09-19,CALL,LOAN_QUERY,PENDING
I0002872,C000424,2025-01-19,BRANCH,PAYMENT_REMINDER,PENDING
I0002873,C000937,2026-09-10,APP,PAYMENT_REMINDER,ESCALATED
I0002874,C000552,2025-10-25,CALL,GENERAL_QUERY,ESCALATED
I0002875,C000411,2025-11-21,APP,GENERAL_QUERY,RESOLVED
I0002876,C000259,2026-06-01,SMS,GENERAL_QUERY,ESCALATED
I0002877,C000010,2026-02-06,BRANCH,LOAN_QUERY,RESOLVED
I0002878,C000280,2024-11-23,CALL,COLLECTION,RESOLVED
I0002879,C000526,2025-04-28,EMAIL,GENERAL_QUERY,ESCALATED
I0002880,C000413,2024-11-26,CALL,LOAN_QUERY,PENDING
I0002881,C000010,2024-12-17,EMAIL,LOAN_QUERY,PENDING
I0002882,C000528,2024-12-27,SMS,GENERAL_QUERY,ESCALATED
I0002883,C000021,2026-06-30,SMS,PAYMENT_REMINDER,ESCALATED
I0002884,C000491,2025-11-04,CALL,LOAN_QUERY,RESOLVED
I0002885,C000579,2025-09-07,EMAIL,LOAN_QUERY,RESOLVED
I0002886,C000266,2026-07-09,CALL,LOAN_QUERY,ESCALATED
I0002887,C000710,2026-01-19,APP,COLLECTION,PENDING
I0002888,C000543,2025-05-06,APP,PAYMENT_REMINDER,ESCALATED
I0002889,C000982,2025-05-20,BRANCH,GENERAL_QUERY,RESOLVED
I0002890,C000617,2024-12-31,BRANCH,PAYMENT_REMINDER,ESCALATED
I0002891,C000611,2026-08-22,SMS,PAYMENT_REMINDER,ESCALATED
I0002892,C000156,2025-09-27,APP,COMPLAINT,PENDING
I0002893,C000741,2026-09-11,EMAIL,COMPLAINT,RESOLVED
I0002894,C000653,2026-03-11,BRANCH,COLLECTION,PENDING
I0002895,C000867,2024-11-13,APP,COMPLAINT,PENDING
I0002896,C000571,2026-05-09,EMAIL,GENERAL_QUERY,ESCALATED
I0002897,C000367,2026-09-07,APP,PAYMENT_REMINDER,ESCALATED
I0002898,C000682,2025-12-31,CALL,COMPLAINT,RESOLVED
I0002899,C000689,2025-02-28,SMS,PAYMENT_REMINDER,PENDING
I0002900,C000581,2025-08-20,EMAIL,COMPLAINT,PENDING
I0002901,C000924,2025-09-21,SMS,COLLECTION,RESOLVED
I0002902,C000777,2026-07-07,EMAIL,PAYMENT_REMINDER,ESCALATED
I0002903,C000820,2025-10-17,APP,PAYMENT_REMINDER,RESOLVED
I0002904,C000821,2025-06-29,BRANCH,COLLECTION,ESCALATED
I0002905,C000769,2025-10-02,EMAIL,COMPLAINT,PENDING
I0002906,C000789,2025-07-08,BRANCH,COMPLAINT,RESOLVED
I0002907,C000829,2025-05-02,EMAIL,COLLECTION,ESCALATED
I0002908,C000985,2026-07-16,CALL,GENERAL_QUERY,ESCALATED
I0002909,C000455,2025-08-14,EMAIL,GENERAL_QUERY,PENDING
I0002910,C000612,2025-02-08,SMS,COMPLAINT,RESOLVED
I0002911,C000342,2025-12-30,EMAIL,COLLECTION,PENDING
I0002912,C000817,2024-11-10,EMAIL,COMPLAINT,ESCALATED
I0002913,C000431,2025-03-20,APP,COLLECTION,ESCALATED
I0002914,C000868,2025-11-20,CALL,GENERAL_QUERY,ESCALATED
I0002915,C000744,2026-05-21,CALL,LOAN_QUERY,PENDING
I0002916,C000591,2024-11-16,CALL,COMPLAINT,RESOLVED
I0002917,C000706,2024-10-15,EMAIL,GENERAL_QUERY,RESOLVED
I0002918,C000511,2026-08-30,BRANCH,LOAN_QUERY,ESCALATED
I0002919,C000080,2026-01-23,EMAIL,GENERAL_QUERY,RESOLVED
I0002920,C000754,2025-10-08,APP,GENERAL_QUERY,RESOLVED
I0002921,C000287,2025-05-08,BRANCH,PAYMENT_REMINDER,PENDING
I0002922,C000392,2026-01-06,APP,PAYMENT_REMINDER,RESOLVED
I0002923,C000988,2024-12-11,APP,LOAN_QUERY,PENDING
I0002924,C000411,2026-02-08,APP,PAYMENT_REMINDER,PENDING
I0002925,C000385,2025-07-07,APP,PAYMENT_REMINDER,RESOLVED
I0002926,C000343,2024-12-19,SMS,LOAN_QUERY,PENDING
I0002927,C000161,2026-05-16,SMS,PAYMENT_REMINDER,RESOLVED
I0002928,C000425,2025-12-08,SMS,GENERAL_QUERY,ESCALATED
I0002929,C000259,2025-04-26,APP,LOAN_QUERY,PENDING
I0002930,C000063,2025-01-25,SMS,LOAN_QUERY,RESOLVED
I0002931,C000621,2025-03-28,CALL,LOAN_QUERY,ESCALATED
I0002932,C000593,2026-01-27,SMS,GENERAL_QUERY,ESCALATED
I0002933,C000751,2025-01-11,BRANCH,PAYMENT_REMINDER,PENDING
I0002934,C000221,2024-12-17,SMS,COMPLAINT,RESOLVED
I0002935,C000539,2025-06-13,CALL,COMPLAINT,PENDING
I0002936,C000599,2025-04-24,APP,COLLECTION,PENDING
I0002937,C000921,2026-07-29,APP,COLLECTION,PENDING
I0002938,C000493,2024-10-23,EMAIL,PAYMENT_REMINDER,PENDING
I0002939,C000249,2024-11-14,EMAIL,LOAN_QUERY,PENDING
I0002940,C000331,2026-03-21,APP,PAYMENT_REMINDER,RESOLVED
I0002941,C000767,2025-03-19,CALL,GENERAL_QUERY,PENDING
I0002942,C000933,2024-11-19,BRANCH,COMPLAINT,PENDING
I0002943,C000987,2026-08-31,CALL,GENERAL_QUERY,PENDING
I0002944,C000671,2025-06-03,EMAIL,PAYMENT_REMINDER,RESOLVED
I0002945,C000375,2025-03-04,CALL,PAYMENT_REMINDER,PENDING
I0002946,C000414,2025-05-31,APP,GENERAL_QUERY,PENDING
I0002947,C000989,2024-10-25,EMAIL,LOAN_QUERY,RESOLVED
I0002948,C000650,2025-08-01,CALL,COMPLAINT,RESOLVED
I0002949,C000102,2025-12-23,CALL,COMPLAINT,RESOLVED
I0002950,C000456,2026-02-13,EMAIL,COMPLAINT,PENDING
I0002951,C000426,2025-08-18,CALL,COMPLAINT,RESOLVED
I0002952,C000105,2026-02-12,APP,COMPLAINT,ESCALATED
I0002953,C000411,2025-02-07,SMS,PAYMENT_REMINDER,RESOLVED
I0002954,C000759,2025-07-14,EMAIL,GENERAL_QUERY,PENDING
I0002955,C000673,2024-11-06,EMAIL,COMPLAINT,PENDING
I0002956,C000055,2025-07-28,CALL,COLLECTION,ESCALATED
I0002957,C000788,2025-11-15,EMAIL,LOAN_QUERY,ESCALATED
I0002958,C000468,2025-03-31,CALL,PAYMENT_REMINDER,ESCALATED
I0002959,C000370,2026-06-10,SMS,COLLECTION,ESCALATED
I0002960,C000083,2025-06-10,BRANCH,COMPLAINT,RESOLVED
I0002961,C000556,2025-06-04,CALL,COLLECTION,RESOLVED
I0002962,C000076,2025-01-23,EMAIL,GENERAL_QUERY,ESCALATED
I0002963,C000921,2025-05-25,SMS,COMPLAINT,ESCALATED
I0002964,C000927,2025-01-30,BRANCH,COMPLAINT,RESOLVED
I0002965,C000256,2026-04-27,CALL,PAYMENT_REMINDER,RESOLVED
I0002966,C000847,2026-02-07,APP,PAYMENT_REMINDER,ESCALATED
I0002967,C000127,2025-10-06,EMAIL,PAYMENT_REMINDER,ESCALATED
I0002968,C000671,2026-04-13,BRANCH,GENERAL_QUERY,ESCALATED
I0002969,C000815,2025-05-16,SMS,COLLECTION,RESOLVED
I0002970,C000478,2026-08-10,SMS,GENERAL_QUERY,RESOLVED
I0002971,C000085,2024-11-13,BRANCH,COLLECTION,PENDING
I0002972,C000496,2024-09-17,EMAIL,PAYMENT_REMINDER,ESCALATED
I0002973,C000273,2025-01-01,APP,LOAN_QUERY,PENDING
I0002974,C000150,2026-01-20,APP,COLLECTION,PENDING
I0002975,C000892,2025-06-25,APP,LOAN_QUERY,PENDING
I0002976,C000245,2025-04-23,APP,LOAN_QUERY,RESOLVED
I0002977,C000041,2025-09-28,APP,COMPLAINT,ESCALATED
I0002978,C000467,2026-03-29,CALL,GENERAL_QUERY,PENDING
I0002979,C000462,2026-06-06,EMAIL,GENERAL_QUERY,ESCALATED
I0002980,C000182,2024-11-05,APP,PAYMENT_REMINDER,RESOLVED
I0002981,C000005,2026-09-11,BRANCH,COMPLAINT,RESOLVED
I0002982,C000708,2026-03-19,CALL,GENERAL_QUERY,PENDING
I0002983,C000938,2025-09-13,SMS,COMPLAINT,PENDING
I0002984,C000634,2025-12-13,SMS,PAYMENT_REMINDER,RESOLVED
I0002985,C000766,2025-11-11,CALL,GENERAL_QUERY,ESCALATED
I0002986,C000803,2025-12-23,APP,PAYMENT_REMINDER,PENDING
I0002987,C000801,2026-03-17,BRANCH,LOAN_QUERY,PENDING
I0002988,C000189,2026-01-05,BRANCH,COMPLAINT,ESCALATED
I0002989,C000383,2025-04-18,CALL,COLLECTION,ESCALATED
I0002990,C000743,2025-10-25,BRANCH,COLLECTION,RESOLVED
I0002991,C000601,2025-10-29,CALL,LOAN_QUERY,RESOLVED
I0002992,C000036,2026-08-27,CALL,LOAN_QUERY,ESCALATED
I0002993,C000039,2026-08-23,CALL,COLLECTION,ESCALATED
I0002994,C000119,2025-06-21,CALL,COLLECTION,PENDING
I0002995,C000787,2025-08-12,CALL,COMPLAINT,PENDING
I0002996,C000976,2025-07-16,BRANCH,COMPLAINT,ESCALATED
I0002997,C000361,2025-12-29,SMS,COMPLAINT,PENDING
I0002998,C000211,2025-04-23,CALL,COLLECTION,ESCALATED
I0002999,C000969,2025-10-14,APP,COLLECTION,PENDING
I0003000,C000851,2025-12-02,CALL,LOAN_QUERY,PENDING
I0003001,C000353,2025-12-24,EMAIL,PAYMENT_REMINDER,ESCALATED
I0003002,C000857,2025-03-06,EMAIL,PAYMENT_REMINDER,PENDING
I0003003,C000604,2024-10-31,CALL,COLLECTION,RESOLVED
I0003004,C000604,2024-10-09,APP,COMPLAINT,ESCALATED
I0003005,C000919,2025-06-29,EMAIL,COLLECTION,PENDING
I0003006,C000099,2024-12-07,CALL,COMPLAINT,PENDING
I0003007,C000544,2025-12-18,EMAIL,PAYMENT_REMINDER,ESCALATED
I0003008,C000902,2026-01-17,BRANCH,LOAN_QUERY,ESCALATED
I0003009,C000239,2026-03-14,SMS,LOAN_QUERY,RESOLVED
I0003010,C000119,2026-04-06,EMAIL,PAYMENT_REMINDER,PENDING
I0003011,C000546,2025-06-07,BRANCH,LOAN_QUERY,PENDING
I0003012,C000194,2025-08-18,EMAIL,COLLECTION,ESCALATED
I0003013,C000917,2025-09-01,BRANCH,GENERAL_QUERY,ESCALATED
I0003014,C000807,2025-06-13,EMAIL,COMPLAINT,RESOLVED
I0003015,C000582,2026-09-15,EMAIL,COLLECTION,RESOLVED
I0003016,C000171,2026-02-13,SMS,COMPLAINT,PENDING
I0003017,C000449,2026-08-29,SMS,LOAN_QUERY,ESCALATED
I0003018,C000399,2025-07-25,EMAIL,COLLECTION,ESCALATED
I0003019,C000384,2025-02-24,SMS,COMPLAINT,PENDING
I0003020,C000408,2025-06-26,SMS,COMPLAINT,RESOLVED
I0003021,C000054,2025-06-25,APP,LOAN_QUERY,PENDING
I0003022,C000666,2026-05-13,CALL,GENERAL_QUERY,PENDING
I0003023,C000875,2025-10-13,SMS,PAYMENT_REMINDER,RESOLVED
I0003024,C000102,2025-05-04,APP,PAYMENT_REMINDER,PENDING
I0003025,C000923,2026-08-05,SMS,COMPLAINT,RESOLVED
I0003026,C000106,2025-01-07,EMAIL,COLLECTION,PENDING
I0003027,C000819,2026-07-09,APP,LOAN_QUERY,ESCALATED
I0003028,C000515,2025-02-06,CALL,LOAN_QUERY,RESOLVED
I0003029,C000227,2025-08-30,EMAIL,PAYMENT_REMINDER,RESOLVED
I0003030,C000401,2026-01-24,EMAIL,GENERAL_QUERY,ESCALATED
I0003031,C000768,2026-04-01,CALL,LOAN_QUERY,RESOLVED
I0003032,C000832,2024-11-22,EMAIL,COLLECTION,ESCALATED
I0003033,C000233,2025-09-04,APP,COLLECTION,ESCALATED
I0003034,C000258,2025-01-15,BRANCH,PAYMENT_REMINDER,ESCALATED
I0003035,C000648,2025-07-15,EMAIL,GENERAL_QUERY,RESOLVED
I0003036,C000649,2025-07-26,CALL,COMPLAINT,RESOLVED
I0003037,C000701,2024-12-28,CALL,GENERAL_QUERY,RESOLVED
I0003038,C000566,2026-04-29,CALL,COLLECTION,PENDING
I0003039,C000846,2026-02-05,CALL,PAYMENT_REMINDER,PENDING
I0003040,C000539,2025-06-23,APP,GENERAL_QUERY,PENDING
I0003041,C000769,2025-07-27,BRANCH,COMPLAINT,RESOLVED
I0003042,C000797,2025-06-28,EMAIL,LOAN_QUERY,ESCALATED
I0003043,C000865,2024-10-06,BRANCH,LOAN_QUERY,ESCALATED
I0003044,C000152,2025-04-05,BRANCH,GENERAL_QUERY,RESOLVED
I0003045,C000674,2025-07-10,BRANCH,COMPLAINT,RESOLVED
I0003046,C000490,2026-07-26,CALL,GENERAL_QUERY,ESCALATED
I0003047,C000771,2024-09-22,SMS,GENERAL_QUERY,RESOLVED
I0003048,C000046,2025-09-21,EMAIL,COLLECTION,ESCALATED
I0003049,C000896,2024-10-03,CALL,COMPLAINT,ESCALATED
I0003050,C000705,2026-02-13,EMAIL,GENERAL_QUERY,ESCALATED
I0003051,C000322,2024-10-19,CALL,GENERAL_QUERY,ESCALATED
I0003052,C000464,2024-11-19,SMS,LOAN_QUERY,ESCALATED
I0003053,C000105,2025-05-02,EMAIL,COLLECTION,RESOLVED
I0003054,C000703,2026-07-15,APP,GENERAL_QUERY,ESCALATED
I0003055,C000996,2026-02-05,CALL,COLLECTION,RESOLVED
I0003056,C000819,2026-09-01,APP,PAYMENT_REMINDER,ESCALATED
I0003057,C000956,2025-04-17,APP,PAYMENT_REMINDER,PENDING
I0003058,C000651,2024-12-11,SMS,COMPLAINT,PENDING
I0003059,C000175,2026-06-29,EMAIL,GENERAL_QUERY,PENDING
I0003060,C000018,2025-03-07,EMAIL,GENERAL_QUERY,RESOLVED
I0003061,C000860,2024-09-19,CALL,COMPLAINT,RESOLVED
I0003062,C000373,2026-06-13,CALL,LOAN_QUERY,ESCALATED
I0003063,C000221,2025-07-06,EMAIL,LOAN_QUERY,PENDING
I0003064,C000909,2025-10-16,EMAIL,COLLECTION,PENDING
I0003065,C000124,2026-02-01,SMS,PAYMENT_REMINDER,RESOLVED
I0003066,C000070,2025-08-08,BRANCH,COLLECTION,RESOLVED
I0003067,C000574,2026-07-16,BRANCH,GENERAL_QUERY,ESCALATED
I0003068,C000259,2025-02-02,CALL,LOAN_QUERY,ESCALATED
I0003069,C000719,2025-04-06,APP,LOAN_QUERY,ESCALATED
I0003070,C000820,2024-10-17,CALL,LOAN_QUERY,ESCALATED
I0003071,C000641,2026-05-20,BRANCH,COMPLAINT,ESCALATED
I0003072,C000469,2026-03-14,CALL,LOAN_QUERY,PENDING
I0003073,C000802,2025-10-18,SMS,GENERAL_QUERY,RESOLVED
I0003074,C000884,2025-08-27,BRANCH,COLLECTION,ESCALATED
I0003075,C000733,2026-05-13,APP,GENERAL_QUERY,RESOLVED
I0003076,C000469,2026-06-05,APP,LOAN_QUERY,RESOLVED
I0003077,C000439,2024-12-04,APP,PAYMENT_REMINDER,RESOLVED
I0003078,C000933,2026-07-29,CALL,PAYMENT_REMINDER,ESCALATED
I0003079,C000177,2024-09-19,SMS,COMPLAINT,PENDING
I0003080,C000337,2024-09-18,CALL,COMPLAINT,PENDING
I0003081,C000515,2026-01-24,SMS,COMPLAINT,ESCALATED
I0003082,C000969,2026-06-09,BRANCH,PAYMENT_REMINDER,RESOLVED
I0003083,C000433,2025-08-01,APP,PAYMENT_REMINDER,ESCALATED
I0003084,C000994,2025-07-30,BRANCH,PAYMENT_REMINDER,PENDING
I0003085,C000390,2025-11-10,SMS,GENERAL_QUERY,PENDING
I0003086,C000174,2025-12-25,APP,PAYMENT_REMINDER,PENDING
I0003087,C000721,2024-10-31,APP,LOAN_QUERY,RESOLVED
I0003088,C000484,2026-02-20,EMAIL,COLLECTION,PENDING
I0003089,C000091,2025-04-15,EMAIL,LOAN_QUERY,PENDING
I0003090,C000386,2026-06-02,EMAIL,GENERAL_QUERY,RESOLVED
I0003091,C000261,2026-04-29,EMAIL,PAYMENT_REMINDER,ESCALATED
I0003092,C000685,2024-12-02,SMS,GENERAL_QUERY,PENDING
I0003093,C000380,2025-09-28,EMAIL,PAYMENT_REMINDER,ESCALATED
I0003094,C000285,2024-12-30,BRANCH,LOAN_QUERY,PENDING
I0003095,C000478,2025-11-06,BRANCH,COLLECTION,RESOLVED
I0003096,C000570,2025-01-03,CALL,COLLECTION,ESCALATED
I0003097,C000437,2024-09-21,SMS,COLLECTION,PENDING
I0003098,C000612,2025-09-17,EMAIL,PAYMENT_REMINDER,ESCALATED
I0003099,C000780,2025-07-29,BRANCH,LOAN_QUERY,PENDING
I0003100,C000202,2025-01-24,EMAIL,COLLECTION,PENDING
I0003101,C000787,2025-02-12,BRANCH,LOAN_QUERY,ESCALATED
I0003102,C000719,2025-10-10,SMS,COLLECTION,PENDING
I0003103,C000190,2026-03-29,SMS,LOAN_QUERY,RESOLVED
I0003104,C000442,2024-12-11,SMS,LOAN_QUERY,ESCALATED
I0003105,C000472,2024-12-19,SMS,COLLECTION,RESOLVED
I0003106,C000851,2025-06-15,APP,LOAN_QUERY,PENDING
I0003107,C000805,2026-07-23,EMAIL,GENERAL_QUERY,ESCALATED
I0003108,C000786,2026-05-24,EMAIL,GENERAL_QUERY,RESOLVED
I0003109,C000686,2026-02-10,SMS,COMPLAINT,PENDING
I0003110,C000825,2025-01-19,APP,LOAN_QUERY,RESOLVED
I0003111,C000553,2025-01-02,SMS,PAYMENT_REMINDER,RESOLVED
I0003112,C000794,2025-03-13,SMS,COMPLAINT,PENDING
I0003113,C000076,2025-01-04,APP,COLLECTION,PENDING
I0003114,C000705,2025-11-18,CALL,PAYMENT_REMINDER,ESCALATED
I0003115,C000497,2025-01-09,EMAIL,GENERAL_QUERY,PENDING
I0003116,C000854,2025-02-03,EMAIL,COLLECTION,PENDING
I0003117,C000605,2025-01-29,BRANCH,COMPLAINT,ESCALATED
I0003118,C000610,2025-11-21,BRANCH,GENERAL_QUERY,ESCALATED
I0003119,C000228,2025-01-14,APP,PAYMENT_REMINDER,PENDING
I0003120,C000746,2025-04-24,EMAIL,COMPLAINT,PENDING
I0003121,C000981,2024-09-26,BRANCH,PAYMENT_REMINDER,RESOLVED
I0003122,C000609,2025-11-06,BRANCH,PAYMENT_REMINDER,PENDING
I0003123,C000716,2025-04-19,APP,PAYMENT_REMINDER,PENDING
I0003124,C000898,2025-09-16,SMS,COMPLAINT,RESOLVED
I0003125,C000840,2025-05-27,EMAIL,GENERAL_QUERY,PENDING
I0003126,C000265,2026-07-20,BRANCH,LOAN_QUERY,RESOLVED
I0003127,C000009,2025-01-14,EMAIL,PAYMENT_REMINDER,PENDING
I0003128,C000049,2025-10-29,BRANCH,COMPLAINT,RESOLVED
I0003129,C000079,2025-02-12,CALL,LOAN_QUERY,RESOLVED
I0003130,C000122,2025-06-21,BRANCH,GENERAL_QUERY,PENDING
I0003131,C000539,2025-12-30,BRANCH,COLLECTION,PENDING
I0003132,C000046,2025-12-19,BRANCH,GENERAL_QUERY,PENDING
I0003133,C000715,2025-12-22,APP,PAYMENT_REMINDER,ESCALATED
I0003134,C000029,2025-05-04,EMAIL,COMPLAINT,RESOLVED
I0003135,C000762,2024-10-10,SMS,COMPLAINT,PENDING
I0003136,C000838,2024-09-17,BRANCH,GENERAL_QUERY,ESCALATED
I0003137,C000364,2025-04-15,EMAIL,LOAN_QUERY,PENDING
I0003138,C000248,2024-11-26,APP,GENERAL_QUERY,PENDING
I0003139,C000423,2024-10-16,EMAIL,GENERAL_QUERY,ESCALATED
I0003140,C000231,2026-04-03,BRANCH,PAYMENT_REMINDER,RESOLVED
I0003141,C000234,2026-04-22,CALL,COMPLAINT,PENDING
I0003142,C000832,2025-11-20,APP,GENERAL_QUERY,PENDING
I0003143,C000734,2025-04-12,BRANCH,GENERAL_QUERY,ESCALATED
I0003144,C000357,2025-09-02,SMS,PAYMENT_REMINDER,PENDING
I0003145,C000232,2025-12-30,APP,COMPLAINT,RESOLVED
I0003146,C000747,2026-06-01,BRANCH,COLLECTION,RESOLVED
I0003147,C000405,2024-12-14,SMS,PAYMENT_REMINDER,ESCALATED
I0003148,C000150,2025-03-12,APP,PAYMENT_REMINDER,RESOLVED
I0003149,C000780,2025-07-02,SMS,COMPLAINT,PENDING
I0003150,C000929,2026-08-08,SMS,LOAN_QUERY,ESCALATED
I0003151,C000620,2026-05-16,EMAIL,GENERAL_QUERY,ESCALATED
I0003152,C000364,2024-12-04,APP,PAYMENT_REMINDER,ESCALATED
I0003153,C000254,2026-03-17,EMAIL,GENERAL_QUERY,RESOLVED
I0003154,C000619,2024-12-14,SMS,COLLECTION,RESOLVED
I0003155,C000218,2026-09-13,SMS,GENERAL_QUERY,PENDING
I0003156,C000769,2025-03-26,BRANCH,COLLECTION,RESOLVED
I0003157,C000745,2025-06-12,EMAIL,COLLECTION,RESOLVED
I0003158,C000292,2026-02-16,APP,COMPLAINT,ESCALATED
I0003159,C000061,2024-10-09,CALL,LOAN_QUERY,ESCALATED
I0003160,C000085,2026-06-19,BRANCH,COLLECTION,PENDING
I0003161,C000975,2026-07-10,EMAIL,GENERAL_QUERY,RESOLVED
I0003162,C000253,2026-05-10,CALL,COMPLAINT,RESOLVED
I0003163,C000735,2025-05-18,EMAIL,COMPLAINT,ESCALATED
I0003164,C000217,2025-02-13,CALL,LOAN_QUERY,ESCALATED
I0003165,C000999,2025-05-21,APP,GENERAL_QUERY,ESCALATED
I0003166,C000489,2026-05-14,SMS,PAYMENT_REMINDER,PENDING
I0003167,C000544,2025-08-26,CALL,LOAN_QUERY,RESOLVED
I0003168,C000292,2026-09-06,CALL,PAYMENT_REMINDER,ESCALATED
I0003169,C000694,2025-01-07,CALL,GENERAL_QUERY,PENDING
I0003170,C000949,2025-01-21,BRANCH,LOAN_QUERY,PENDING
I0003171,C000211,2026-05-04,APP,COMPLAINT,RESOLVED
I0003172,C000895,2026-01-28,EMAIL,GENERAL_QUERY,ESCALATED
I0003173,C000196,2025-11-02,SMS,GENERAL_QUERY,PENDING
I0003174,C000564,2025-12-19,CALL,PAYMENT_REMINDER,PENDING
I0003175,C000547,2024-12-26,SMS,COLLECTION,ESCALATED
I0003176,C000468,2026-09-03,SMS,COLLECTION,ESCALATED
I0003177,C000560,2026-06-19,BRANCH,LOAN_QUERY,ESCALATED
I0003178,C000227,2024-09-21,SMS,PAYMENT_REMINDER,RESOLVED
I0003179,C000735,2026-05-23,APP,PAYMENT_REMINDER,RESOLVED
I0003180,C000487,2026-09-07,CALL,COMPLAINT,RESOLVED
I0003181,C000940,2025-08-21,CALL,LOAN_QUERY,PENDING
I0003182,C000303,2025-04-28,CALL,GENERAL_QUERY,PENDING
I0003183,C000205,2024-12-16,BRANCH,GENERAL_QUERY,ESCALATED
I0003184,C000730,2026-01-25,BRANCH,PAYMENT_REMINDER,ESCALATED
I0003185,C000527,2026-03-13,APP,GENERAL_QUERY,PENDING
I0003186,C000066,2026-09-13,SMS,COMPLAINT,RESOLVED
I0003187,C000966,2026-02-14,EMAIL,COLLECTION,RESOLVED
I0003188,C000269,2025-06-22,BRANCH,LOAN_QUERY,RESOLVED
I0003189,C000909,2025-10-01,CALL,PAYMENT_REMINDER,PENDING
I0003190,C000367,2025-11-22,SMS,GENERAL_QUERY,PENDING
I0003191,C000684,2024-10-17,CALL,LOAN_QUERY,RESOLVED
I0003192,C000600,2025-12-25,CALL,GENERAL_QUERY,PENDING
I0003193,C000961,2026-04-28,BRANCH,LOAN_QUERY,ESCALATED
I0003194,C000689,2025-09-11,SMS,LOAN_QUERY,RESOLVED
I0003195,C000118,2025-10-28,APP,GENERAL_QUERY,PENDING
I0003196,C000661,2025-03-21,CALL,COMPLAINT,PENDING
I0003197,C000706,2024-10-08,CALL,LOAN_QUERY,PENDING
I0003198,C000665,2024-12-24,SMS,GENERAL_QUERY,ESCALATED
I0003199,C000776,2026-09-05,APP,COLLECTION,RESOLVED
I0003200,C000501,2025-11-09,EMAIL,GENERAL_QUERY,RESOLVED
I0003201,C000031,2024-09-29,CALL,COLLECTION,ESCALATED
I0003202,C000269,2026-07-09,EMAIL,COMPLAINT,RESOLVED
I0003203,C000287,2024-11-11,SMS,PAYMENT_REMINDER,RESOLVED
I0003204,C000905,2024-10-04,CALL,COLLECTION,ESCALATED
I0003205,C000779,2026-08-12,BRANCH,COMPLAINT,PENDING
I0003206,C000048,2025-05-07,SMS,GENERAL_QUERY,PENDING
I0003207,C000996,2024-12-04,CALL,PAYMENT_REMINDER,PENDING
I0003208,C000676,2026-01-12,BRANCH,COMPLAINT,ESCALATED
I0003209,C000096,2025-04-27,APP,GENERAL_QUERY,RESOLVED
I0003210,C000873,2026-08-23,CALL,LOAN_QUERY,ESCALATED
I0003211,C000621,2026-07-21,APP,PAYMENT_REMINDER,ESCALATED
I0003212,C000875,2026-03-23,BRANCH,PAYMENT_REMINDER,RESOLVED
I0003213,C000059,2025-05-29,SMS,PAYMENT_REMINDER,RESOLVED
I0003214,C000579,2025-03-23,BRANCH,LOAN_QUERY,ESCALATED
I0003215,C000941,2025-05-08,BRANCH,PAYMENT_REMINDER,RESOLVED
I0003216,C000054,2024-11-14,CALL,PAYMENT_REMINDER,ESCALATED
I0003217,C000951,2026-01-05,EMAIL,PAYMENT_REMINDER,RESOLVED
I0003218,C000807,2025-06-01,SMS,LOAN_QUERY,PENDING
I0003219,C000715,2026-07-24,EMAIL,GENERAL_QUERY,ESCALATED
I0003220,C000587,2026-04-28,CALL,PAYMENT_REMINDER,ESCALATED
I0003221,C000421,2024-12-23,SMS,GENERAL_QUERY,RESOLVED
I0003222,C000372,2026-05-20,APP,COLLECTION,PENDING
I0003223,C000442,2026-04-30,EMAIL,COLLECTION,ESCALATED
I0003224,C000938,2025-10-17,SMS,PAYMENT_REMINDER,ESCALATED
I0003225,C000904,2026-04-30,BRANCH,LOAN_QUERY,ESCALATED
I0003226,C000401,2026-08-21,SMS,PAYMENT_REMINDER,ESCALATED
I0003227,C000360,2024-11-29,SMS,COMPLAINT,PENDING
I0003228,C000589,2026-09-08,SMS,GENERAL_QUERY,ESCALATED
I0003229,C000854,2026-02-07,CALL,COMPLAINT,PENDING
I0003230,C000881,2025-04-07,APP,LOAN_QUERY,RESOLVED
I0003231,C000972,2025-04-27,EMAIL,PAYMENT_REMINDER,ESCALATED
I0003232,C000797,2025-09-15,EMAIL,COLLECTION,PENDING
I0003233,C000806,2025-11-21,BRANCH,GENERAL_QUERY,ESCALATED
I0003234,C000628,2025-07-31,APP,COMPLAINT,RESOLVED
I0003235,C000240,2026-05-30,APP,COLLECTION,RESOLVED
I0003236,C000812,2025-09-03,EMAIL,COMPLAINT,PENDING
I0003237,C000825,2025-04-27,EMAIL,COMPLAINT,RESOLVED
I0003238,C000510,2026-04-08,APP,COMPLAINT,RESOLVED
I0003239,C000151,2026-08-03,BRANCH,COLLECTION,PENDING
I0003240,C000156,2026-01-17,EMAIL,PAYMENT_REMINDER,ESCALATED
I0003241,C000829,2024-12-25,APP,LOAN_QUERY,PENDING
I0003242,C000746,2025-11-17,APP,GENERAL_QUERY,ESCALATED
I0003243,C000093,2024-10-14,APP,COMPLAINT,PENDING
I0003244,C000268,2025-01-30,APP,GENERAL_QUERY,ESCALATED
I0003245,C000747,2024-11-21,APP,GENERAL_QUERY,ESCALATED
I0003246,C000566,2026-01-27,BRANCH,LOAN_QUERY,PENDING
I0003247,C000779,2025-10-17,APP,COLLECTION,PENDING
I0003248,C000850,2026-02-21,BRANCH,COLLECTION,ESCALATED
I0003249,C000743,2025-11-21,CALL,COLLECTION,PENDING
I0003250,C000806,2026-09-05,APP,GENERAL_QUERY,PENDING
I0003251,C000842,2026-01-02,SMS,LOAN_QUERY,RESOLVED
I0003252,C000461,2025-03-08,BRANCH,LOAN_QUERY,ESCALATED
I0003253,C000238,2024-10-03,SMS,COLLECTION,PENDING
I0003254,C000443,2025-07-12,APP,GENERAL_QUERY,ESCALATED
I0003255,C000749,2025-03-07,SMS,COLLECTION,RESOLVED
I0003256,C000778,2026-04-26,CALL,PAYMENT_REMINDER,PENDING
I0003257,C000278,2025-06-10,CALL,PAYMENT_REMINDER,ESCALATED
I0003258,C000358,2025-10-07,SMS,LOAN_QUERY,ESCALATED
I0003259,C000377,2026-08-25,BRANCH,COMPLAINT,RESOLVED
I0003260,C000810,2025-11-24,CALL,LOAN_QUERY,RESOLVED
I0003261,C000605,2026-01-28,CALL,COMPLAINT,ESCALATED
I0003262,C000872,2026-03-21,EMAIL,COMPLAINT,ESCALATED
I0003263,C000573,2024-10-05,SMS,GENERAL_QUERY,ESCALATED
I0003264,C000822,2026-02-21,APP,PAYMENT_REMINDER,ESCALATED
I0003265,C000280,2025-03-11,APP,LOAN_QUERY,PENDING
I0003266,C000080,2025-09-11,EMAIL,GENERAL_QUERY,RESOLVED
I0003267,C000502,2025-11-23,BRANCH,LOAN_QUERY,ESCALATED
I0003268,C000875,2025-12-14,APP,LOAN_QUERY,PENDING
I0003269,C000278,2026-05-09,BRANCH,PAYMENT_REMINDER,PENDING
I0003270,C000536,2024-12-14,BRANCH,PAYMENT_REMINDER,PENDING
I0003271,C000773,2026-02-16,EMAIL,COMPLAINT,RESOLVED
I0003272,C000303,2025-01-07,APP,PAYMENT_REMINDER,ESCALATED
I0003273,C000050,2024-11-30,BRANCH,COLLECTION,RESOLVED
I0003274,C000934,2025-03-07,BRANCH,PAYMENT_REMINDER,RESOLVED
I0003275,C000303,2026-06-17,APP,COLLECTION,ESCALATED
I0003276,C000702,2026-02-11,CALL,COLLECTION,PENDING
I0003277,C000900,2026-01-11,BRANCH,PAYMENT_REMINDER,PENDING
I0003278,C000520,2026-04-02,APP,COLLECTION,RESOLVED
I0003279,C000392,2026-08-19,EMAIL,LOAN_QUERY,RESOLVED
I0003280,C000842,2026-03-28,EMAIL,GENERAL_QUERY,PENDING
I0003281,C000734,2025-08-27,EMAIL,GENERAL_QUERY,ESCALATED
I0003282,C000024,2025-03-29,SMS,COMPLAINT,ESCALATED
I0003283,C000292,2026-09-09,CALL,PAYMENT_REMINDER,ESCALATED
I0003284,C000634,2026-08-29,BRANCH,LOAN_QUERY,RESOLVED
I0003285,C000997,2026-08-19,CALL,PAYMENT_REMINDER,RESOLVED
I0003286,C000057,2025-03-21,CALL,LOAN_QUERY,PENDING
I0003287,C000633,2026-06-16,EMAIL,LOAN_QUERY,RESOLVED
I0003288,C000134,2026-03-29,BRANCH,LOAN_QUERY,RESOLVED
I0003289,C000202,2025-07-25,BRANCH,COMPLAINT,ESCALATED
I0003290,C000105,2025-12-23,CALL,COLLECTION,ESCALATED
I0003291,C000691,2025-12-07,EMAIL,COLLECTION,ESCALATED
I0003292,C000090,2024-09-26,EMAIL,GENERAL_QUERY,RESOLVED
I0003293,C000947,2025-05-21,EMAIL,COMPLAINT,RESOLVED
I0003294,C000223,2026-06-10,APP,COMPLAINT,ESCALATED
I0003295,C000348,2025-05-31,BRANCH,LOAN_QUERY,PENDING
I0003296,C000880,2025-11-19,SMS,GENERAL_QUERY,ESCALATED
I0003297,C000765,2025-05-25,EMAIL,LOAN_QUERY,RESOLVED
I0003298,C000954,2025-06-10,BRANCH,GENERAL_QUERY,RESOLVED
I0003299,C000813,2026-08-27,SMS,LOAN_QUERY,ESCALATED
I0003300,C000682,2025-10-03,APP,GENERAL_QUERY,PENDING
I0003301,C000708,2026-05-18,EMAIL,COLLECTION,RESOLVED
I0003302,C000334,2025-07-02,BRANCH,COMPLAINT,RESOLVED
I0003303,C000576,2025-12-20,BRANCH,GENERAL_QUERY,RESOLVED
I0003304,C000522,2025-12-04,EMAIL,COLLECTION,ESCALATED
I0003305,C000494,2025-05-11,APP,PAYMENT_REMINDER,RESOLVED
I0003306,C000167,2026-03-12,EMAIL,COLLECTION,RESOLVED
I0003307,C000565,2026-05-05,CALL,LOAN_QUERY,RESOLVED
I0003308,C000166,2024-10-02,BRANCH,PAYMENT_REMINDER,ESCALATED
I0003309,C000312,2025-11-13,BRANCH,PAYMENT_REMINDER,ESCALATED
I0003310,C000855,2026-04-28,EMAIL,PAYMENT_REMINDER,PENDING
I0003311,C000150,2025-04-20,CALL,GENERAL_QUERY,ESCALATED
I0003312,C000587,2025-02-07,EMAIL,LOAN_QUERY,PENDING
I0003313,C000308,2025-12-07,CALL,LOAN_QUERY,RESOLVED
I0003314,C000769,2026-08-12,APP,LOAN_QUERY,RESOLVED
I0003315,C000587,2026-04-11,APP,PAYMENT_REMINDER,ESCALATED
I0003316,C000679,2024-09-16,APP,COMPLAINT,PENDING
I0003317,C000917,2026-06-25,SMS,COLLECTION,PENDING
I0003318,C000744,2025-08-07,SMS,PAYMENT_REMINDER,ESCALATED
I0003319,C000232,2025-12-28,SMS,LOAN_QUERY,RESOLVED
I0003320,C000423,2025-08-15,APP,COMPLAINT,ESCALATED
I0003321,C000092,2025-11-29,APP,GENERAL_QUERY,RESOLVED
I0003322,C000855,2026-01-24,SMS,PAYMENT_REMINDER,PENDING
I0003323,C000928,2024-10-23,BRANCH,PAYMENT_REMINDER,RESOLVED
I0003324,C000938,2026-03-05,EMAIL,LOAN_QUERY,ESCALATED
I0003325,C000811,2025-05-05,EMAIL,GENERAL_QUERY,ESCALATED
I0003326,C000964,2025-06-22,CALL,COLLECTION,RESOLVED
I0003327,C000690,2026-08-11,EMAIL,PAYMENT_REMINDER,RESOLVED
I0003328,C000151,2025-01-13,SMS,GENERAL_QUERY,PENDING
I0003329,C000195,2025-10-24,SMS,LOAN_QUERY,ESCALATED
I0003330,C000564,2026-01-01,CALL,PAYMENT_REMINDER,PENDING
I0003331,C000525,2026-05-31,EMAIL,LOAN_QUERY,ESCALATED
I0003332,C000848,2025-11-11,SMS,COLLECTION,RESOLVED
I0003333,C000941,2025-08-15,EMAIL,LOAN_QUERY,ESCALATED
I0003334,C000961,2024-09-27,BRANCH,COMPLAINT,RESOLVED
I0003335,C000641,2025-07-06,APP,PAYMENT_REMINDER,RESOLVED
I0003336,C000999,2024-11-06,EMAIL,COLLECTION,RESOLVED
I0003337,C000534,2026-04-04,APP,COMPLAINT,ESCALATED
I0003338,C000882,2024-10-23,APP,COLLECTION,RESOLVED
I0003339,C000096,2025-07-14,BRANCH,COMPLAINT,PENDING
I0003340,C000912,2025-05-31,APP,PAYMENT_REMINDER,RESOLVED
I0003341,C000348,2025-08-08,CALL,PAYMENT_REMINDER,PENDING
I0003342,C000446,2025-09-08,BRANCH,COLLECTION,ESCALATED
I0003343,C000402,2025-03-21,CALL,LOAN_QUERY,PENDING
I0003344,C000248,2025-03-16,BRANCH,COLLECTION,ESCALATED
I0003345,C000626,2025-09-02,CALL,GENERAL_QUERY,ESCALATED
I0003346,C000926,2026-04-26,CALL,GENERAL_QUERY,PENDING
I0003347,C000114,2025-04-16,BRANCH,PAYMENT_REMINDER,RESOLVED
I0003348,C000664,2025-07-01,CALL,GENERAL_QUERY,PENDING
I0003349,C000039,2025-08-26,BRANCH,LOAN_QUERY,PENDING
I0003350,C000493,2026-08-11,BRANCH,LOAN_QUERY,RESOLVED
I0003351,C000117,2024-10-19,SMS,PAYMENT_REMINDER,PENDING
I0003352,C000718,2024-11-19,APP,COLLECTION,ESCALATED
I0003353,C000873,2025-07-22,BRANCH,GENERAL_QUERY,RESOLVED
I0003354,C000970,2025-05-21,BRANCH,COMPLAINT,ESCALATED
I0003355,C000735,2025-01-05,EMAIL,COLLECTION,PENDING
I0003356,C000720,2025-08-26,BRANCH,COLLECTION,ESCALATED
I0003357,C000813,2025-08-03,BRANCH,PAYMENT_REMINDER,PENDING
I0003358,C000699,2024-11-27,EMAIL,COMPLAINT,ESCALATED
I0003359,C000024,2026-09-05,EMAIL,PAYMENT_REMINDER,ESCALATED
I0003360,C000888,2025-03-07,CALL,COLLECTION,ESCALATED
I0003361,C000719,2025-08-06,EMAIL,PAYMENT_REMINDER,PENDING
I0003362,C000230,2026-02-13,APP,COLLECTION,RESOLVED
I0003363,C000568,2025-11-25,EMAIL,GENERAL_QUERY,ESCALATED
I0003364,C000796,2024-11-08,APP,COMPLAINT,RESOLVED
I0003365,C000153,2025-05-06,SMS,LOAN_QUERY,ESCALATED
I0003366,C000746,2025-12-16,CALL,COMPLAINT,PENDING
I0003367,C000622,2026-08-15,BRANCH,COLLECTION,RESOLVED
I0003368,C000937,2025-11-18,BRANCH,LOAN_QUERY,PENDING
I0003369,C000027,2024-10-31,EMAIL,GENERAL_QUERY,PENDING
I0003370,C000480,2025-01-02,SMS,GENERAL_QUERY,PENDING
I0003371,C000018,2025-06-20,EMAIL,COLLECTION,ESCALATED
I0003372,C000431,2025-03-05,APP,PAYMENT_REMINDER,PENDING
I0003373,C000140,2026-01-22,EMAIL,PAYMENT_REMINDER,RESOLVED
I0003374,C000833,2024-10-01,BRANCH,PAYMENT_REMINDER,RESOLVED
I0003375,C000059,2025-10-18,CALL,COMPLAINT,ESCALATED
I0003376,C000605,2025-04-21,BRANCH,PAYMENT_REMINDER,ESCALATED
I0003377,C000710,2025-02-14,SMS,PAYMENT_REMINDER,RESOLVED
I0003378,C000859,2025-09-22,CALL,PAYMENT_REMINDER,ESCALATED
I0003379,C000346,2026-03-31,APP,COMPLAINT,RESOLVED
I0003380,C000713,2025-07-22,CALL,COLLECTION,ESCALATED
I0003381,C000888,2026-01-07,BRANCH,LOAN_QUERY,PENDING
I0003382,C000536,2026-01-05,SMS,GENERAL_QUERY,RESOLVED
I0003383,C000802,2025-01-18,BRANCH,PAYMENT_REMINDER,PENDING
I0003384,C000986,2026-01-26,BRANCH,COMPLAINT,RESOLVED
I0003385,C000040,2026-01-05,CALL,COMPLAINT,ESCALATED
I0003386,C000921,2026-07-07,EMAIL,COMPLAINT,PENDING
I0003387,C000262,2025-07-21,CALL,COMPLAINT,PENDING
I0003388,C000788,2025-05-03,EMAIL,LOAN_QUERY,ESCALATED
I0003389,C000912,2025-04-13,BRANCH,COMPLAINT,RESOLVED
I0003390,C000474,2025-05-08,SMS,GENERAL_QUERY,PENDING
I0003391,C000419,2025-09-08,EMAIL,COMPLAINT,ESCALATED
I0003392,C000504,2026-05-10,APP,PAYMENT_REMINDER,ESCALATED
I0003393,C000743,2026-06-28,APP,COMPLAINT,ESCALATED
I0003394,C000981,2025-10-08,BRANCH,COMPLAINT,PENDING
I0003395,C000924,2026-07-15,SMS,PAYMENT_REMINDER,ESCALATED
I0003396,C000594,2026-08-23,APP,COMPLAINT,PENDING
I0003397,C000663,2025-02-03,SMS,GENERAL_QUERY,RESOLVED
I0003398,C000414,2025-05-24,CALL,GENERAL_QUERY,RESOLVED
I0003399,C000589,2026-06-01,EMAIL,LOAN_QUERY,ESCALATED
I0003400,C000494,2026-07-28,APP,COLLECTION,ESCALATED
I0003401,C000338,2026-06-08,APP,COMPLAINT,ESCALATED
I0003402,C000876,2024-09-23,APP,COLLECTION,PENDING
I0003403,C000109,2025-11-02,APP,COLLECTION,PENDING
I0003404,C000371,2025-04-23,CALL,GENERAL_QUERY,RESOLVED
I0003405,C000301,2026-02-22,BRANCH,LOAN_QUERY,ESCALATED
I0003406,C000883,2025-02-06,SMS,LOAN_QUERY,ESCALATED
I0003407,C000105,2025-03-21,APP,LOAN_QUERY,ESCALATED
I0003408,C000840,2026-04-16,CALL,COLLECTION,RESOLVED
I0003409,C000795,2025-01-03,EMAIL,PAYMENT_REMINDER,PENDING
I0003410,C000047,2026-08-16,EMAIL,PAYMENT_REMINDER,ESCALATED
I0003411,C000513,2025-03-29,EMAIL,COMPLAINT,RESOLVED
I0003412,C000311,2025-01-29,CALL,PAYMENT_REMINDER,ESCALATED
I0003413,C000128,2025-02-28,EMAIL,COLLECTION,ESCALATED
I0003414,C000622,2025-05-08,APP,COLLECTION,RESOLVED
I0003415,C000611,2025-10-18,SMS,LOAN_QUERY,ESCALATED
I0003416,C000438,2024-09-19,BRANCH,COLLECTION,ESCALATED
I0003417,C000757,2026-05-04,APP,PAYMENT_REMINDER,ESCALATED
I0003418,C000122,2024-10-10,BRANCH,COLLECTION,RESOLVED
I0003419,C000090,2025-04-16,SMS,LOAN_QUERY,PENDING
I0003420,C000363,2024-11-17,BRANCH,GENERAL_QUERY,ESCALATED
I0003421,C000379,2025-09-03,CALL,COLLECTION,ESCALATED
I0003422,C000217,2026-03-21,BRANCH,COLLECTION,ESCALATED
I0003423,C000959,2024-12-22,SMS,PAYMENT_REMINDER,PENDING
I0003424,C000624,2025-05-13,CALL,GENERAL_QUERY,RESOLVED
I0003425,C000045,2024-12-10,EMAIL,PAYMENT_REMINDER,ESCALATED
I0003426,C000274,2026-03-29,EMAIL,PAYMENT_REMINDER,PENDING
I0003427,C000164,2025-05-31,APP,COLLECTION,ESCALATED
I0003428,C000755,2025-06-08,APP,COLLECTION,ESCALATED
I0003429,C000577,2025-03-26,CALL,GENERAL_QUERY,ESCALATED
I0003430,C000679,2026-07-26,EMAIL,GENERAL_QUERY,PENDING
I0003431,C000863,2025-07-22,BRANCH,COLLECTION,ESCALATED
I0003432,C000116,2025-12-26,BRANCH,COMPLAINT,RESOLVED
I0003433,C000357,2024-12-08,EMAIL,LOAN_QUERY,RESOLVED
I0003434,C000797,2025-05-28,APP,COMPLAINT,PENDING
I0003435,C000790,2025-11-05,SMS,GENERAL_QUERY,RESOLVED
I0003436,C000166,2025-06-05,CALL,GENERAL_QUERY,ESCALATED
I0003437,C000060,2025-05-18,SMS,COMPLAINT,ESCALATED
I0003438,C000948,2025-09-07,SMS,GENERAL_QUERY,RESOLVED
I0003439,C000625,2025-04-22,CALL,GENERAL_QUERY,RESOLVED
I0003440,C000200,2026-07-04,SMS,COLLECTION,PENDING
I0003441,C000907,2025-12-14,SMS,PAYMENT_REMINDER,PENDING
I0003442,C000038,2026-09-06,EMAIL,GENERAL_QUERY,RESOLVED
I0003443,C000786,2024-10-08,SMS,COMPLAINT,RESOLVED
I0003444,C000491,2025-07-11,APP,LOAN_QUERY,RESOLVED
I0003445,C000898,2025-01-29,EMAIL,LOAN_QUERY,RESOLVED
I0003446,C000014,2026-06-25,APP,PAYMENT_REMINDER,ESCALATED
I0003447,C000703,2025-10-08,BRANCH,GENERAL_QUERY,RESOLVED
I0003448,C000912,2025-11-27,SMS,COLLECTION,RESOLVED
I0003449,C000183,2026-06-06,SMS,GENERAL_QUERY,RESOLVED
I0003450,C000940,2025-07-07,CALL,PAYMENT_REMINDER,PENDING
I0003451,C000145,2024-09-27,EMAIL,GENERAL_QUERY,RESOLVED
I0003452,C000681,2025-01-19,BRANCH,GENERAL_QUERY,ESCALATED
I0003453,C000861,2025-04-19,SMS,PAYMENT_REMINDER,PENDING
I0003454,C000731,2025-01-21,SMS,PAYMENT_REMINDER,ESCALATED
I0003455,C000171,2025-06-29,BRANCH,COMPLAINT,RESOLVED
I0003456,C000843,2025-09-02,CALL,COMPLAINT,ESCALATED
I0003457,C000879,2024-11-02,SMS,COMPLAINT,PENDING
I0003458,C000497,2025-03-20,CALL,LOAN_QUERY,ESCALATED
I0003459,C000790,2026-05-01,EMAIL,GENERAL_QUERY,RESOLVED
I0003460,C000313,2025-02-28,APP,COMPLAINT,RESOLVED
I0003461,C000953,2025-03-07,APP,COLLECTION,ESCALATED
I0003462,C000780,2026-02-08,CALL,PAYMENT_REMINDER,PENDING
I0003463,C000438,2025-01-06,BRANCH,COMPLAINT,ESCALATED
I0003464,C000741,2026-01-11,BRANCH,LOAN_QUERY,ESCALATED
I0003465,C000622,2026-05-26,SMS,COLLECTION,ESCALATED
I0003466,C000519,2025-06-05,EMAIL,LOAN_QUERY,PENDING
I0003467,C000008,2026-02-22,APP,COMPLAINT,PENDING
I0003468,C000174,2025-12-25,SMS,COLLECTION,PENDING
I0003469,C000426,2025-04-30,APP,PAYMENT_REMINDER,RESOLVED
I0003470,C000276,2025-06-21,EMAIL,GENERAL_QUERY,PENDING
I0003471,C000442,2025-02-03,APP,COLLECTION,RESOLVED
I0003472,C000487,2026-09-09,EMAIL,COMPLAINT,PENDING
I0003473,C000233,2025-03-07,APP,LOAN_QUERY,RESOLVED
I0003474,C000015,2026-07-06,APP,COLLECTION,RESOLVED
I0003475,C000464,2024-11-19,APP,GENERAL_QUERY,RESOLVED
I0003476,C000081,2025-05-24,BRANCH,COLLECTION,PENDING
I0003477,C000303,2026-01-26,BRANCH,GENERAL_QUERY,PENDING
I0003478,C000580,2025-11-07,BRANCH,COLLECTION,ESCALATED
I0003479,C000726,2026-09-01,EMAIL,COLLECTION,ESCALATED
I0003480,C000272,2026-06-07,EMAIL,COMPLAINT,ESCALATED
I0003481,C000940,2025-01-02,BRANCH,GENERAL_QUERY,ESCALATED
I0003482,C000669,2025-10-29,CALL,GENERAL_QUERY,RESOLVED
I0003483,C000492,2025-07-13,SMS,GENERAL_QUERY,ESCALATED
I0003484,C000279,2025-03-10,APP,GENERAL_QUERY,PENDING
I0003485,C000871,2024-10-21,CALL,LOAN_QUERY,RESOLVED
I0003486,C000513,2025-04-21,SMS,COMPLAINT,PENDING
I0003487,C000806,2024-10-01,EMAIL,GENERAL_QUERY,PENDING
I0003488,C000903,2026-08-25,BRANCH,LOAN_QUERY,RESOLVED
I0003489,C000783,2026-06-21,EMAIL,GENERAL_QUERY,RESOLVED
I0003490,C000342,2025-01-02,BRANCH,LOAN_QUERY,ESCALATED
I0003491,C000399,2025-12-29,SMS,COLLECTION,PENDING
I0003492,C000920,2025-08-19,SMS,GENERAL_QUERY,ESCALATED
I0003493,C000544,2025-07-17,EMAIL,GENERAL_QUERY,RESOLVED
I0003494,C000083,2025-02-05,SMS,COMPLAINT,PENDING
I0003495,C000863,2026-08-19,BRANCH,GENERAL_QUERY,ESCALATED
I0003496,C000984,2026-08-01,APP,COLLECTION,ESCALATED
I0003497,C000585,2026-03-06,BRANCH,COMPLAINT,RESOLVED
I0003498,C000431,2026-01-08,CALL,COLLECTION,PENDING
I0003499,C000848,2025-12-26,APP,COLLECTION,RESOLVED
I0003500,C000541,2024-11-25,EMAIL,LOAN_QUERY,PENDING
I0003501,C000173,2025-08-25,EMAIL,COLLECTION,ESCALATED
I0003502,C000204,2025-01-16,BRANCH,PAYMENT_REMINDER,RESOLVED
I0003503,C000417,2024-12-02,SMS,COMPLAINT,PENDING
I0003504,C000756,2025-09-28,CALL,COMPLAINT,ESCALATED
I0003505,C000561,2025-05-03,APP,COLLECTION,ESCALATED
I0003506,C000262,2025-01-15,BRANCH,GENERAL_QUERY,ESCALATED
I0003507,C000403,2025-12-26,CALL,COLLECTION,PENDING
I0003508,C000316,2025-01-01,SMS,COMPLAINT,ESCALATED
I0003509,C000209,2026-06-22,SMS,COLLECTION,PENDING
I0003510,C000297,2024-12-26,CALL,COMPLAINT,RESOLVED
I0003511,C000758,2024-10-06,APP,GENERAL_QUERY,PENDING
I0003512,C000543,2025-05-08,SMS,PAYMENT_REMINDER,ESCALATED
I0003513,C000902,2024-11-22,SMS,PAYMENT_REMINDER,RESOLVED
I0003514,C000164,2025-07-29,BRANCH,COMPLAINT,RESOLVED
I0003515,C000637,2025-09-11,SMS,LOAN_QUERY,PENDING
I0003516,C000859,2025-11-10,EMAIL,COLLECTION,RESOLVED
I0003517,C000024,2026-09-06,EMAIL,LOAN_QUERY,PENDING
I0003518,C000761,2026-05-06,BRANCH,COLLECTION,ESCALATED
I0003519,C000016,2025-01-31,BRANCH,LOAN_QUERY,ESCALATED
I0003520,C000903,2026-08-20,CALL,COMPLAINT,PENDING
I0003521,C000783,2024-12-17,EMAIL,PAYMENT_REMINDER,ESCALATED
I0003522,C000782,2025-06-21,BRANCH,COMPLAINT,PENDING
I0003523,C000984,2026-03-01,EMAIL,LOAN_QUERY,ESCALATED
I0003524,C000357,2025-03-21,BRANCH,PAYMENT_REMINDER,PENDING
I0003525,C000666,2025-12-18,APP,PAYMENT_REMINDER,PENDING
I0003526,C000527,2025-01-30,SMS,COLLECTION,ESCALATED
I0003527,C000181,2026-08-15,EMAIL,COLLECTION,PENDING
I0003528,C000301,2025-07-28,SMS,LOAN_QUERY,RESOLVED
I0003529,C000058,2025-07-10,BRANCH,COLLECTION,RESOLVED
I0003530,C000307,2025-12-29,APP,PAYMENT_REMINDER,PENDING
I0003531,C000926,2025-02-26,SMS,COMPLAINT,PENDING
I0003532,C000923,2025-09-19,CALL,PAYMENT_REMINDER,ESCALATED
I0003533,C000475,2026-07-14,BRANCH,COLLECTION,ESCALATED
I0003534,C000258,2026-06-25,BRANCH,LOAN_QUERY,ESCALATED
I0003535,C000774,2024-09-19,CALL,LOAN_QUERY,ESCALATED
I0003536,C000624,2025-07-20,BRANCH,LOAN_QUERY,RESOLVED
I0003537,C000623,2025-03-06,SMS,GENERAL_QUERY,ESCALATED
I0003538,C000254,2024-12-23,EMAIL,LOAN_QUERY,PENDING
I0003539,C000322,2026-06-14,SMS,PAYMENT_REMINDER,ESCALATED
I0003540,C000922,2025-06-18,BRANCH,GENERAL_QUERY,RESOLVED
I0003541,C000854,2026-04-22,APP,LOAN_QUERY,PENDING
I0003542,C000637,2024-10-11,CALL,LOAN_QUERY,ESCALATED
I0003543,C000035,2025-03-02,APP,COLLECTION,RESOLVED
I0003544,C000733,2024-12-19,BRANCH,LOAN_QUERY,RESOLVED
I0003545,C000988,2026-06-29,CALL,COLLECTION,PENDING
I0003546,C000166,2025-03-14,APP,GENERAL_QUERY,RESOLVED
I0003547,C000860,2025-12-15,SMS,COMPLAINT,RESOLVED
I0003548,C000031,2025-01-15,BRANCH,GENERAL_QUERY,ESCALATED
I0003549,C000207,2025-10-09,SMS,COLLECTION,ESCALATED
I0003550,C000794,2024-10-21,CALL,GENERAL_QUERY,ESCALATED
I0003551,C000320,2025-05-08,EMAIL,PAYMENT_REMINDER,PENDING
I0003552,C000597,2025-11-02,EMAIL,LOAN_QUERY,ESCALATED
I0003553,C000451,2026-05-15,CALL,LOAN_QUERY,PENDING
I0003554,C000359,2026-09-14,BRANCH,LOAN_QUERY,RESOLVED
I0003555,C000595,2026-06-15,BRANCH,GENERAL_QUERY,PENDING
I0003556,C000627,2025-06-21,EMAIL,GENERAL_QUERY,ESCALATED
I0003557,C000215,2024-09-21,APP,COMPLAINT,RESOLVED
I0003558,C000142,2025-02-06,BRANCH,COLLECTION,ESCALATED
I0003559,C000564,2025-01-11,APP,GENERAL_QUERY,RESOLVED
I0003560,C000770,2024-10-21,SMS,LOAN_QUERY,PENDING
I0003561,C000881,2025-08-06,SMS,COLLECTION,RESOLVED
I0003562,C000576,2024-11-28,SMS,PAYMENT_REMINDER,ESCALATED
I0003563,C000291,2026-02-19,BRANCH,COMPLAINT,RESOLVED
I0003564,C000739,2025-12-14,SMS,COLLECTION,RESOLVED
I0003565,C000923,2024-10-23,APP,COMPLAINT,RESOLVED
I0003566,C000616,2024-12-07,CALL,GENERAL_QUERY,PENDING
I0003567,C000976,2025-12-07,BRANCH,PAYMENT_REMINDER,PENDING
I0003568,C000095,2025-03-20,APP,COMPLAINT,ESCALATED
I0003569,C000799,2026-01-28,APP,GENERAL_QUERY,PENDING
I0003570,C000446,2025-03-24,EMAIL,COMPLAINT,RESOLVED
I0003571,C000975,2025-02-27,BRANCH,LOAN_QUERY,RESOLVED
I0003572,C000380,2025-07-03,APP,COMPLAINT,PENDING
I0003573,C000360,2026-01-09,BRANCH,COLLECTION,ESCALATED
I0003574,C000038,2025-03-10,APP,LOAN_QUERY,RESOLVED
I0003575,C000277,2025-10-01,EMAIL,COLLECTION,RESOLVED
I0003576,C000596,2025-12-29,BRANCH,PAYMENT_REMINDER,RESOLVED
I0003577,C000500,2025-09-29,APP,LOAN_QUERY,RESOLVED
I0003578,C000817,2024-11-20,APP,PAYMENT_REMINDER,ESCALATED
I0003579,C000550,2025-12-28,SMS,PAYMENT_REMINDER,RESOLVED
I0003580,C000686,2024-11-02,EMAIL,COMPLAINT,ESCALATED
I0003581,C000199,2024-09-17,BRANCH,GENERAL_QUERY,PENDING
I0003582,C000423,2024-10-31,APP,LOAN_QUERY,RESOLVED
I0003583,C000252,2026-01-30,BRANCH,GENERAL_QUERY,ESCALATED
I0003584,C000667,2024-10-02,EMAIL,COMPLAINT,ESCALATED
I0003585,C000515,2025-02-05,APP,COMPLAINT,PENDING
I0003586,C000200,2026-03-20,SMS,COLLECTION,RESOLVED
I0003587,C000625,2025-12-11,APP,GENERAL_QUERY,PENDING
I0003588,C000354,2026-02-01,APP,PAYMENT_REMINDER,RESOLVED
I0003589,C000136,2025-06-08,APP,LOAN_QUERY,RESOLVED
I0003590,C000213,2025-08-16,CALL,PAYMENT_REMINDER,ESCALATED
I0003591,C000023,2024-12-02,BRANCH,GENERAL_QUERY,ESCALATED
I0003592,C000666,2025-07-05,BRANCH,COMPLAINT,PENDING
I0003593,C000997,2025-01-07,SMS,COLLECTION,ESCALATED
I0003594,C000454,2025-02-06,EMAIL,LOAN_QUERY,PENDING
I0003595,C000420,2026-07-01,BRANCH,GENERAL_QUERY,RESOLVED
I0003596,C000812,2025-06-07,APP,COLLECTION,ESCALATED
I0003597,C000463,2025-07-05,EMAIL,COLLECTION,RESOLVED
I0003598,C000476,2026-03-25,EMAIL,GENERAL_QUERY,RESOLVED
I0003599,C000902,2026-03-27,BRANCH,COLLECTION,PENDING
I0003600,C000048,2026-02-23,BRANCH,GENERAL_QUERY,PENDING
I0003601,C000870,2025-04-22,EMAIL,PAYMENT_REMINDER,ESCALATED
I0003602,C000440,2026-03-13,SMS,LOAN_QUERY,ESCALATED
I0003603,C000979,2025-10-03,APP,COMPLAINT,RESOLVED
I0003604,C000760,2024-11-04,BRANCH,GENERAL_QUERY,RESOLVED
I0003605,C000792,2025-10-20,EMAIL,LOAN_QUERY,PENDING
I0003606,C000257,2026-04-13,APP,PAYMENT_REMINDER,ESCALATED
I0003607,C000627,2025-06-29,CALL,COMPLAINT,PENDING
I0003608,C000703,2025-06-17,EMAIL,GENERAL_QUERY,ESCALATED
I0003609,C000043,2025-12-25,EMAIL,LOAN_QUERY,ESCALATED
I0003610,C000340,2025-05-14,CALL,PAYMENT_REMINDER,PENDING
I0003611,C000890,2024-09-17,SMS,GENERAL_QUERY,RESOLVED
I0003612,C000408,2026-04-03,EMAIL,PAYMENT_REMINDER,PENDING
I0003613,C000541,2025-08-31,APP,PAYMENT_REMINDER,ESCALATED
I0003614,C000814,2025-12-10,EMAIL,LOAN_QUERY,ESCALATED
I0003615,C000153,2026-01-11,BRANCH,GENERAL_QUERY,RESOLVED
I0003616,C000578,2026-06-08,CALL,COLLECTION,PENDING
I0003617,C000470,2026-08-14,CALL,COLLECTION,PENDING
I0003618,C000441,2025-01-04,APP,LOAN_QUERY,ESCALATED
I0003619,C000638,2025-03-11,BRANCH,COMPLAINT,ESCALATED
I0003620,C000566,2024-09-16,CALL,PAYMENT_REMINDER,ESCALATED
I0003621,C000067,2025-04-25,SMS,COLLECTION,RESOLVED
I0003622,C000210,2026-05-25,EMAIL,PAYMENT_REMINDER,RESOLVED
I0003623,C000475,2026-05-14,EMAIL,PAYMENT_REMINDER,PENDING
I0003624,C000933,2025-06-10,EMAIL,PAYMENT_REMINDER,ESCALATED
I0003625,C000116,2026-04-03,APP,PAYMENT_REMINDER,ESCALATED
I0003626,C000187,2026-06-02,BRANCH,PAYMENT_REMINDER,RESOLVED
I0003627,C000167,2025-03-03,SMS,COLLECTION,RESOLVED
I0003628,C000875,2024-12-31,CALL,PAYMENT_REMINDER,ESCALATED
I0003629,C000310,2026-04-16,SMS,LOAN_QUERY,PENDING
I0003630,C000610,2025-03-17,APP,GENERAL_QUERY,RESOLVED
I0003631,C000797,2024-11-19,CALL,COLLECTION,ESCALATED
I0003632,C000557,2025-07-12,CALL,GENERAL_QUERY,PENDING
I0003633,C000174,2026-02-03,BRANCH,LOAN_QUERY,PENDING
I0003634,C000716,2026-01-16,EMAIL,COLLECTION,RESOLVED
I0003635,C000116,2025-09-15,CALL,GENERAL_QUERY,ESCALATED
I0003636,C000906,2025-09-12,SMS,COLLECTION,PENDING
I0003637,C000635,2026-08-28,SMS,GENERAL_QUERY,RESOLVED
I0003638,C000778,2026-05-16,EMAIL,COMPLAINT,PENDING
I0003639,C000840,2025-11-05,SMS,PAYMENT_REMINDER,ESCALATED
I0003640,C000795,2026-05-05,SMS,LOAN_QUERY,PENDING
I0003641,C000908,2024-11-13,CALL,GENERAL_QUERY,PENDING
I0003642,C000283,2025-04-25,BRANCH,COLLECTION,RESOLVED
I0003643,C000448,2025-05-31,SMS,COMPLAINT,ESCALATED
I0003644,C000968,2025-07-05,CALL,COLLECTION,ESCALATED
I0003645,C000919,2025-04-28,SMS,LOAN_QUERY,RESOLVED
I0003646,C000770,2025-08-24,BRANCH,GENERAL_QUERY,RESOLVED
I0003647,C000830,2026-04-09,APP,GENERAL_QUERY,RESOLVED
I0003648,C000984,2025-04-27,EMAIL,COLLECTION,RESOLVED
I0003649,C000888,2026-06-28,EMAIL,COMPLAINT,ESCALATED
I0003650,C000655,2025-03-25,BRANCH,GENERAL_QUERY,RESOLVED
I0003651,C000043,2025-08-26,APP,COMPLAINT,PENDING
I0003652,C000800,2024-09-25,BRANCH,PAYMENT_REMINDER,ESCALATED
I0003653,C000235,2026-05-16,BRANCH,LOAN_QUERY,RESOLVED
I0003654,C000769,2026-04-13,BRANCH,COMPLAINT,RESOLVED
I0003655,C000440,2024-12-16,CALL,GENERAL_QUERY,PENDING
I0003656,C000642,2026-01-06,BRANCH,GENERAL_QUERY,ESCALATED
I0003657,C000979,2025-05-03,SMS,PAYMENT_REMINDER,RESOLVED
I0003658,C000266,2026-04-26,CALL,COLLECTION,ESCALATED
I0003659,C000927,2025-06-16,SMS,GENERAL_QUERY,ESCALATED
I0003660,C000838,2025-02-15,BRANCH,GENERAL_QUERY,ESCALATED
I0003661,C000465,2026-02-24,APP,COMPLAINT,RESOLVED
I0003662,C000715,2026-01-06,SMS,COLLECTION,PENDING
I0003663,C000310,2026-03-13,CALL,GENERAL_QUERY,RESOLVED
I0003664,C000458,2026-08-25,EMAIL,COMPLAINT,RESOLVED
I0003665,C000922,2024-12-06,APP,COMPLAINT,ESCALATED
I0003666,C000672,2026-08-31,BRANCH,GENERAL_QUERY,PENDING
I0003667,C000735,2024-11-17,EMAIL,PAYMENT_REMINDER,ESCALATED
I0003668,C000655,2026-02-18,SMS,GENERAL_QUERY,RESOLVED
I0003669,C000468,2025-09-01,EMAIL,COMPLAINT,PENDING
I0003670,C000301,2025-10-08,CALL,COLLECTION,RESOLVED
I0003671,C000136,2025-08-14,EMAIL,COLLECTION,ESCALATED
I0003672,C000494,2025-08-08,CALL,COMPLAINT,ESCALATED
I0003673,C000240,2026-03-22,EMAIL,GENERAL_QUERY,RESOLVED
I0003674,C000478,2025-08-14,CALL,COMPLAINT,ESCALATED
I0003675,C000786,2025-06-07,SMS,COLLECTION,RESOLVED
I0003676,C000931,2024-10-31,BRANCH,PAYMENT_REMINDER,ESCALATED
I0003677,C000151,2025-06-10,BRANCH,PAYMENT_REMINDER,RESOLVED
I0003678,C000820,2025-01-31,BRANCH,COMPLAINT,RESOLVED
I0003679,C000937,2026-02-09,BRANCH,COLLECTION,PENDING
I0003680,C000378,2025-09-16,SMS,LOAN_QUERY,RESOLVED
I0003681,C000631,2026-02-01,CALL,GENERAL_QUERY,ESCALATED
I0003682,C000739,2026-08-13,CALL,GENERAL_QUERY,PENDING
I0003683,C000972,2026-04-29,BRANCH,GENERAL_QUERY,PENDING
I0003684,C000722,2025-08-06,APP,PAYMENT_REMINDER,ESCALATED
I0003685,C000635,2024-11-06,APP,LOAN_QUERY,RESOLVED
I0003686,C000845,2024-12-22,CALL,GENERAL_QUERY,RESOLVED
I0003687,C000267,2024-10-06,BRANCH,COLLECTION,PENDING
I0003688,C000357,2026-05-17,EMAIL,GENERAL_QUERY,RESOLVED
I0003689,C000505,2025-12-07,EMAIL,GENERAL_QUERY,RESOLVED
I0003690,C000903,2025-01-18,APP,COLLECTION,RESOLVED
I0003691,C000808,2025-11-20,EMAIL,COMPLAINT,PENDING
I0003692,C000762,2024-11-22,APP,GENERAL_QUERY,PENDING
I0003693,C000081,2026-06-15,BRANCH,LOAN_QUERY,PENDING
I0003694,C000800,2026-03-13,EMAIL,COLLECTION,PENDING
I0003695,C000883,2026-02-01,APP,PAYMENT_REMINDER,ESCALATED
I0003696,C000555,2025-05-23,APP,COMPLAINT,ESCALATED
I0003697,C000256,2025-09-21,CALL,COMPLAINT,PENDING
I0003698,C000163,2025-11-15,BRANCH,LOAN_QUERY,ESCALATED
I0003699,C000154,2024-10-28,EMAIL,COLLECTION,RESOLVED
I0003700,C000131,2025-07-28,EMAIL,GENERAL_QUERY,PENDING
I0003701,C000135,2026-02-12,CALL,COLLECTION,PENDING
I0003702,C000088,2024-11-12,BRANCH,PAYMENT_REMINDER,ESCALATED
I0003703,C000101,2026-05-28,BRANCH,GENERAL_QUERY,ESCALATED
I0003704,C000575,2026-03-30,BRANCH,PAYMENT_REMINDER,ESCALATED
I0003705,C000409,2026-01-14,BRANCH,COMPLAINT,RESOLVED
I0003706,C000688,2024-11-01,APP,PAYMENT_REMINDER,PENDING
I0003707,C000428,2025-01-15,BRANCH,PAYMENT_REMINDER,PENDING
I0003708,C000291,2024-12-27,APP,COLLECTION,RESOLVED
I0003709,C000335,2025-03-26,EMAIL,COLLECTION,ESCALATED
I0003710,C000886,2024-11-08,EMAIL,GENERAL_QUERY,RESOLVED
I0003711,C000483,2026-02-22,EMAIL,LOAN_QUERY,ESCALATED
I0003712,C000949,2024-12-13,CALL,LOAN_QUERY,ESCALATED
I0003713,C000442,2025-07-16,BRANCH,COLLECTION,ESCALATED
I0003714,C000787,2025-09-22,CALL,PAYMENT_REMINDER,RESOLVED
I0003715,C000714,2026-01-15,SMS,GENERAL_QUERY,RESOLVED
I0003716,C000127,2025-11-14,CALL,COLLECTION,PENDING
I0003717,C000882,2026-02-25,BRANCH,LOAN_QUERY,ESCALATED
I0003718,C000834,2026-09-06,BRANCH,GENERAL_QUERY,PENDING
I0003719,C000296,2025-08-25,SMS,PAYMENT_REMINDER,ESCALATED
I0003720,C000935,2024-10-04,BRANCH,COMPLAINT,RESOLVED
I0003721,C000478,2025-07-13,BRANCH,GENERAL_QUERY,PENDING
I0003722,C000127,2026-01-17,CALL,LOAN_QUERY,ESCALATED
I0003723,C000978,2026-06-19,EMAIL,GENERAL_QUERY,PENDING
I0003724,C000177,2025-09-22,APP,COLLECTION,RESOLVED
I0003725,C000748,2026-01-20,SMS,LOAN_QUERY,ESCALATED
I0003726,C000564,2025-08-14,EMAIL,COLLECTION,PENDING
I0003727,C000196,2025-02-21,SMS,PAYMENT_REMINDER,PENDING
I0003728,C000999,2025-06-03,EMAIL,PAYMENT_REMINDER,ESCALATED
I0003729,C000125,2025-03-26,EMAIL,LOAN_QUERY,PENDING
I0003730,C000761,2024-12-30,CALL,PAYMENT_REMINDER,PENDING
I0003731,C000056,2025-01-11,BRANCH,GENERAL_QUERY,RESOLVED
I0003732,C000728,2025-02-17,SMS,PAYMENT_REMINDER,RESOLVED
I0003733,C000491,2026-03-01,APP,COLLECTION,ESCALATED
I0003734,C000472,2025-09-28,APP,LOAN_QUERY,PENDING
I0003735,C000920,2024-12-20,CALL,LOAN_QUERY,RESOLVED
I0003736,C000367,2025-11-08,EMAIL,COMPLAINT,ESCALATED
I0003737,C000915,2025-06-19,APP,COLLECTION,RESOLVED
I0003738,C000335,2025-12-14,EMAIL,GENERAL_QUERY,RESOLVED
I0003739,C000511,2025-01-14,SMS,LOAN_QUERY,PENDING
I0003740,C000589,2024-11-10,SMS,COMPLAINT,PENDING
I0003741,C000003,2026-07-22,BRANCH,GENERAL_QUERY,PENDING
I0003742,C000307,2025-01-01,EMAIL,COLLECTION,PENDING
I0003743,C000120,2025-07-07,CALL,COLLECTION,RESOLVED
I0003744,C000657,2026-06-13,APP,LOAN_QUERY,PENDING
I0003745,C000617,2026-01-22,SMS,COLLECTION,PENDING
I0003746,C000626,2025-10-22,APP,LOAN_QUERY,PENDING
I0003747,C000718,2026-03-29,BRANCH,COMPLAINT,ESCALATED
I0003748,C000311,2025-04-24,SMS,GENERAL_QUERY,ESCALATED
I0003749,C000363,2026-01-31,EMAIL,LOAN_QUERY,PENDING
I0003750,C000017,2025-10-19,CALL,PAYMENT_REMINDER,ESCALATED
I0003751,C000765,2025-06-28,EMAIL,COMPLAINT,ESCALATED
I0003752,C000970,2025-08-03,BRANCH,GENERAL_QUERY,PENDING
I0003753,C000851,2025-03-06,APP,COMPLAINT,PENDING
I0003754,C000234,2026-08-25,APP,GENERAL_QUERY,RESOLVED
I0003755,C000170,2025-10-07,EMAIL,GENERAL_QUERY,RESOLVED
I0003756,C000277,2024-11-20,CALL,COLLECTION,RESOLVED
I0003757,C000579,2024-11-19,SMS,PAYMENT_REMINDER,PENDING
I0003758,C000400,2025-04-26,CALL,COLLECTION,PENDING
I0003759,C000638,2026-07-04,CALL,GENERAL_QUERY,PENDING
I0003760,C000361,2025-01-12,CALL,COLLECTION,RESOLVED
I0003761,C000104,2025-12-30,BRANCH,PAYMENT_REMINDER,RESOLVED
I0003762,C000587,2025-05-16,BRANCH,GENERAL_QUERY,RESOLVED
I0003763,C000407,2025-02-12,EMAIL,COMPLAINT,RESOLVED
I0003764,C000138,2024-10-02,SMS,LOAN_QUERY,ESCALATED
I0003765,C000003,2024-10-17,CALL,GENERAL_QUERY,ESCALATED
I0003766,C000648,2024-10-08,SMS,COMPLAINT,RESOLVED
I0003767,C000153,2026-09-15,APP,COMPLAINT,PENDING
I0003768,C000706,2026-04-18,SMS,COMPLAINT,RESOLVED
I0003769,C000483,2025-03-25,BRANCH,LOAN_QUERY,PENDING
I0003770,C000624,2025-09-03,SMS,GENERAL_QUERY,PENDING
I0003771,C000449,2026-06-22,EMAIL,COLLECTION,ESCALATED
I0003772,C000742,2025-06-04,APP,GENERAL_QUERY,ESCALATED
I0003773,C000345,2026-05-09,APP,LOAN_QUERY,ESCALATED
I0003774,C000382,2026-08-22,CALL,PAYMENT_REMINDER,PENDING
I0003775,C000268,2025-03-25,APP,LOAN_QUERY,ESCALATED
I0003776,C000010,2025-12-02,EMAIL,LOAN_QUERY,PENDING
I0003777,C000843,2026-04-23,APP,LOAN_QUERY,PENDING
I0003778,C000830,2025-11-07,APP,COLLECTION,PENDING
I0003779,C000629,2025-11-28,APP,GENERAL_QUERY,ESCALATED
I0003780,C000698,2026-08-22,SMS,PAYMENT_REMINDER,PENDING
I0003781,C000332,2026-03-11,BRANCH,PAYMENT_REMINDER,RESOLVED
I0003782,C000906,2025-01-09,CALL,GENERAL_QUERY,PENDING
I0003783,C000838,2026-07-26,SMS,COLLECTION,PENDING
I0003784,C000054,2025-03-23,SMS,PAYMENT_REMINDER,RESOLVED
I0003785,C000146,2026-03-16,SMS,PAYMENT_REMINDER,RESOLVED
I0003786,C000156,2026-03-11,SMS,COMPLAINT,PENDING
I0003787,C000256,2024-11-11,APP,PAYMENT_REMINDER,ESCALATED
I0003788,C000849,2025-02-23,CALL,PAYMENT_REMINDER,PENDING
I0003789,C000456,2025-01-05,BRANCH,PAYMENT_REMINDER,PENDING
I0003790,C000107,2025-04-05,BRANCH,GENERAL_QUERY,PENDING
I0003791,C000709,2025-08-21,EMAIL,PAYMENT_REMINDER,RESOLVED
I0003792,C000737,2025-06-10,BRANCH,PAYMENT_REMINDER,RESOLVED
I0003793,C000510,2025-12-25,APP,COMPLAINT,ESCALATED
I0003794,C000992,2026-02-09,EMAIL,COLLECTION,RESOLVED
I0003795,C000633,2026-01-15,CALL,GENERAL_QUERY,RESOLVED
I0003796,C000792,2025-10-11,APP,COLLECTION,RESOLVED
I0003797,C000030,2026-07-09,BRANCH,COLLECTION,RESOLVED
I0003798,C000209,2025-07-08,EMAIL,GENERAL_QUERY,ESCALATED
I0003799,C000437,2025-07-08,CALL,PAYMENT_REMINDER,ESCALATED
I0003800,C000875,2026-01-04,APP,GENERAL_QUERY,ESCALATED
I0003801,C000106,2025-02-25,APP,GENERAL_QUERY,RESOLVED
I0003802,C000287,2024-12-23,CALL,COLLECTION,RESOLVED
I0003803,C000555,2025-09-22,BRANCH,LOAN_QUERY,ESCALATED
I0003804,C000677,2026-04-25,CALL,COLLECTION,RESOLVED
I0003805,C000888,2025-11-05,BRANCH,COMPLAINT,RESOLVED
I0003806,C000756,2026-03-24,BRANCH,COLLECTION,RESOLVED
I0003807,C000549,2025-04-04,CALL,COMPLAINT,PENDING
I0003808,C000972,2024-12-05,EMAIL,PAYMENT_REMINDER,PENDING
I0003809,C000673,2025-10-02,EMAIL,COMPLAINT,PENDING
I0003810,C000435,2026-02-09,CALL,PAYMENT_REMINDER,ESCALATED
I0003811,C000562,2025-11-20,EMAIL,COMPLAINT,ESCALATED
I0003812,C000365,2025-02-19,BRANCH,PAYMENT_REMINDER,PENDING
I0003813,C000812,2026-05-31,CALL,LOAN_QUERY,RESOLVED
I0003814,C000835,2026-02-28,CALL,COMPLAINT,PENDING
I0003815,C000406,2025-10-06,SMS,PAYMENT_REMINDER,ESCALATED
I0003816,C000921,2025-08-02,CALL,COLLECTION,PENDING
I0003817,C000379,2025-06-09,APP,COLLECTION,RESOLVED
I0003818,C000756,2025-12-02,CALL,COMPLAINT,RESOLVED
I0003819,C000062,2024-11-10,APP,COLLECTION,PENDING
I0003820,C000572,2026-08-02,EMAIL,LOAN_QUERY,RESOLVED
I0003821,C000480,2025-06-07,SMS,COMPLAINT,ESCALATED
I0003822,C000108,2026-08-12,SMS,LOAN_QUERY,ESCALATED
I0003823,C000461,2025-02-26,EMAIL,COMPLAINT,ESCALATED
I0003824,C000237,2026-08-31,EMAIL,LOAN_QUERY,RESOLVED
I0003825,C000863,2025-10-27,CALL,LOAN_QUERY,ESCALATED
I0003826,C000753,2025-01-02,SMS,LOAN_QUERY,RESOLVED
I0003827,C000524,2024-10-18,EMAIL,COMPLAINT,ESCALATED
I0003828,C000838,2024-11-28,EMAIL,LOAN_QUERY,ESCALATED
I0003829,C000063,2024-12-01,CALL,LOAN_QUERY,PENDING
I0003830,C000496,2026-05-14,CALL,LOAN_QUERY,RESOLVED
I0003831,C000983,2025-04-17,EMAIL,GENERAL_QUERY,PENDING
I0003832,C000589,2026-02-16,APP,PAYMENT_REMINDER,PENDING
I0003833,C000751,2026-07-24,BRANCH,COMPLAINT,PENDING
I0003834,C000905,2024-10-09,BRANCH,LOAN_QUERY,RESOLVED
I0003835,C000135,2026-06-10,APP,COLLECTION,RESOLVED
I0003836,C000218,2025-07-14,CALL,PAYMENT_REMINDER,ESCALATED
I0003837,C000263,2026-06-02,BRANCH,COLLECTION,RESOLVED
I0003838,C000891,2025-06-17,APP,GENERAL_QUERY,PENDING
I0003839,C000045,2025-01-21,BRANCH,GENERAL_QUERY,ESCALATED
I0003840,C000101,2026-03-13,SMS,COMPLAINT,RESOLVED
I0003841,C000844,2025-08-14,EMAIL,COMPLAINT,ESCALATED
I0003842,C000153,2025-07-18,EMAIL,LOAN_QUERY,PENDING
I0003843,C000613,2025-05-01,BRANCH,COLLECTION,PENDING
I0003844,C000161,2025-02-05,EMAIL,GENERAL_QUERY,RESOLVED
I0003845,C000770,2025-08-16,CALL,PAYMENT_REMINDER,ESCALATED
I0003846,C000625,2025-08-27,CALL,LOAN_QUERY,RESOLVED
I0003847,C000164,2026-07-20,BRANCH,PAYMENT_REMINDER,RESOLVED
I0003848,C000695,2026-05-24,BRANCH,LOAN_QUERY,PENDING
I0003849,C000564,2026-07-29,SMS,PAYMENT_REMINDER,PENDING
I0003850,C000423,2025-03-06,CALL,COMPLAINT,RESOLVED
I0003851,C000165,2026-07-24,EMAIL,LOAN_QUERY,ESCALATED
I0003852,C000938,2026-08-06,SMS,PAYMENT_REMINDER,RESOLVED
I0003853,C000833,2025-06-29,BRANCH,LOAN_QUERY,ESCALATED
I0003854,C000090,2024-11-04,BRANCH,COLLECTION,PENDING
I0003855,C000461,2026-06-03,SMS,GENERAL_QUERY,ESCALATED
I0003856,C000399,2025-01-06,EMAIL,GENERAL_QUERY,RESOLVED
I0003857,C000587,2025-09-29,SMS,LOAN_QUERY,RESOLVED
I0003858,C000476,2025-02-05,EMAIL,COMPLAINT,ESCALATED
I0003859,C000469,2025-04-21,EMAIL,GENERAL_QUERY,RESOLVED
I0003860,C000895,2025-05-19,EMAIL,GENERAL_QUERY,RESOLVED
I0003861,C000756,2025-06-11,EMAIL,LOAN_QUERY,PENDING
I0003862,C000609,2025-03-06,APP,COLLECTION,RESOLVED
I0003863,C000745,2026-06-05,BRANCH,LOAN_QUERY,ESCALATED
I0003864,C000675,2026-08-23,APP,GENERAL_QUERY,RESOLVED
I0003865,C000616,2025-03-28,EMAIL,LOAN_QUERY,ESCALATED
I0003866,C000345,2025-09-30,SMS,PAYMENT_REMINDER,RESOLVED
I0003867,C000976,2026-06-26,APP,GENERAL_QUERY,PENDING
I0003868,C000298,2025-06-26,CALL,PAYMENT_REMINDER,RESOLVED
I0003869,C000684,2026-02-20,EMAIL,COLLECTION,RESOLVED
I0003870,C000144,2025-07-17,APP,COMPLAINT,RESOLVED
I0003871,C000911,2025-05-17,APP,COLLECTION,PENDING
I0003872,C000076,2026-09-08,SMS,GENERAL_QUERY,PENDING
I0003873,C000707,2026-04-22,APP,COLLECTION,PENDING
I0003874,C000956,2025-07-12,BRANCH,COMPLAINT,ESCALATED
I0003875,C000834,2026-01-05,SMS,COLLECTION,ESCALATED
I0003876,C000160,2025-09-15,APP,PAYMENT_REMINDER,PENDING
I0003877,C000001,2025-08-01,CALL,LOAN_QUERY,RESOLVED
I0003878,C000870,2025-04-06,EMAIL,LOAN_QUERY,ESCALATED
I0003879,C000414,2025-10-31,EMAIL,COLLECTION,PENDING
I0003880,C000941,2025-08-24,SMS,LOAN_QUERY,ESCALATED
I0003881,C000192,2025-10-18,EMAIL,PAYMENT_REMINDER,RESOLVED
I0003882,C000345,2025-05-01,APP,COMPLAINT,ESCALATED
I0003883,C000351,2025-12-17,EMAIL,LOAN_QUERY,RESOLVED
I0003884,C000689,2025-08-12,CALL,LOAN_QUERY,RESOLVED
I0003885,C000345,2025-01-18,CALL,PAYMENT_REMINDER,ESCALATED
I0003886,C000266,2025-01-21,CALL,COMPLAINT,ESCALATED
I0003887,C000613,2025-04-20,EMAIL,COLLECTION,PENDING
I0003888,C000377,2026-06-10,BRANCH,PAYMENT_REMINDER,RESOLVED
I0003889,C000479,2026-06-01,CALL,LOAN_QUERY,ESCALATED
I0003890,C000503,2025-12-08,EMAIL,PAYMENT_REMINDER,ESCALATED
I0003891,C000689,2025-04-27,SMS,COLLECTION,PENDING
I0003892,C000366,2026-03-20,EMAIL,PAYMENT_REMINDER,RESOLVED
I0003893,C000978,2025-06-28,CALL,GENERAL_QUERY,PENDING
I0003894,C000225,2026-06-23,EMAIL,PAYMENT_REMINDER,RESOLVED
I0003895,C000730,2024-12-18,EMAIL,COMPLAINT,PENDING
I0003896,C000637,2024-10-02,BRANCH,COLLECTION,RESOLVED
I0003897,C000148,2025-05-12,CALL,COLLECTION,PENDING
I0003898,C000271,2025-07-28,CALL,GENERAL_QUERY,ESCALATED
I0003899,C000403,2026-01-14,EMAIL,LOAN_QUERY,ESCALATED
I0003900,C000276,2025-01-01,CALL,COMPLAINT,RESOLVED
I0003901,C000445,2025-05-18,APP,GENERAL_QUERY,PENDING
I0003902,C000799,2024-09-20,SMS,LOAN_QUERY,PENDING
I0003903,C000877,2025-08-03,EMAIL,PAYMENT_REMINDER,PENDING
I0003904,C000814,2025-12-09,EMAIL,COMPLAINT,ESCALATED
I0003905,C000655,2024-12-25,BRANCH,LOAN_QUERY,PENDING
I0003906,C000811,2025-11-30,BRANCH,LOAN_QUERY,RESOLVED
I0003907,C000915,2025-08-07,CALL,COLLECTION,PENDING
I0003908,C000217,2025-05-27,BRANCH,LOAN_QUERY,ESCALATED
I0003909,C000348,2025-07-10,EMAIL,COMPLAINT,RESOLVED
I0003910,C000094,2025-11-04,BRANCH,LOAN_QUERY,ESCALATED
I0003911,C000566,2026-09-07,BRANCH,GENERAL_QUERY,PENDING
I0003912,C000500,2025-06-02,SMS,COLLECTION,ESCALATED
I0003913,C000730,2026-07-15,CALL,LOAN_QUERY,ESCALATED
I0003914,C000312,2024-12-10,CALL,COMPLAINT,RESOLVED
I0003915,C000372,2025-01-05,CALL,LOAN_QUERY,PENDING
I0003916,C000686,2026-06-13,SMS,GENERAL_QUERY,ESCALATED
I0003917,C000128,2026-02-20,SMS,PAYMENT_REMINDER,PENDING
I0003918,C000476,2024-10-28,EMAIL,PAYMENT_REMINDER,PENDING
I0003919,C000978,2026-07-20,CALL,PAYMENT_REMINDER,RESOLVED
I0003920,C000791,2025-08-09,APP,COLLECTION,ESCALATED
I0003921,C000307,2026-05-03,BRANCH,COLLECTION,PENDING
I0003922,C000023,2024-12-23,EMAIL,COLLECTION,PENDING
I0003923,C000617,2026-04-22,EMAIL,LOAN_QUERY,ESCALATED
I0003924,C000696,2025-08-29,BRANCH,PAYMENT_REMINDER,ESCALATED
I0003925,C000090,2026-07-28,APP,COMPLAINT,RESOLVED
I0003926,C000619,2025-08-06,APP,COMPLAINT,RESOLVED
I0003927,C000945,2026-03-22,APP,COLLECTION,ESCALATED
I0003928,C000939,2025-10-03,SMS,GENERAL_QUERY,ESCALATED
I0003929,C000709,2025-02-02,EMAIL,COLLECTION,RESOLVED
I0003930,C000824,2025-12-23,EMAIL,COLLECTION,PENDING
I0003931,C000422,2025-03-14,EMAIL,PAYMENT_REMINDER,RESOLVED
I0003932,C000517,2026-04-13,CALL,PAYMENT_REMINDER,PENDING
I0003933,C000488,2025-05-22,CALL,GENERAL_QUERY,PENDING
I0003934,C000942,2026-03-15,APP,COMPLAINT,ESCALATED
I0003935,C000615,2024-10-02,CALL,COMPLAINT,PENDING
I0003936,C000105,2026-01-05,APP,GENERAL_QUERY,PENDING
I0003937,C000310,2025-08-24,APP,GENERAL_QUERY,RESOLVED
I0003938,C000617,2025-12-13,EMAIL,LOAN_QUERY,RESOLVED
I0003939,C000823,2026-05-13,APP,GENERAL_QUERY,RESOLVED
I0003940,C000820,2025-03-02,EMAIL,COLLECTION,PENDING
I0003941,C000451,2025-04-03,CALL,COLLECTION,ESCALATED
I0003942,C000446,2026-03-01,APP,COLLECTION,PENDING
I0003943,C000338,2026-07-29,EMAIL,LOAN_QUERY,ESCALATED
I0003944,C000783,2025-04-13,SMS,COLLECTION,PENDING
I0003945,C000429,2026-07-21,CALL,LOAN_QUERY,ESCALATED
I0003946,C000725,2025-01-01,CALL,GENERAL_QUERY,ESCALATED
I0003947,C000098,2024-11-11,APP,PAYMENT_REMINDER,PENDING
I0003948,C000769,2024-12-26,APP,PAYMENT_REMINDER,RESOLVED
I0003949,C000401,2025-12-07,SMS,GENERAL_QUERY,RESOLVED
I0003950,C000287,2024-12-10,BRANCH,LOAN_QUERY,RESOLVED
I0003951,C000447,2025-05-07,SMS,COMPLAINT,PENDING
I0003952,C000078,2025-08-21,EMAIL,GENERAL_QUERY,PENDING
I0003953,C000238,2026-07-22,SMS,GENERAL_QUERY,RESOLVED
I0003954,C000715,2026-05-16,SMS,GENERAL_QUERY,ESCALATED
I0003955,C000779,2026-02-08,BRANCH,LOAN_QUERY,RESOLVED
I0003956,C000753,2025-07-01,SMS,COMPLAINT,RESOLVED
I0003957,C000211,2026-08-16,BRANCH,LOAN_QUERY,PENDING
I0003958,C000654,2024-09-19,SMS,COLLECTION,PENDING
I0003959,C000161,2025-02-07,BRANCH,COLLECTION,ESCALATED
I0003960,C000405,2025-01-08,EMAIL,GENERAL_QUERY,RESOLVED
I0003961,C000459,2026-05-20,SMS,COLLECTION,ESCALATED
I0003962,C000947,2025-02-15,SMS,COMPLAINT,PENDING
I0003963,C000832,2025-05-01,CALL,GENERAL_QUERY,RESOLVED
I0003964,C000434,2026-08-10,SMS,LOAN_QUERY,PENDING
I0003965,C000179,2025-10-04,CALL,GENERAL_QUERY,ESCALATED
I0003966,C000882,2025-09-09,APP,COMPLAINT,PENDING
I0003967,C000786,2025-11-17,BRANCH,PAYMENT_REMINDER,PENDING
I0003968,C000502,2026-07-13,BRANCH,COMPLAINT,RESOLVED
I0003969,C000495,2026-03-05,APP,PAYMENT_REMINDER,ESCALATED
I0003970,C000669,2026-09-12,EMAIL,GENERAL_QUERY,RESOLVED
I0003971,C000993,2026-07-11,EMAIL,COLLECTION,PENDING
I0003972,C000203,2026-03-13,CALL,PAYMENT_REMINDER,ESCALATED
I0003973,C000074,2026-02-16,BRANCH,PAYMENT_REMINDER,RESOLVED
I0003974,C000336,2026-04-05,CALL,GENERAL_QUERY,PENDING
I0003975,C000537,2026-03-12,APP,PAYMENT_REMINDER,RESOLVED
I0003976,C000643,2024-09-20,EMAIL,LOAN_QUERY,PENDING
I0003977,C000451,2025-04-26,APP,GENERAL_QUERY,ESCALATED
I0003978,C000507,2026-08-24,APP,COLLECTION,RESOLVED
I0003979,C000808,2025-06-10,CALL,COLLECTION,ESCALATED
I0003980,C000078,2025-10-03,CALL,COMPLAINT,ESCALATED
I0003981,C000915,2026-03-31,SMS,COLLECTION,ESCALATED
I0003982,C000103,2025-11-30,APP,COMPLAINT,PENDING
I0003983,C000845,2025-09-11,SMS,COMPLAINT,RESOLVED
I0003984,C000996,2026-07-14,CALL,LOAN_QUERY,PENDING
I0003985,C000027,2026-07-29,EMAIL,LOAN_QUERY,ESCALATED
I0003986,C000103,2024-12-31,BRANCH,PAYMENT_REMINDER,PENDING
I0003987,C000878,2025-07-03,APP,PAYMENT_REMINDER,RESOLVED
I0003988,C000980,2024-12-15,APP,LOAN_QUERY,ESCALATED
I0003989,C000927,2026-07-19,CALL,GENERAL_QUERY,ESCALATED
I0003990,C000157,2025-10-24,EMAIL,COLLECTION,PENDING
I0003991,C000443,2025-04-30,EMAIL,PAYMENT_REMINDER,ESCALATED
I0003992,C000236,2026-03-12,BRANCH,GENERAL_QUERY,PENDING
I0003993,C000073,2026-02-07,APP,LOAN_QUERY,RESOLVED
I0003994,C000097,2024-10-26,APP,GENERAL_QUERY,PENDING
I0003995,C000951,2025-09-07,SMS,GENERAL_QUERY,ESCALATED
I0003996,C000728,2024-10-04,BRANCH,GENERAL_QUERY,ESCALATED
I0003997,C000845,2025-02-21,SMS,COLLECTION,PENDING
I0003998,C000755,2025-03-13,APP,GENERAL_QUERY,RESOLVED
I0003999,C000502,2026-02-02,BRANCH,COLLECTION,PENDING
I0004000,C000226,2026-01-03,APP,COMPLAINT,PENDING
I0004001,C000103,2025-11-01,APP,GENERAL_QUERY,RESOLVED
I0004002,C000644,2024-12-29,CALL,COLLECTION,ESCALATED
I0004003,C000274,2024-11-27,BRANCH,LOAN_QUERY,PENDING
I0004004,C000632,2025-05-01,APP,PAYMENT_REMINDER,ESCALATED
I0004005,C000663,2025-09-02,BRANCH,PAYMENT_REMINDER,PENDING
I0004006,C000315,2025-11-21,EMAIL,LOAN_QUERY,PENDING
I0004007,C000249,2026-02-26,APP,GENERAL_QUERY,PENDING
I0004008,C000871,2026-07-01,BRANCH,LOAN_QUERY,ESCALATED
I0004009,C000512,2025-01-05,BRANCH,GENERAL_QUERY,ESCALATED
I0004010,C000950,2026-05-10,EMAIL,LOAN_QUERY,PENDING
I0004011,C000776,2025-03-23,APP,PAYMENT_REMINDER,RESOLVED
I0004012,C000253,2025-02-12,BRANCH,PAYMENT_REMINDER,PENDING
I0004013,C000112,2025-08-27,APP,LOAN_QUERY,PENDING
I0004014,C000836,2026-01-30,SMS,PAYMENT_REMINDER,PENDING
I0004015,C000757,2026-04-06,BRANCH,LOAN_QUERY,RESOLVED
I0004016,C000756,2026-08-01,EMAIL,COLLECTION,RESOLVED
I0004017,C000756,2025-01-15,CALL,GENERAL_QUERY,PENDING
I0004018,C000580,2026-03-08,APP,COMPLAINT,ESCALATED
I0004019,C000322,2024-10-29,APP,GENERAL_QUERY,RESOLVED
I0004020,C000237,2026-09-05,SMS,PAYMENT_REMINDER,ESCALATED
I0004021,C000424,2025-11-30,EMAIL,LOAN_QUERY,PENDING
I0004022,C000095,2026-03-12,SMS,COLLECTION,ESCALATED
I0004023,C000177,2026-03-16,CALL,LOAN_QUERY,RESOLVED
I0004024,C000385,2025-04-13,CALL,COMPLAINT,ESCALATED
I0004025,C000801,2025-05-19,CALL,COMPLAINT,RESOLVED
I0004026,C000565,2024-11-04,CALL,COMPLAINT,ESCALATED
I0004027,C000218,2026-03-27,EMAIL,COMPLAINT,PENDING
I0004028,C000825,2026-09-02,SMS,PAYMENT_REMINDER,PENDING
I0004029,C000185,2025-07-19,EMAIL,COMPLAINT,RESOLVED
I0004030,C000658,2025-09-30,APP,LOAN_QUERY,PENDING
I0004031,C000529,2025-07-23,CALL,PAYMENT_REMINDER,ESCALATED
I0004032,C000084,2026-05-03,BRANCH,COLLECTION,ESCALATED
I0004033,C000704,2026-04-05,EMAIL,PAYMENT_REMINDER,PENDING
I0004034,C000562,2025-08-27,CALL,PAYMENT_REMINDER,RESOLVED
I0004035,C000065,2024-09-25,SMS,PAYMENT_REMINDER,PENDING
I0004036,C000111,2025-07-20,APP,COMPLAINT,ESCALATED
I0004037,C000815,2025-02-16,EMAIL,COLLECTION,RESOLVED
I0004038,C000176,2025-07-29,SMS,COLLECTION,PENDING
I0004039,C000707,2026-01-18,EMAIL,COLLECTION,RESOLVED
I0004040,C000751,2025-03-05,SMS,LOAN_QUERY,PENDING
I0004041,C000186,2026-02-19,CALL,GENERAL_QUERY,RESOLVED
I0004042,C000128,2025-01-03,BRANCH,GENERAL_QUERY,ESCALATED
I0004043,C000002,2026-07-07,CALL,COMPLAINT,ESCALATED
I0004044,C000913,2026-07-18,BRANCH,GENERAL_QUERY,PENDING
I0004045,C000126,2026-05-17,EMAIL,LOAN_QUERY,PENDING
I0004046,C000624,2026-06-05,APP,PAYMENT_REMINDER,PENDING
I0004047,C000089,2025-10-25,CALL,LOAN_QUERY,RESOLVED
I0004048,C000565,2025-08-13,SMS,LOAN_QUERY,RESOLVED
I0004049,C000167,2025-02-18,EMAIL,COMPLAINT,RESOLVED
I0004050,C000393,2024-09-19,BRANCH,GENERAL_QUERY,ESCALATED
I0004051,C000152,2024-12-12,EMAIL,PAYMENT_REMINDER,ESCALATED
I0004052,C000490,2024-11-07,CALL,GENERAL_QUERY,RESOLVED
I0004053,C000484,2025-01-01,CALL,COMPLAINT,RESOLVED
I0004054,C000244,2026-08-03,SMS,COMPLAINT,ESCALATED
I0004055,C000594,2026-05-25,BRANCH,PAYMENT_REMINDER,ESCALATED
I0004056,C000871,2026-06-19,CALL,PAYMENT_REMINDER,RESOLVED
I0004057,C000941,2025-01-11,BRANCH,PAYMENT_REMINDER,PENDING
I0004058,C000317,2024-10-07,EMAIL,PAYMENT_REMINDER,ESCALATED
I0004059,C000977,2026-06-16,APP,COMPLAINT,RESOLVED
I0004060,C000138,2026-07-01,EMAIL,GENERAL_QUERY,RESOLVED
I0004061,C000604,2024-10-24,APP,COMPLAINT,RESOLVED
I0004062,C000271,2026-08-09,CALL,COMPLAINT,RESOLVED
I0004063,C000002,2026-08-06,CALL,PAYMENT_REMINDER,ESCALATED
I0004064,C000884,2026-03-29,APP,GENERAL_QUERY,RESOLVED
I0004065,C000926,2026-02-22,BRANCH,COLLECTION,PENDING
I0004066,C000116,2025-10-23,EMAIL,COMPLAINT,ESCALATED
I0004067,C000043,2025-04-30,BRANCH,PAYMENT_REMINDER,PENDING
I0004068,C000554,2025-10-11,BRANCH,LOAN_QUERY,PENDING
I0004069,C000382,2026-08-30,APP,COLLECTION,PENDING
I0004070,C000114,2025-04-12,SMS,GENERAL_QUERY,ESCALATED
I0004071,C000145,2024-12-23,SMS,PAYMENT_REMINDER,PENDING
I0004072,C000903,2025-07-14,SMS,GENERAL_QUERY,ESCALATED
I0004073,C000018,2026-06-12,BRANCH,PAYMENT_REMINDER,ESCALATED
I0004074,C000967,2025-03-31,BRANCH,LOAN_QUERY,ESCALATED
I0004075,C000492,2026-05-09,SMS,LOAN_QUERY,PENDING
I0004076,C000694,2026-07-23,BRANCH,COMPLAINT,ESCALATED
I0004077,C000357,2025-11-11,EMAIL,COLLECTION,ESCALATED
I0004078,C000079,2025-02-21,CALL,COLLECTION,PENDING
I0004079,C000496,2025-02-21,CALL,PAYMENT_REMINDER,ESCALATED
I0004080,C000302,2026-04-23,EMAIL,GENERAL_QUERY,RESOLVED
I0004081,C000418,2025-02-28,SMS,COMPLAINT,RESOLVED
I0004082,C000605,2025-08-10,CALL,LOAN_QUERY,RESOLVED
I0004083,C000706,2026-07-07,CALL,PAYMENT_REMINDER,ESCALATED
I0004084,C000192,2025-09-01,EMAIL,GENERAL_QUERY,ESCALATED
I0004085,C000268,2026-02-22,CALL,GENERAL_QUERY,ESCALATED
I0004086,C000046,2025-12-07,SMS,COMPLAINT,PENDING
I0004087,C000239,2025-07-08,BRANCH,COLLECTION,RESOLVED
I0004088,C000955,2024-10-03,APP,COLLECTION,RESOLVED
I0004089,C000534,2026-05-22,SMS,COLLECTION,PENDING
I0004090,C000647,2025-10-16,APP,PAYMENT_REMINDER,RESOLVED
I0004091,C000086,2025-01-23,EMAIL,PAYMENT_REMINDER,ESCALATED
I0004092,C000960,2026-09-14,EMAIL,LOAN_QUERY,PENDING
I0004093,C000387,2026-03-06,APP,COLLECTION,RESOLVED
I0004094,C000363,2025-11-09,BRANCH,PAYMENT_REMINDER,ESCALATED
I0004095,C000162,2025-12-30,SMS,PAYMENT_REMINDER,RESOLVED
I0004096,C000213,2025-07-27,APP,GENERAL_QUERY,PENDING
I0004097,C000008,2025-10-08,BRANCH,PAYMENT_REMINDER,PENDING
I0004098,C000568,2026-04-01,SMS,COMPLAINT,RESOLVED
I0004099,C000943,2026-04-13,APP,LOAN_QUERY,RESOLVED
I0004100,C000460,2026-01-24,SMS,GENERAL_QUERY,PENDING
I0004101,C000993,2024-11-21,BRANCH,PAYMENT_REMINDER,PENDING
I0004102,C000500,2026-03-11,CALL,GENERAL_QUERY,ESCALATED
I0004103,C000107,2025-02-23,EMAIL,GENERAL_QUERY,RESOLVED
I0004104,C000693,2025-07-09,CALL,COMPLAINT,PENDING
I0004105,C000714,2024-09-22,EMAIL,COLLECTION,PENDING
I0004106,C000869,2026-07-09,EMAIL,COMPLAINT,PENDING
I0004107,C000080,2025-06-03,SMS,PAYMENT_REMINDER,ESCALATED
I0004108,C000295,2026-01-26,APP,COMPLAINT,RESOLVED
I0004109,C000208,2026-02-23,BRANCH,COMPLAINT,PENDING
I0004110,C000478,2025-03-31,SMS,COMPLAINT,RESOLVED
I0004111,C000434,2025-12-31,EMAIL,COLLECTION,ESCALATED
I0004112,C000487,2026-08-29,EMAIL,COMPLAINT,ESCALATED
I0004113,C000706,2025-04-26,EMAIL,LOAN_QUERY,ESCALATED
I0004114,C000705,2026-08-08,SMS,COMPLAINT,RESOLVED
I0004115,C000284,2025-08-19,BRANCH,LOAN_QUERY,PENDING
I0004116,C000200,2026-07-28,EMAIL,LOAN_QUERY,ESCALATED
I0004117,C000925,2026-08-28,CALL,GENERAL_QUERY,RESOLVED
I0004118,C000733,2025-12-25,BRANCH,GENERAL_QUERY,ESCALATED
I0004119,C000512,2024-12-28,APP,COLLECTION,ESCALATED
I0004120,C000024,2024-10-04,CALL,COMPLAINT,RESOLVED
I0004121,C000128,2025-11-26,APP,PAYMENT_REMINDER,RESOLVED
I0004122,C000871,2025-06-30,CALL,GENERAL_QUERY,RESOLVED
I0004123,C000415,2026-08-29,CALL,PAYMENT_REMINDER,PENDING
I0004124,C000452,2025-08-07,APP,COMPLAINT,RESOLVED
I0004125,C000962,2025-04-21,BRANCH,GENERAL_QUERY,RESOLVED
I0004126,C000158,2025-12-01,SMS,PAYMENT_REMINDER,ESCALATED
I0004127,C000377,2026-03-25,SMS,COLLECTION,PENDING
I0004128,C000271,2026-06-25,APP,GENERAL_QUERY,RESOLVED
I0004129,C000063,2024-10-26,BRANCH,COLLECTION,RESOLVED
I0004130,C000384,2024-12-13,BRANCH,LOAN_QUERY,RESOLVED
I0004131,C000369,2026-07-21,APP,LOAN_QUERY,RESOLVED
I0004132,C000021,2025-02-08,CALL,COLLECTION,RESOLVED
I0004133,C000758,2025-01-07,CALL,PAYMENT_REMINDER,ESCALATED
I0004134,C000197,2025-04-07,CALL,PAYMENT_REMINDER,PENDING
I0004135,C000960,2026-01-11,APP,COLLECTION,ESCALATED
I0004136,C000994,2025-06-30,EMAIL,PAYMENT_REMINDER,ESCALATED
I0004137,C000744,2026-05-02,BRANCH,COLLECTION,PENDING
I0004138,C000399,2026-07-21,CALL,COLLECTION,ESCALATED
I0004139,C000776,2024-11-27,APP,COMPLAINT,PENDING
I0004140,C000927,2026-08-22,APP,LOAN_QUERY,ESCALATED
I0004141,C000104,2025-11-28,APP,LOAN_QUERY,ESCALATED
I0004142,C000933,2026-09-08,BRANCH,COMPLAINT,PENDING
I0004143,C000687,2025-03-02,APP,PAYMENT_REMINDER,ESCALATED
I0004144,C000364,2025-07-03,BRANCH,PAYMENT_REMINDER,RESOLVED
I0004145,C000398,2024-10-24,APP,GENERAL_QUERY,RESOLVED
I0004146,C000215,2026-06-18,EMAIL,LOAN_QUERY,ESCALATED
I0004147,C000293,2026-02-05,EMAIL,LOAN_QUERY,ESCALATED
I0004148,C000136,2026-08-08,EMAIL,COLLECTION,ESCALATED
I0004149,C000119,2026-07-27,EMAIL,LOAN_QUERY,RESOLVED
I0004150,C000362,2024-09-16,SMS,LOAN_QUERY,PENDING
I0004151,C000837,2024-11-15,SMS,COMPLAINT,ESCALATED
I0004152,C000847,2024-12-09,BRANCH,LOAN_QUERY,PENDING
I0004153,C000553,2026-08-15,CALL,COMPLAINT,ESCALATED
I0004154,C000212,2025-05-31,EMAIL,COMPLAINT,RESOLVED
I0004155,C000220,2025-04-30,CALL,COLLECTION,ESCALATED
I0004156,C000135,2025-07-17,APP,GENERAL_QUERY,RESOLVED
I0004157,C000576,2024-12-10,CALL,GENERAL_QUERY,ESCALATED
I0004158,C000853,2025-09-20,BRANCH,COMPLAINT,PENDING
I0004159,C000005,2025-06-10,BRANCH,GENERAL_QUERY,PENDING
I0004160,C000971,2026-05-20,BRANCH,COLLECTION,ESCALATED
I0004161,C000976,2026-08-15,BRANCH,PAYMENT_REMINDER,RESOLVED
I0004162,C000874,2025-11-02,CALL,COLLECTION,ESCALATED
I0004163,C000883,2026-03-25,SMS,COLLECTION,RESOLVED
I0004164,C000116,2026-03-06,APP,GENERAL_QUERY,RESOLVED
I0004165,C000303,2026-08-11,CALL,PAYMENT_REMINDER,PENDING
I0004166,C000268,2026-03-20,BRANCH,LOAN_QUERY,RESOLVED
I0004167,C000724,2026-01-27,APP,COMPLAINT,PENDING
I0004168,C000625,2024-11-01,APP,COLLECTION,ESCALATED
I0004169,C000564,2025-11-10,BRANCH,COMPLAINT,PENDING
I0004170,C000952,2026-07-29,SMS,COLLECTION,ESCALATED
I0004171,C000244,2024-10-23,EMAIL,GENERAL_QUERY,PENDING
I0004172,C000616,2025-03-03,CALL,GENERAL_QUERY,ESCALATED
I0004173,C000370,2025-10-27,CALL,COLLECTION,ESCALATED
I0004174,C000341,2026-04-08,BRANCH,COMPLAINT,RESOLVED
I0004175,C000344,2025-10-16,CALL,LOAN_QUERY,ESCALATED
I0004176,C000475,2025-12-08,CALL,COMPLAINT,ESCALATED
I0004177,C000825,2026-01-25,CALL,COMPLAINT,RESOLVED
I0004178,C000722,2026-04-27,APP,COLLECTION,RESOLVED
I0004179,C000444,2026-04-04,CALL,COMPLAINT,RESOLVED
I0004180,C000650,2026-04-10,CALL,COMPLAINT,RESOLVED
I0004181,C000006,2024-10-13,CALL,COMPLAINT,ESCALATED
I0004182,C000348,2025-04-26,APP,LOAN_QUERY,PENDING
I0004183,C000975,2025-04-02,EMAIL,COMPLAINT,ESCALATED
I0004184,C000381,2026-01-24,APP,COMPLAINT,ESCALATED
I0004185,C000430,2024-11-07,APP,COMPLAINT,RESOLVED
I0004186,C000363,2024-11-02,SMS,COMPLAINT,PENDING
I0004187,C000688,2025-04-22,CALL,COMPLAINT,RESOLVED
I0004188,C000006,2024-11-02,BRANCH,COLLECTION,PENDING
I0004189,C000415,2025-04-15,EMAIL,GENERAL_QUERY,PENDING
I0004190,C000424,2025-03-22,CALL,PAYMENT_REMINDER,ESCALATED
I0004191,C000478,2024-11-04,EMAIL,LOAN_QUERY,PENDING
I0004192,C000268,2025-06-13,BRANCH,COLLECTION,ESCALATED
I0004193,C000309,2025-07-28,CALL,GENERAL_QUERY,ESCALATED
I0004194,C000202,2025-07-12,SMS,LOAN_QUERY,ESCALATED
I0004195,C000927,2026-08-11,SMS,LOAN_QUERY,PENDING
I0004196,C000719,2025-10-16,BRANCH,COLLECTION,RESOLVED
I0004197,C000386,2025-06-07,BRANCH,PAYMENT_REMINDER,PENDING
I0004198,C000984,2024-11-13,EMAIL,COMPLAINT,ESCALATED
I0004199,C000775,2026-03-03,APP,PAYMENT_REMINDER,PENDING
I0004200,C000312,2025-02-28,CALL,PAYMENT_REMINDER,ESCALATED
I0004201,C000096,2026-06-25,EMAIL,COLLECTION,PENDING
I0004202,C000507,2025-05-30,APP,COLLECTION,ESCALATED
I0004203,C000523,2025-02-11,CALL,COLLECTION,ESCALATED
I0004204,C000854,2025-10-26,SMS,LOAN_QUERY,ESCALATED
I0004205,C000896,2026-01-21,EMAIL,COMPLAINT,PENDING
I0004206,C000368,2026-02-06,SMS,GENERAL_QUERY,ESCALATED
I0004207,C000188,2024-12-05,SMS,LOAN_QUERY,PENDING
I0004208,C000252,2025-04-17,EMAIL,COMPLAINT,ESCALATED
I0004209,C000432,2025-10-21,SMS,PAYMENT_REMINDER,RESOLVED
I0004210,C000648,2026-01-30,EMAIL,COLLECTION,PENDING
I0004211,C000463,2025-03-03,APP,COMPLAINT,RESOLVED
I0004212,C000217,2025-09-21,APP,LOAN_QUERY,ESCALATED
I0004213,C000683,2025-05-15,APP,LOAN_QUERY,RESOLVED
I0004214,C000261,2025-09-06,CALL,GENERAL_QUERY,RESOLVED
I0004215,C000248,2025-05-22,APP,GENERAL_QUERY,ESCALATED
I0004216,C000163,2025-06-16,SMS,LOAN_QUERY,RESOLVED
I0004217,C000625,2025-10-13,CALL,PAYMENT_REMINDER,ESCALATED
I0004218,C000936,2024-10-24,BRANCH,LOAN_QUERY,PENDING
I0004219,C000402,2025-02-16,APP,PAYMENT_REMINDER,RESOLVED
I0004220,C000575,2024-10-18,EMAIL,LOAN_QUERY,ESCALATED
I0004221,C000445,2026-01-14,SMS,GENERAL_QUERY,RESOLVED
I0004222,C000509,2026-01-25,SMS,COMPLAINT,RESOLVED
I0004223,C000524,2024-09-25,SMS,COLLECTION,RESOLVED
I0004224,C000225,2024-12-05,EMAIL,COMPLAINT,RESOLVED
I0004225,C000567,2026-09-02,CALL,LOAN_QUERY,PENDING
I0004226,C000711,2025-07-26,APP,COMPLAINT,ESCALATED
I0004227,C000764,2025-10-22,APP,COLLECTION,PENDING
I0004228,C000431,2026-09-09,SMS,GENERAL_QUERY,RESOLVED
I0004229,C000629,2025-05-20,APP,LOAN_QUERY,ESCALATED
I0004230,C000063,2025-07-09,BRANCH,COMPLAINT,RESOLVED
I0004231,C000606,2025-04-22,BRANCH,PAYMENT_REMINDER,ESCALATED
I0004232,C000106,2025-08-29,SMS,COMPLAINT,RESOLVED
I0004233,C000940,2024-12-10,EMAIL,GENERAL_QUERY,RESOLVED
I0004234,C000481,2025-09-29,SMS,COLLECTION,ESCALATED
I0004235,C000283,2026-07-01,CALL,COMPLAINT,ESCALATED
I0004236,C000860,2026-06-11,EMAIL,COMPLAINT,RESOLVED
I0004237,C000738,2025-09-01,APP,COMPLAINT,ESCALATED
I0004238,C000750,2025-11-16,SMS,GENERAL_QUERY,ESCALATED
I0004239,C000188,2025-04-07,CALL,GENERAL_QUERY,RESOLVED
I0004240,C000044,2024-10-14,CALL,GENERAL_QUERY,RESOLVED
I0004241,C000932,2024-11-25,EMAIL,GENERAL_QUERY,ESCALATED
I0004242,C000144,2026-09-06,BRANCH,COLLECTION,ESCALATED
I0004243,C000457,2026-01-01,APP,COLLECTION,RESOLVED
I0004244,C000850,2024-10-14,BRANCH,LOAN_QUERY,PENDING
I0004245,C000379,2025-01-14,EMAIL,PAYMENT_REMINDER,RESOLVED
I0004246,C000334,2026-08-07,SMS,LOAN_QUERY,PENDING
I0004247,C000324,2025-09-10,BRANCH,LOAN_QUERY,PENDING
I0004248,C000404,2026-05-22,SMS,COLLECTION,RESOLVED
I0004249,C000721,2026-08-25,CALL,COLLECTION,PENDING
I0004250,C000056,2026-02-08,SMS,COLLECTION,PENDING
I0004251,C000367,2024-12-04,APP,COLLECTION,RESOLVED
I0004252,C000093,2025-07-27,SMS,LOAN_QUERY,ESCALATED
I0004253,C000643,2026-08-14,CALL,COLLECTION,PENDING
I0004254,C000372,2025-12-30,SMS,PAYMENT_REMINDER,ESCALATED
I0004255,C000848,2025-10-30,CALL,PAYMENT_REMINDER,RESOLVED
I0004256,C000550,2026-03-08,SMS,COMPLAINT,ESCALATED
I0004257,C000741,2025-11-23,BRANCH,COLLECTION,RESOLVED
I0004258,C000622,2026-01-30,SMS,GENERAL_QUERY,RESOLVED
I0004259,C000542,2026-03-16,CALL,LOAN_QUERY,RESOLVED
I0004260,C000636,2025-02-21,EMAIL,LOAN_QUERY,RESOLVED
I0004261,C000574,2025-09-26,EMAIL,GENERAL_QUERY,RESOLVED
I0004262,C000168,2026-03-15,SMS,COMPLAINT,RESOLVED
I0004263,C000736,2024-12-04,SMS,LOAN_QUERY,RESOLVED
I0004264,C000538,2025-08-20,SMS,PAYMENT_REMINDER,RESOLVED
I0004265,C000479,2024-11-27,BRANCH,COMPLAINT,ESCALATED
I0004266,C000063,2024-12-07,BRANCH,COLLECTION,ESCALATED
I0004267,C000282,2025-06-27,SMS,PAYMENT_REMINDER,ESCALATED
I0004268,C000414,2025-10-21,BRANCH,PAYMENT_REMINDER,ESCALATED
I0004269,C000001,2026-09-06,EMAIL,LOAN_QUERY,PENDING
I0004270,C000505,2025-07-15,CALL,COLLECTION,ESCALATED
I0004271,C000885,2025-08-11,BRANCH,COMPLAINT,ESCALATED
I0004272,C000952,2026-05-29,SMS,PAYMENT_REMINDER,RESOLVED
I0004273,C000226,2025-10-22,EMAIL,PAYMENT_REMINDER,ESCALATED
I0004274,C000270,2025-08-10,SMS,GENERAL_QUERY,PENDING
I0004275,C000534,2024-12-12,SMS,COLLECTION,RESOLVED
I0004276,C000183,2024-11-21,APP,LOAN_QUERY,RESOLVED
I0004277,C000947,2025-12-01,EMAIL,PAYMENT_REMINDER,PENDING
I0004278,C000194,2025-12-03,CALL,COMPLAINT,RESOLVED
I0004279,C000980,2025-09-16,SMS,PAYMENT_REMINDER,RESOLVED
I0004280,C000660,2026-06-20,APP,PAYMENT_REMINDER,PENDING
I0004281,C000408,2026-06-23,BRANCH,COLLECTION,ESCALATED
I0004282,C000160,2025-07-12,BRANCH,COLLECTION,PENDING
I0004283,C000031,2025-08-22,CALL,COMPLAINT,PENDING
I0004284,C000374,2025-06-19,CALL,PAYMENT_REMINDER,PENDING
I0004285,C000608,2025-12-09,EMAIL,LOAN_QUERY,PENDING
I0004286,C000298,2026-04-10,CALL,PAYMENT_REMINDER,PENDING
I0004287,C000178,2026-03-23,BRANCH,COMPLAINT,ESCALATED
I0004288,C000295,2025-10-25,CALL,GENERAL_QUERY,ESCALATED
I0004289,C000509,2025-02-19,SMS,COLLECTION,ESCALATED
I0004290,C000647,2026-02-13,APP,PAYMENT_REMINDER,ESCALATED
I0004291,C000446,2025-02-17,EMAIL,LOAN_QUERY,ESCALATED
I0004292,C000551,2025-01-18,EMAIL,GENERAL_QUERY,RESOLVED
I0004293,C000514,2025-08-03,SMS,COMPLAINT,PENDING
I0004294,C000185,2024-11-06,CALL,GENERAL_QUERY,ESCALATED
I0004295,C000387,2025-09-21,CALL,GENERAL_QUERY,PENDING
I0004296,C000888,2026-07-23,CALL,COMPLAINT,PENDING
I0004297,C000848,2024-10-18,APP,GENERAL_QUERY,PENDING
I0004298,C000964,2026-03-28,EMAIL,GENERAL_QUERY,RESOLVED
I0004299,C000351,2025-05-23,APP,COLLECTION,RESOLVED
I0004300,C000647,2026-07-19,CALL,PAYMENT_REMINDER,RESOLVED
I0004301,C000854,2024-10-07,SMS,COLLECTION,ESCALATED
I0004302,C000302,2025-06-01,EMAIL,LOAN_QUERY,RESOLVED
I0004303,C000931,2025-11-06,APP,COLLECTION,ESCALATED
I0004304,C000113,2025-02-24,BRANCH,PAYMENT_REMINDER,RESOLVED
I0004305,C000268,2025-07-04,BRANCH,LOAN_QUERY,ESCALATED
I0004306,C000517,2025-02-10,SMS,COMPLAINT,PENDING
I0004307,C000129,2025-04-02,SMS,PAYMENT_REMINDER,PENDING
I0004308,C000198,2025-06-19,APP,GENERAL_QUERY,RESOLVED
I0004309,C000116,2026-01-28,EMAIL,GENERAL_QUERY,RESOLVED
I0004310,C000125,2025-11-08,EMAIL,COMPLAINT,RESOLVED
I0004311,C000451,2024-11-07,APP,COMPLAINT,ESCALATED
I0004312,C000684,2025-12-16,BRANCH,COLLECTION,PENDING
I0004313,C000091,2025-06-13,EMAIL,PAYMENT_REMINDER,PENDING
I0004314,C000649,2025-08-09,CALL,LOAN_QUERY,ESCALATED
I0004315,C000384,2025-05-28,BRANCH,COMPLAINT,RESOLVED
I0004316,C000010,2025-08-23,APP,LOAN_QUERY,ESCALATED
I0004317,C000794,2026-03-18,CALL,COLLECTION,RESOLVED
I0004318,C000287,2025-01-10,BRANCH,COMPLAINT,PENDING
I0004319,C000294,2025-11-13,SMS,COLLECTION,PENDING
I0004320,C000048,2025-06-30,APP,PAYMENT_REMINDER,PENDING
I0004321,C000283,2025-03-26,EMAIL,PAYMENT_REMINDER,ESCALATED
I0004322,C000858,2025-06-26,SMS,LOAN_QUERY,ESCALATED
I0004323,C000380,2025-03-20,BRANCH,COLLECTION,PENDING
I0004324,C000927,2025-03-27,APP,GENERAL_QUERY,RESOLVED
I0004325,C000901,2025-12-09,BRANCH,LOAN_QUERY,PENDING
I0004326,C000790,2026-02-07,CALL,COLLECTION,RESOLVED
I0004327,C000370,2025-12-20,EMAIL,LOAN_QUERY,RESOLVED
I0004328,C000278,2026-05-07,EMAIL,PAYMENT_REMINDER,PENDING
I0004329,C000421,2026-04-30,APP,LOAN_QUERY,RESOLVED
I0004330,C000619,2025-10-16,CALL,COMPLAINT,RESOLVED
I0004331,C000017,2025-01-20,APP,COMPLAINT,PENDING
I0004332,C000044,2025-04-23,EMAIL,COLLECTION,RESOLVED
I0004333,C000216,2025-01-17,EMAIL,COMPLAINT,ESCALATED
I0004334,C000292,2025-07-14,BRANCH,COLLECTION,PENDING
I0004335,C000220,2025-07-23,BRANCH,COMPLAINT,RESOLVED
I0004336,C000573,2026-02-10,EMAIL,LOAN_QUERY,PENDING
I0004337,C000515,2025-01-04,BRANCH,PAYMENT_REMINDER,RESOLVED
I0004338,C000090,2024-11-28,EMAIL,COLLECTION,RESOLVED
I0004339,C000476,2025-09-14,CALL,PAYMENT_REMINDER,ESCALATED
I0004340,C000243,2026-08-20,BRANCH,LOAN_QUERY,RESOLVED
I0004341,C000989,2026-05-12,SMS,PAYMENT_REMINDER,ESCALATED
I0004342,C000031,2026-03-14,EMAIL,COMPLAINT,PENDING
I0004343,C000542,2025-09-25,CALL,LOAN_QUERY,RESOLVED
I0004344,C000607,2025-06-03,APP,COLLECTION,ESCALATED
I0004345,C000278,2025-11-24,BRANCH,LOAN_QUERY,ESCALATED
I0004346,C000949,2024-10-19,SMS,LOAN_QUERY,ESCALATED
I0004347,C000369,2024-11-06,BRANCH,COMPLAINT,ESCALATED
I0004348,C000729,2026-02-27,APP,GENERAL_QUERY,PENDING
I0004349,C000685,2025-05-30,CALL,GENERAL_QUERY,RESOLVED
I0004350,C000191,2025-11-08,EMAIL,COMPLAINT,PENDING
I0004351,C000777,2026-06-10,BRANCH,LOAN_QUERY,RESOLVED
I0004352,C000892,2025-04-11,SMS,COMPLAINT,PENDING
I0004353,C000923,2026-09-07,EMAIL,GENERAL_QUERY,PENDING
I0004354,C000084,2025-08-12,EMAIL,PAYMENT_REMINDER,PENDING
I0004355,C000809,2025-08-14,APP,PAYMENT_REMINDER,ESCALATED
I0004356,C000714,2025-11-15,SMS,GENERAL_QUERY,PENDING
I0004357,C000248,2025-09-27,APP,COMPLAINT,RESOLVED
I0004358,C000985,2025-12-29,APP,PAYMENT_REMINDER,PENDING
I0004359,C000468,2026-07-22,SMS,COMPLAINT,ESCALATED
I0004360,C000750,2025-02-24,CALL,GENERAL_QUERY,PENDING
I0004361,C000361,2024-09-19,SMS,GENERAL_QUERY,ESCALATED
I0004362,C000289,2026-06-10,EMAIL,COLLECTION,RESOLVED
I0004363,C000468,2026-07-27,SMS,PAYMENT_REMINDER,ESCALATED
I0004364,C000588,2026-05-12,APP,COLLECTION,ESCALATED
I0004365,C000596,2025-02-20,BRANCH,GENERAL_QUERY,PENDING
I0004366,C000164,2024-09-21,CALL,PAYMENT_REMINDER,ESCALATED
I0004367,C000688,2025-01-11,BRANCH,PAYMENT_REMINDER,RESOLVED
I0004368,C000755,2026-05-21,BRANCH,COMPLAINT,ESCALATED
I0004369,C000237,2025-10-21,APP,COLLECTION,RESOLVED
I0004370,C000979,2025-06-07,CALL,GENERAL_QUERY,RESOLVED
I0004371,C000724,2025-02-21,APP,PAYMENT_REMINDER,RESOLVED
I0004372,C000292,2025-01-16,CALL,LOAN_QUERY,RESOLVED
I0004373,C000215,2026-08-16,SMS,COMPLAINT,PENDING
I0004374,C000425,2026-06-19,BRANCH,GENERAL_QUERY,PENDING
I0004375,C000721,2025-09-09,EMAIL,PAYMENT_REMINDER,PENDING
I0004376,C000801,2025-02-01,EMAIL,COMPLAINT,ESCALATED
I0004377,C000810,2025-09-23,EMAIL,COMPLAINT,ESCALATED
I0004378,C000794,2026-04-24,SMS,COMPLAINT,PENDING
I0004379,C000749,2025-07-11,CALL,GENERAL_QUERY,PENDING
I0004380,C000308,2025-08-15,SMS,COMPLAINT,PENDING
I0004381,C000355,2025-12-20,APP,COLLECTION,ESCALATED
I0004382,C000161,2025-11-25,CALL,COMPLAINT,PENDING
I0004383,C000837,2026-06-08,APP,LOAN_QUERY,ESCALATED
I0004384,C000571,2026-01-31,APP,COLLECTION,PENDING
I0004385,C000236,2025-03-07,BRANCH,COMPLAINT,ESCALATED
I0004386,C000666,2025-04-02,CALL,COMPLAINT,RESOLVED
I0004387,C000114,2025-05-19,SMS,COLLECTION,RESOLVED
I0004388,C000426,2024-11-09,BRANCH,COMPLAINT,RESOLVED
I0004389,C000689,2026-01-24,EMAIL,PAYMENT_REMINDER,RESOLVED
I0004390,C000514,2025-07-01,CALL,LOAN_QUERY,PENDING
I0004391,C000472,2026-06-07,EMAIL,GENERAL_QUERY,RESOLVED
I0004392,C000004,2026-04-12,CALL,PAYMENT_REMINDER,PENDING
I0004393,C000565,2026-03-21,SMS,LOAN_QUERY,RESOLVED
I0004394,C000197,2024-11-02,EMAIL,LOAN_QUERY,RESOLVED
I0004395,C000127,2025-01-21,APP,PAYMENT_REMINDER,PENDING
I0004396,C000778,2025-05-22,EMAIL,PAYMENT_REMINDER,PENDING
I0004397,C000326,2024-12-22,CALL,GENERAL_QUERY,ESCALATED
I0004398,C000131,2026-07-27,EMAIL,COLLECTION,PENDING
I0004399,C000798,2025-10-23,EMAIL,COLLECTION,PENDING
I0004400,C000865,2025-06-30,EMAIL,PAYMENT_REMINDER,PENDING
I0004401,C000007,2025-05-06,CALL,COLLECTION,PENDING
I0004402,C000356,2025-08-13,BRANCH,GENERAL_QUERY,RESOLVED
I0004403,C000995,2024-12-07,APP,PAYMENT_REMINDER,RESOLVED
I0004404,C000567,2025-03-20,SMS,PAYMENT_REMINDER,ESCALATED
I0004405,C000990,2024-09-19,SMS,COLLECTION,RESOLVED
I0004406,C000480,2026-06-02,EMAIL,LOAN_QUERY,RESOLVED
I0004407,C000364,2025-11-12,CALL,LOAN_QUERY,ESCALATED
I0004408,C000575,2025-09-13,EMAIL,GENERAL_QUERY,ESCALATED
I0004409,C000409,2026-06-13,CALL,COMPLAINT,ESCALATED
I0004410,C000995,2025-02-10,BRANCH,LOAN_QUERY,ESCALATED
I0004411,C000029,2026-08-27,CALL,GENERAL_QUERY,RESOLVED
I0004412,C000070,2024-09-21,CALL,PAYMENT_REMINDER,PENDING
I0004413,C000787,2025-11-05,BRANCH,GENERAL_QUERY,PENDING
I0004414,C000817,2026-08-28,EMAIL,LOAN_QUERY,ESCALATED
I0004415,C000655,2025-11-28,BRANCH,COMPLAINT,ESCALATED
I0004416,C000603,2026-09-03,EMAIL,GENERAL_QUERY,RESOLVED
I0004417,C000401,2025-09-17,CALL,PAYMENT_REMINDER,ESCALATED
I0004418,C000803,2024-12-22,BRANCH,PAYMENT_REMINDER,ESCALATED
I0004419,C000358,2026-08-05,CALL,LOAN_QUERY,RESOLVED
I0004420,C000889,2026-03-30,EMAIL,COLLECTION,PENDING
I0004421,C000363,2026-07-02,APP,COMPLAINT,RESOLVED
I0004422,C000972,2024-09-22,BRANCH,LOAN_QUERY,ESCALATED
I0004423,C000448,2026-01-25,SMS,PAYMENT_REMINDER,ESCALATED
I0004424,C000159,2025-09-05,SMS,COMPLAINT,PENDING
I0004425,C000989,2026-05-03,SMS,COMPLAINT,RESOLVED
I0004426,C000391,2026-06-21,SMS,GENERAL_QUERY,ESCALATED
I0004427,C000547,2025-03-08,APP,LOAN_QUERY,RESOLVED
I0004428,C000074,2025-11-21,EMAIL,COLLECTION,ESCALATED
I0004429,C000060,2026-07-19,CALL,COLLECTION,RESOLVED
I0004430,C000916,2026-03-25,EMAIL,COLLECTION,ESCALATED
I0004431,C000148,2026-07-04,CALL,COLLECTION,RESOLVED
I0004432,C000348,2025-01-23,APP,PAYMENT_REMINDER,PENDING
I0004433,C000769,2025-09-26,BRANCH,PAYMENT_REMINDER,RESOLVED
I0004434,C000648,2026-05-25,APP,COLLECTION,RESOLVED
I0004435,C000007,2025-09-20,BRANCH,GENERAL_QUERY,ESCALATED
I0004436,C000862,2025-09-15,CALL,GENERAL_QUERY,ESCALATED
I0004437,C000395,2025-09-05,SMS,GENERAL_QUERY,PENDING
I0004438,C000806,2026-08-31,APP,COMPLAINT,ESCALATED
I0004439,C000510,2026-04-19,APP,GENERAL_QUERY,PENDING
I0004440,C000719,2026-04-25,BRANCH,PAYMENT_REMINDER,RESOLVED
I0004441,C000688,2024-12-15,CALL,GENERAL_QUERY,PENDING
I0004442,C000746,2024-12-18,SMS,COMPLAINT,PENDING
I0004443,C000794,2026-07-30,CALL,COMPLAINT,PENDING
I0004444,C000172,2026-04-29,SMS,GENERAL_QUERY,PENDING
I0004445,C000244,2025-10-10,EMAIL,GENERAL_QUERY,PENDING
I0004446,C000661,2025-05-01,APP,COLLECTION,RESOLVED
I0004447,C000633,2025-01-02,SMS,COLLECTION,RESOLVED
I0004448,C000469,2025-05-21,EMAIL,LOAN_QUERY,ESCALATED
I0004449,C000606,2024-12-24,CALL,COLLECTION,RESOLVED
I0004450,C000383,2026-03-08,CALL,LOAN_QUERY,ESCALATED
I0004451,C000623,2026-04-07,SMS,COMPLAINT,ESCALATED
I0004452,C000512,2025-09-24,SMS,COMPLAINT,PENDING
I0004453,C000461,2026-02-04,BRANCH,LOAN_QUERY,PENDING
I0004454,C000210,2025-10-12,EMAIL,GENERAL_QUERY,PENDING
I0004455,C000747,2026-09-01,CALL,GENERAL_QUERY,RESOLVED
I0004456,C000666,2025-07-15,SMS,COLLECTION,RESOLVED
I0004457,C000251,2025-02-17,EMAIL,PAYMENT_REMINDER,RESOLVED
I0004458,C000791,2024-09-16,SMS,GENERAL_QUERY,ESCALATED
I0004459,C000887,2026-05-15,SMS,LOAN_QUERY,PENDING
I0004460,C000075,2025-12-28,SMS,PAYMENT_REMINDER,ESCALATED
I0004461,C000961,2024-11-02,SMS,COMPLAINT,PENDING
I0004462,C000898,2024-09-22,SMS,COMPLAINT,PENDING
I0004463,C000973,2025-08-25,EMAIL,PAYMENT_REMINDER,ESCALATED
I0004464,C000409,2026-08-21,EMAIL,COLLECTION,RESOLVED
I0004465,C000353,2024-11-19,EMAIL,COLLECTION,RESOLVED
I0004466,C000988,2025-01-07,BRANCH,COMPLAINT,RESOLVED
I0004467,C000808,2024-11-11,EMAIL,COLLECTION,PENDING
I0004468,C000194,2024-10-23,BRANCH,LOAN_QUERY,ESCALATED
I0004469,C000532,2026-06-20,APP,LOAN_QUERY,PENDING
I0004470,C000910,2025-01-03,EMAIL,LOAN_QUERY,PENDING
I0004471,C000451,2026-03-26,CALL,PAYMENT_REMINDER,ESCALATED
I0004472,C000020,2026-07-14,SMS,PAYMENT_REMINDER,RESOLVED
I0004473,C000862,2025-04-20,EMAIL,COLLECTION,RESOLVED
I0004474,C000601,2025-01-03,EMAIL,LOAN_QUERY,RESOLVED
I0004475,C000883,2025-02-13,BRANCH,GENERAL_QUERY,RESOLVED
I0004476,C000460,2025-05-03,SMS,COLLECTION,PENDING
I0004477,C000347,2026-02-22,EMAIL,COMPLAINT,ESCALATED
I0004478,C000729,2025-04-29,CALL,PAYMENT_REMINDER,ESCALATED
I0004479,C000665,2025-09-30,BRANCH,COMPLAINT,RESOLVED
I0004480,C000725,2025-03-03,EMAIL,LOAN_QUERY,RESOLVED
I0004481,C000299,2026-08-07,APP,COMPLAINT,ESCALATED
I0004482,C000555,2026-02-24,EMAIL,PAYMENT_REMINDER,ESCALATED
I0004483,C000154,2024-10-26,EMAIL,LOAN_QUERY,ESCALATED
I0004484,C000297,2025-06-13,BRANCH,COMPLAINT,PENDING
I0004485,C000861,2026-04-12,CALL,LOAN_QUERY,PENDING
I0004486,C000494,2026-02-09,CALL,COLLECTION,PENDING
I0004487,C000900,2025-09-26,CALL,COLLECTION,RESOLVED
I0004488,C000459,2026-07-07,SMS,COLLECTION,PENDING
I0004489,C000345,2026-06-16,SMS,LOAN_QUERY,PENDING
I0004490,C000217,2026-03-07,EMAIL,GENERAL_QUERY,ESCALATED
I0004491,C000917,2026-02-12,SMS,COLLECTION,ESCALATED
I0004492,C000627,2025-08-29,CALL,COLLECTION,PENDING
I0004493,C000983,2025-09-15,EMAIL,PAYMENT_REMINDER,PENDING
I0004494,C000168,2024-11-27,APP,COMPLAINT,RESOLVED
I0004495,C000290,2026-04-27,APP,GENERAL_QUERY,PENDING
I0004496,C000748,2026-01-09,SMS,LOAN_QUERY,ESCALATED
I0004497,C000999,2026-06-25,SMS,GENERAL_QUERY,ESCALATED
I0004498,C000510,2026-09-06,SMS,PAYMENT_REMINDER,ESCALATED
I0004499,C000835,2026-05-17,EMAIL,GENERAL_QUERY,RESOLVED
I0004500,C000023,2026-03-22,BRANCH,COMPLAINT,ESCALATED
I0004501,C000775,2026-08-18,APP,GENERAL_QUERY,ESCALATED
I0004502,C000903,2025-08-13,EMAIL,GENERAL_QUERY,ESCALATED
I0004503,C000407,2026-09-11,SMS,LOAN_QUERY,ESCALATED
I0004504,C000472,2024-12-18,APP,PAYMENT_REMINDER,ESCALATED
I0004505,C000710,2026-02-24,CALL,LOAN_QUERY,ESCALATED
I0004506,C000670,2025-12-10,CALL,GENERAL_QUERY,RESOLVED
I0004507,C000352,2025-12-12,CALL,LOAN_QUERY,ESCALATED
I0004508,C000067,2026-01-19,CALL,PAYMENT_REMINDER,RESOLVED
I0004509,C000761,2025-09-19,CALL,GENERAL_QUERY,RESOLVED
I0004510,C000032,2024-12-09,SMS,PAYMENT_REMINDER,PENDING
I0004511,C000004,2025-07-05,BRANCH,COLLECTION,ESCALATED
I0004512,C000582,2025-06-26,BRANCH,LOAN_QUERY,PENDING
I0004513,C000236,2026-03-21,SMS,COLLECTION,RESOLVED
I0004514,C000469,2026-01-02,SMS,LOAN_QUERY,RESOLVED
I0004515,C000381,2025-08-19,BRANCH,PAYMENT_REMINDER,RESOLVED
I0004516,C000124,2025-06-14,CALL,GENERAL_QUERY,RESOLVED
I0004517,C000562,2026-05-08,APP,GENERAL_QUERY,RESOLVED
I0004518,C000990,2025-07-22,CALL,GENERAL_QUERY,ESCALATED
I0004519,C000209,2025-07-25,EMAIL,PAYMENT_REMINDER,PENDING
I0004520,C000964,2026-05-06,EMAIL,COLLECTION,PENDING
I0004521,C000540,2025-09-04,APP,PAYMENT_REMINDER,RESOLVED
I0004522,C000063,2025-07-28,BRANCH,GENERAL_QUERY,RESOLVED
I0004523,C000871,2025-05-03,APP,GENERAL_QUERY,ESCALATED
I0004524,C000522,2024-10-17,BRANCH,GENERAL_QUERY,PENDING
I0004525,C000116,2025-12-31,SMS,PAYMENT_REMINDER,ESCALATED
I0004526,C000845,2026-01-02,BRANCH,GENERAL_QUERY,RESOLVED
I0004527,C000810,2026-03-31,BRANCH,COMPLAINT,ESCALATED
I0004528,C000755,2026-02-27,SMS,COLLECTION,ESCALATED
I0004529,C000080,2025-07-06,APP,COLLECTION,ESCALATED
I0004530,C000393,2025-10-28,SMS,COMPLAINT,PENDING
I0004531,C000873,2026-07-11,EMAIL,COMPLAINT,PENDING
I0004532,C000930,2025-03-17,CALL,COMPLAINT,ESCALATED
I0004533,C000606,2025-02-14,APP,COLLECTION,ESCALATED
I0004534,C000088,2025-04-27,BRANCH,COMPLAINT,PENDING
I0004535,C000733,2026-05-14,EMAIL,COLLECTION,PENDING
I0004536,C000019,2025-04-10,APP,COMPLAINT,PENDING
I0004537,C000907,2024-09-28,CALL,LOAN_QUERY,PENDING
I0004538,C000891,2024-09-29,SMS,LOAN_QUERY,PENDING
I0004539,C000051,2026-01-06,BRANCH,GENERAL_QUERY,PENDING
I0004540,C000404,2026-03-24,EMAIL,PAYMENT_REMINDER,PENDING
I0004541,C000510,2025-06-27,SMS,LOAN_QUERY,PENDING
I0004542,C000182,2025-01-12,SMS,PAYMENT_REMINDER,ESCALATED
I0004543,C000045,2025-01-19,BRANCH,COLLECTION,RESOLVED
I0004544,C000252,2026-09-13,EMAIL,PAYMENT_REMINDER,RESOLVED
I0004545,C000170,2026-06-18,EMAIL,GENERAL_QUERY,ESCALATED
I0004546,C000938,2026-06-30,CALL,COLLECTION,PENDING
I0004547,C000865,2025-04-22,APP,COMPLAINT,RESOLVED
I0004548,C000251,2025-01-01,BRANCH,LOAN_QUERY,PENDING
I0004549,C000651,2026-02-21,SMS,COLLECTION,ESCALATED
I0004550,C000430,2025-07-08,SMS,GENERAL_QUERY,ESCALATED
I0004551,C000454,2026-02-27,APP,GENERAL_QUERY,PENDING
I0004552,C000385,2026-03-23,CALL,PAYMENT_REMINDER,PENDING
I0004553,C000870,2025-06-26,SMS,GENERAL_QUERY,ESCALATED
I0004554,C000030,2025-02-15,APP,LOAN_QUERY,PENDING
I0004555,C000065,2026-05-15,EMAIL,COMPLAINT,RESOLVED
I0004556,C000446,2025-09-07,SMS,LOAN_QUERY,RESOLVED
I0004557,C000386,2026-01-13,SMS,COLLECTION,RESOLVED
I0004558,C000953,2025-02-18,APP,COLLECTION,ESCALATED
I0004559,C000094,2026-03-09,BRANCH,PAYMENT_REMINDER,RESOLVED
I0004560,C000467,2025-02-04,SMS,LOAN_QUERY,PENDING
I0004561,C000033,2024-12-23,CALL,LOAN_QUERY,PENDING
I0004562,C000299,2026-06-28,EMAIL,GENERAL_QUERY,RESOLVED
I0004563,C000410,2024-11-23,SMS,COLLECTION,PENDING
I0004564,C000325,2025-12-10,CALL,COLLECTION,RESOLVED
I0004565,C000380,2024-11-13,CALL,PAYMENT_REMINDER,ESCALATED
I0004566,C000934,2026-04-29,SMS,PAYMENT_REMINDER,ESCALATED
I0004567,C000939,2025-04-04,APP,COMPLAINT,ESCALATED
I0004568,C000434,2025-03-24,APP,GENERAL_QUERY,PENDING
I0004569,C000437,2026-01-13,EMAIL,GENERAL_QUERY,RESOLVED
I0004570,C000188,2026-03-16,SMS,COMPLAINT,PENDING
I0004571,C000137,2024-09-26,CALL,LOAN_QUERY,RESOLVED
I0004572,C000506,2025-09-07,BRANCH,LOAN_QUERY,PENDING
I0004573,C000421,2024-10-02,SMS,GENERAL_QUERY,ESCALATED
I0004574,C000509,2025-06-24,EMAIL,LOAN_QUERY,ESCALATED
I0004575,C000440,2026-03-08,EMAIL,PAYMENT_REMINDER,RESOLVED
I0004576,C000148,2025-04-24,BRANCH,PAYMENT_REMINDER,RESOLVED
I0004577,C000056,2025-09-22,APP,LOAN_QUERY,PENDING
I0004578,C000811,2026-02-19,APP,COLLECTION,PENDING
I0004579,C000902,2025-03-23,EMAIL,COLLECTION,ESCALATED
I0004580,C000702,2025-08-09,BRANCH,COMPLAINT,ESCALATED
I0004581,C000220,2024-10-24,CALL,LOAN_QUERY,ESCALATED
I0004582,C000585,2026-05-01,EMAIL,LOAN_QUERY,ESCALATED
I0004583,C000561,2024-12-13,SMS,LOAN_QUERY,RESOLVED
I0004584,C000189,2025-06-02,SMS,COLLECTION,ESCALATED
I0004585,C000858,2025-10-03,SMS,COMPLAINT,ESCALATED
I0004586,C000063,2026-05-21,BRANCH,LOAN_QUERY,ESCALATED
I0004587,C000650,2026-01-26,EMAIL,COLLECTION,PENDING
I0004588,C000402,2025-12-15,BRANCH,PAYMENT_REMINDER,PENDING
I0004589,C000641,2024-12-13,SMS,COLLECTION,RESOLVED
I0004590,C000866,2024-11-19,BRANCH,COLLECTION,ESCALATED
I0004591,C000739,2026-08-22,CALL,COMPLAINT,PENDING
I0004592,C000636,2025-05-29,SMS,GENERAL_QUERY,RESOLVED
I0004593,C000856,2024-10-14,EMAIL,COLLECTION,PENDING
I0004594,C000694,2026-04-17,CALL,COMPLAINT,PENDING
I0004595,C000365,2026-03-15,SMS,PAYMENT_REMINDER,ESCALATED
I0004596,C000717,2024-11-29,CALL,COMPLAINT,RESOLVED
I0004597,C000351,2024-10-20,SMS,LOAN_QUERY,PENDING
I0004598,C000400,2024-11-08,APP,COMPLAINT,PENDING
I0004599,C000387,2025-07-21,SMS,COLLECTION,ESCALATED
I0004600,C000819,2026-03-20,APP,LOAN_QUERY,RESOLVED
I0004601,C000329,2026-06-21,EMAIL,COMPLAINT,PENDING
I0004602,C000684,2026-08-23,CALL,GENERAL_QUERY,PENDING
I0004603,C000327,2025-01-11,APP,COMPLAINT,RESOLVED
I0004604,C000043,2025-08-07,APP,COMPLAINT,ESCALATED
I0004605,C000040,2024-09-22,APP,COMPLAINT,RESOLVED
I0004606,C000144,2024-10-09,APP,COMPLAINT,ESCALATED
I0004607,C000388,2025-10-12,BRANCH,GENERAL_QUERY,RESOLVED
I0004608,C000136,2024-10-11,BRANCH,COLLECTION,PENDING
I0004609,C000196,2024-12-29,EMAIL,COLLECTION,RESOLVED
I0004610,C000787,2025-07-24,APP,LOAN_QUERY,PENDING
I0004611,C000943,2025-06-13,BRANCH,PAYMENT_REMINDER,PENDING
I0004612,C000365,2025-11-25,CALL,PAYMENT_REMINDER,ESCALATED
I0004613,C000985,2025-12-04,SMS,GENERAL_QUERY,PENDING
I0004614,C000419,2026-03-27,CALL,COLLECTION,PENDING
I0004615,C000090,2025-02-25,APP,COLLECTION,RESOLVED
I0004616,C000215,2026-02-17,BRANCH,LOAN_QUERY,PENDING
I0004617,C000706,2025-04-07,CALL,COLLECTION,ESCALATED
I0004618,C000654,2026-07-04,SMS,GENERAL_QUERY,ESCALATED
I0004619,C000520,2025-09-15,SMS,LOAN_QUERY,PENDING
I0004620,C000713,2026-08-23,SMS,LOAN_QUERY,RESOLVED
I0004621,C000785,2025-06-04,BRANCH,COMPLAINT,RESOLVED
I0004622,C000510,2025-12-24,CALL,PAYMENT_REMINDER,RESOLVED
I0004623,C000504,2025-09-04,APP,PAYMENT_REMINDER,ESCALATED
I0004624,C000196,2026-07-18,EMAIL,COLLECTION,PENDING
I0004625,C000562,2025-11-22,SMS,COLLECTION,ESCALATED
I0004626,C000911,2026-08-30,SMS,LOAN_QUERY,RESOLVED
I0004627,C000182,2026-07-11,CALL,LOAN_QUERY,RESOLVED
I0004628,C000358,2025-02-20,SMS,COLLECTION,PENDING
I0004629,C000707,2025-03-06,BRANCH,LOAN_QUERY,RESOLVED
I0004630,C000256,2025-05-21,EMAIL,COLLECTION,RESOLVED
I0004631,C000774,2025-04-28,BRANCH,COLLECTION,ESCALATED
I0004632,C000390,2025-10-15,APP,COMPLAINT,RESOLVED
I0004633,C000283,2025-10-09,BRANCH,GENERAL_QUERY,ESCALATED
I0004634,C000553,2026-03-24,CALL,PAYMENT_REMINDER,PENDING
I0004635,C000600,2025-02-23,BRANCH,PAYMENT_REMINDER,PENDING
I0004636,C000211,2025-06-21,APP,PAYMENT_REMINDER,ESCALATED
I0004637,C000442,2025-10-03,SMS,LOAN_QUERY,RESOLVED
I0004638,C000441,2026-08-11,BRANCH,PAYMENT_REMINDER,ESCALATED
I0004639,C000728,2024-11-24,CALL,COLLECTION,ESCALATED
I0004640,C000423,2025-12-26,EMAIL,GENERAL_QUERY,RESOLVED
I0004641,C000071,2025-02-08,APP,COLLECTION,ESCALATED
I0004642,C000456,2024-12-08,BRANCH,COMPLAINT,RESOLVED
I0004643,C000331,2025-04-24,SMS,LOAN_QUERY,PENDING
I0004644,C000951,2025-12-03,SMS,GENERAL_QUERY,RESOLVED
I0004645,C000667,2025-07-25,APP,GENERAL_QUERY,ESCALATED
I0004646,C000922,2025-09-17,APP,PAYMENT_REMINDER,PENDING
I0004647,C000029,2025-12-02,SMS,COMPLAINT,RESOLVED
I0004648,C000225,2024-11-25,CALL,COLLECTION,RESOLVED
I0004649,C000860,2026-06-13,APP,LOAN_QUERY,PENDING
I0004650,C000153,2025-03-30,BRANCH,PAYMENT_REMINDER,RESOLVED
I0004651,C000189,2025-07-11,SMS,COLLECTION,PENDING
I0004652,C000046,2025-03-23,CALL,COMPLAINT,PENDING
I0004653,C000641,2026-08-13,BRANCH,PAYMENT_REMINDER,ESCALATED
I0004654,C000073,2026-03-22,EMAIL,PAYMENT_REMINDER,PENDING
I0004655,C000460,2025-10-13,EMAIL,COMPLAINT,PENDING
I0004656,C000442,2026-09-03,BRANCH,PAYMENT_REMINDER,RESOLVED
I0004657,C000845,2025-08-02,BRANCH,COLLECTION,PENDING
I0004658,C000768,2026-01-21,SMS,PAYMENT_REMINDER,ESCALATED
I0004659,C000204,2025-07-13,BRANCH,GENERAL_QUERY,ESCALATED
I0004660,C000962,2026-07-10,SMS,GENERAL_QUERY,PENDING
I0004661,C000295,2025-04-24,SMS,COLLECTION,ESCALATED
I0004662,C000599,2026-02-25,EMAIL,COMPLAINT,PENDING
I0004663,C000039,2026-06-24,APP,LOAN_QUERY,RESOLVED
I0004664,C000971,2025-03-21,SMS,COLLECTION,ESCALATED
I0004665,C000986,2026-06-08,BRANCH,COLLECTION,PENDING
I0004666,C000843,2025-01-14,SMS,GENERAL_QUERY,ESCALATED
I0004667,C000887,2024-10-03,CALL,PAYMENT_REMINDER,RESOLVED
I0004668,C000379,2026-07-28,EMAIL,PAYMENT_REMINDER,ESCALATED
I0004669,C000913,2025-02-24,APP,GENERAL_QUERY,PENDING
I0004670,C000230,2024-11-26,SMS,GENERAL_QUERY,PENDING
I0004671,C000079,2025-10-05,EMAIL,PAYMENT_REMINDER,ESCALATED
I0004672,C000385,2026-03-08,BRANCH,COMPLAINT,ESCALATED
I0004673,C000791,2025-01-01,APP,COMPLAINT,ESCALATED
I0004674,C000307,2026-06-12,BRANCH,LOAN_QUERY,ESCALATED
I0004675,C000458,2026-02-08,BRANCH,COMPLAINT,RESOLVED
I0004676,C000124,2025-07-29,EMAIL,LOAN_QUERY,PENDING
I0004677,C000197,2025-08-10,CALL,LOAN_QUERY,ESCALATED
I0004678,C000684,2025-06-26,EMAIL,COMPLAINT,RESOLVED
I0004679,C000555,2025-01-07,BRANCH,PAYMENT_REMINDER,RESOLVED
I0004680,C000803,2026-05-13,BRANCH,COMPLAINT,RESOLVED
I0004681,C000207,2025-10-23,BRANCH,COLLECTION,PENDING
I0004682,C000772,2025-01-04,APP,COMPLAINT,PENDING
I0004683,C000496,2025-05-15,SMS,LOAN_QUERY,ESCALATED
I0004684,C000966,2025-07-18,CALL,GENERAL_QUERY,ESCALATED
I0004685,C000367,2025-11-08,APP,PAYMENT_REMINDER,RESOLVED
I0004686,C000123,2025-06-01,APP,COMPLAINT,PENDING
I0004687,C000093,2025-04-08,APP,COLLECTION,RESOLVED
I0004688,C000803,2026-07-14,EMAIL,LOAN_QUERY,PENDING
I0004689,C000598,2026-08-07,BRANCH,GENERAL_QUERY,RESOLVED
I0004690,C000700,2025-12-20,BRANCH,LOAN_QUERY,ESCALATED
I0004691,C000769,2026-08-17,APP,COMPLAINT,ESCALATED
I0004692,C000792,2025-01-23,CALL,PAYMENT_REMINDER,PENDING
I0004693,C000656,2026-03-29,EMAIL,LOAN_QUERY,PENDING
I0004694,C000972,2025-10-07,CALL,LOAN_QUERY,PENDING
I0004695,C000100,2026-02-18,BRANCH,COMPLAINT,ESCALATED
I0004696,C000329,2024-12-24,CALL,COMPLAINT,RESOLVED
I0004697,C000785,2025-04-29,EMAIL,COMPLAINT,PENDING
I0004698,C000932,2024-09-18,CALL,GENERAL_QUERY,RESOLVED
I0004699,C000474,2024-10-16,APP,COLLECTION,RESOLVED
I0004700,C000159,2026-06-07,APP,PAYMENT_REMINDER,ESCALATED
I0004701,C000085,2024-10-12,SMS,COMPLAINT,PENDING
I0004702,C000279,2026-03-05,EMAIL,PAYMENT_REMINDER,PENDING
I0004703,C000163,2026-07-31,CALL,COLLECTION,ESCALATED
I0004704,C000758,2026-04-09,APP,LOAN_QUERY,ESCALATED
I0004705,C000498,2026-02-22,BRANCH,PAYMENT_REMINDER,RESOLVED
I0004706,C000388,2026-02-08,BRANCH,COLLECTION,ESCALATED
I0004707,C000244,2025-01-03,SMS,COLLECTION,RESOLVED
I0004708,C000379,2024-10-02,SMS,PAYMENT_REMINDER,PENDING
I0004709,C000543,2025-11-14,CALL,GENERAL_QUERY,PENDING
I0004710,C000089,2025-07-16,EMAIL,LOAN_QUERY,ESCALATED
I0004711,C000669,2026-02-13,EMAIL,PAYMENT_REMINDER,PENDING
I0004712,C000102,2024-10-24,SMS,PAYMENT_REMINDER,RESOLVED
I0004713,C000762,2024-11-22,EMAIL,COMPLAINT,ESCALATED
I0004714,C000234,2025-05-10,BRANCH,COMPLAINT,PENDING
I0004715,C000621,2026-02-15,APP,GENERAL_QUERY,ESCALATED
I0004716,C000846,2026-04-18,APP,PAYMENT_REMINDER,RESOLVED
I0004717,C000963,2025-07-05,EMAIL,LOAN_QUERY,RESOLVED
I0004718,C000350,2026-05-22,EMAIL,LOAN_QUERY,PENDING
I0004719,C000141,2024-09-29,CALL,PAYMENT_REMINDER,PENDING
I0004720,C000613,2025-05-22,EMAIL,LOAN_QUERY,ESCALATED
I0004721,C000371,2024-11-21,CALL,COMPLAINT,ESCALATED
I0004722,C000046,2025-12-17,SMS,COMPLAINT,RESOLVED
I0004723,C000872,2024-10-04,CALL,LOAN_QUERY,PENDING
I0004724,C000972,2025-11-24,BRANCH,GENERAL_QUERY,PENDING
I0004725,C000394,2026-05-03,CALL,PAYMENT_REMINDER,ESCALATED
I0004726,C000112,2025-06-05,SMS,PAYMENT_REMINDER,PENDING
I0004727,C000172,2025-04-21,EMAIL,GENERAL_QUERY,ESCALATED
I0004728,C000840,2025-02-24,CALL,COMPLAINT,RESOLVED
I0004729,C000111,2026-06-17,CALL,COLLECTION,PENDING
I0004730,C000554,2025-01-05,APP,GENERAL_QUERY,ESCALATED
I0004731,C000854,2025-10-05,EMAIL,GENERAL_QUERY,RESOLVED
I0004732,C000095,2026-07-29,BRANCH,LOAN_QUERY,PENDING
I0004733,C000421,2024-12-13,CALL,COMPLAINT,RESOLVED
I0004734,C000400,2025-07-24,EMAIL,PAYMENT_REMINDER,RESOLVED
I0004735,C000977,2026-02-04,SMS,GENERAL_QUERY,RESOLVED
I0004736,C000816,2025-02-20,EMAIL,COLLECTION,PENDING
I0004737,C000933,2026-04-05,EMAIL,LOAN_QUERY,PENDING
I0004738,C000571,2024-10-30,APP,PAYMENT_REMINDER,ESCALATED
I0004739,C000018,2026-07-30,EMAIL,LOAN_QUERY,RESOLVED
I0004740,C000742,2026-01-29,CALL,GENERAL_QUERY,PENDING
I0004741,C000710,2026-03-10,CALL,GENERAL_QUERY,RESOLVED
I0004742,C000054,2026-04-02,APP,COLLECTION,PENDING
I0004743,C000241,2025-02-16,APP,PAYMENT_REMINDER,ESCALATED
I0004744,C000795,2025-03-17,BRANCH,COMPLAINT,PENDING
I0004745,C000505,2025-05-22,APP,PAYMENT_REMINDER,PENDING
I0004746,C000626,2026-08-14,SMS,LOAN_QUERY,ESCALATED
I0004747,C000743,2025-08-08,EMAIL,LOAN_QUERY,PENDING
I0004748,C000597,2026-07-04,EMAIL,PAYMENT_REMINDER,PENDING
I0004749,C000643,2026-02-07,BRANCH,PAYMENT_REMINDER,RESOLVED
I0004750,C000889,2026-08-23,EMAIL,LOAN_QUERY,PENDING
I0004751,C000493,2025-03-03,BRANCH,COMPLAINT,PENDING
I0004752,C000502,2025-07-09,APP,GENERAL_QUERY,ESCALATED
I0004753,C000619,2025-12-24,EMAIL,GENERAL_QUERY,RESOLVED
I0004754,C000593,2026-03-23,APP,COMPLAINT,PENDING
I0004755,C000133,2026-05-01,CALL,LOAN_QUERY,PENDING
I0004756,C000569,2026-06-24,CALL,LOAN_QUERY,ESCALATED
I0004757,C000023,2026-08-13,SMS,COLLECTION,PENDING
I0004758,C000829,2025-02-18,APP,GENERAL_QUERY,ESCALATED
I0004759,C000836,2026-06-08,CALL,COLLECTION,PENDING
I0004760,C000550,2024-09-25,APP,COMPLAINT,RESOLVED
I0004761,C000757,2024-11-24,BRANCH,COLLECTION,PENDING
I0004762,C000736,2026-08-21,BRANCH,COLLECTION,ESCALATED
I0004763,C000888,2024-10-31,EMAIL,COLLECTION,RESOLVED
I0004764,C000219,2024-10-30,BRANCH,COLLECTION,RESOLVED
I0004765,C000770,2026-03-31,APP,COMPLAINT,ESCALATED
I0004766,C000514,2024-10-15,APP,COLLECTION,ESCALATED
I0004767,C000066,2025-12-17,SMS,GENERAL_QUERY,RESOLVED
I0004768,C000565,2024-10-26,CALL,LOAN_QUERY,RESOLVED
I0004769,C000539,2025-10-29,EMAIL,COMPLAINT,RESOLVED
I0004770,C000096,2026-06-15,CALL,PAYMENT_REMINDER,PENDING
I0004771,C000593,2025-12-22,APP,PAYMENT_REMINDER,RESOLVED
I0004772,C000005,2025-12-17,SMS,GENERAL_QUERY,ESCALATED
I0004773,C000939,2025-03-17,CALL,LOAN_QUERY,ESCALATED
I0004774,C000364,2024-11-06,APP,LOAN_QUERY,RESOLVED
I0004775,C000672,2025-11-19,CALL,LOAN_QUERY,ESCALATED
I0004776,C000132,2025-08-26,BRANCH,LOAN_QUERY,ESCALATED
I0004777,C000261,2025-10-25,SMS,COLLECTION,RESOLVED
I0004778,C000394,2024-12-13,EMAIL,COMPLAINT,ESCALATED
I0004779,C000485,2026-04-03,EMAIL,COMPLAINT,ESCALATED
I0004780,C000915,2024-09-18,EMAIL,GENERAL_QUERY,ESCALATED
I0004781,C000683,2026-06-06,CALL,PAYMENT_REMINDER,PENDING
I0004782,C000814,2026-09-16,CALL,GENERAL_QUERY,PENDING
I0004783,C000864,2025-05-14,EMAIL,COLLECTION,PENDING
I0004784,C000637,2026-07-11,CALL,PAYMENT_REMINDER,RESOLVED
I0004785,C000857,2026-06-17,CALL,PAYMENT_REMINDER,PENDING
I0004786,C000725,2025-11-02,SMS,PAYMENT_REMINDER,ESCALATED
I0004787,C000260,2024-10-20,SMS,PAYMENT_REMINDER,RESOLVED
I0004788,C000285,2025-01-28,APP,GENERAL_QUERY,ESCALATED
I0004789,C000961,2025-10-30,BRANCH,LOAN_QUERY,RESOLVED
I0004790,C000654,2026-01-28,CALL,COLLECTION,ESCALATED
I0004791,C000017,2025-03-14,CALL,GENERAL_QUERY,ESCALATED
I0004792,C000242,2025-06-03,CALL,COMPLAINT,RESOLVED
I0004793,C000061,2026-03-12,APP,COLLECTION,RESOLVED
I0004794,C000959,2025-04-20,CALL,COMPLAINT,ESCALATED
I0004795,C000404,2024-11-05,APP,LOAN_QUERY,RESOLVED
I0004796,C000620,2025-06-03,APP,COLLECTION,RESOLVED
I0004797,C000392,2025-11-12,EMAIL,PAYMENT_REMINDER,PENDING
I0004798,C000710,2026-08-01,EMAIL,COMPLAINT,PENDING
I0004799,C000601,2025-12-26,CALL,COLLECTION,PENDING
I0004800,C000978,2026-04-26,CALL,PAYMENT_REMINDER,ESCALATED
I0004801,C000103,2025-02-02,BRANCH,GENERAL_QUERY,ESCALATED
I0004802,C000430,2026-01-14,SMS,PAYMENT_REMINDER,PENDING
I0004803,C000733,2026-02-28,CALL,COLLECTION,ESCALATED
I0004804,C000603,2024-10-25,SMS,GENERAL_QUERY,ESCALATED
I0004805,C000294,2026-01-11,SMS,GENERAL_QUERY,ESCALATED
I0004806,C000855,2026-04-13,CALL,PAYMENT_REMINDER,ESCALATED
I0004807,C000743,2025-03-13,EMAIL,COMPLAINT,RESOLVED
I0004808,C000304,2024-10-24,CALL,COMPLAINT,RESOLVED
I0004809,C000393,2026-09-03,EMAIL,COLLECTION,RESOLVED
I0004810,C000150,2025-04-07,CALL,COMPLAINT,ESCALATED
I0004811,C000800,2026-03-18,EMAIL,COLLECTION,RESOLVED
I0004812,C000060,2025-03-06,APP,LOAN_QUERY,RESOLVED
I0004813,C000078,2026-01-20,EMAIL,COMPLAINT,ESCALATED
I0004814,C000146,2025-08-26,APP,GENERAL_QUERY,RESOLVED
I0004815,C000603,2025-08-06,SMS,GENERAL_QUERY,RESOLVED
I0004816,C000674,2025-08-11,BRANCH,LOAN_QUERY,ESCALATED
I0004817,C000353,2024-11-23,SMS,GENERAL_QUERY,RESOLVED
I0004818,C000125,2025-03-23,APP,LOAN_QUERY,ESCALATED
I0004819,C000462,2026-05-07,CALL,GENERAL_QUERY,PENDING
I0004820,C000283,2025-08-06,EMAIL,GENERAL_QUERY,ESCALATED
I0004821,C000989,2025-07-18,BRANCH,LOAN_QUERY,RESOLVED
I0004822,C000693,2025-01-26,APP,GENERAL_QUERY,ESCALATED
I0004823,C000417,2025-11-04,EMAIL,COMPLAINT,RESOLVED
I0004824,C000363,2026-08-28,EMAIL,GENERAL_QUERY,PENDING
I0004825,C000694,2026-01-28,APP,PAYMENT_REMINDER,RESOLVED
I0004826,C000255,2024-10-05,EMAIL,COMPLAINT,ESCALATED
I0004827,C000608,2025-10-18,SMS,PAYMENT_REMINDER,PENDING
I0004828,C000374,2026-05-21,SMS,GENERAL_QUERY,ESCALATED
I0004829,C000512,2026-06-07,BRANCH,GENERAL_QUERY,PENDING
I0004830,C000974,2024-11-18,CALL,GENERAL_QUERY,RESOLVED
I0004831,C000479,2025-01-02,BRANCH,GENERAL_QUERY,ESCALATED
I0004832,C000221,2024-12-31,SMS,LOAN_QUERY,RESOLVED
I0004833,C000705,2026-02-21,APP,PAYMENT_REMINDER,RESOLVED
I0004834,C000061,2026-01-22,EMAIL,GENERAL_QUERY,PENDING
I0004835,C000942,2025-08-15,SMS,GENERAL_QUERY,PENDING
I0004836,C000344,2025-10-24,SMS,PAYMENT_REMINDER,PENDING
I0004837,C000094,2024-11-06,APP,LOAN_QUERY,RESOLVED
I0004838,C000334,2025-06-13,CALL,PAYMENT_REMINDER,ESCALATED
I0004839,C000523,2026-07-10,SMS,COLLECTION,RESOLVED
I0004840,C000605,2026-07-20,EMAIL,COLLECTION,RESOLVED
I0004841,C000428,2026-04-30,SMS,PAYMENT_REMINDER,RESOLVED
I0004842,C000195,2025-12-04,CALL,COLLECTION,RESOLVED
I0004843,C000393,2025-05-09,EMAIL,COLLECTION,RESOLVED
I0004844,C000823,2026-05-14,SMS,LOAN_QUERY,PENDING
I0004845,C000700,2025-09-07,SMS,COMPLAINT,PENDING
I0004846,C000329,2026-08-11,BRANCH,GENERAL_QUERY,RESOLVED
I0004847,C000461,2026-03-11,CALL,COLLECTION,ESCALATED
I0004848,C000888,2025-04-03,CALL,GENERAL_QUERY,PENDING
I0004849,C000449,2026-05-06,APP,COMPLAINT,ESCALATED
I0004850,C000493,2025-09-06,CALL,COMPLAINT,ESCALATED
I0004851,C000969,2026-07-05,SMS,PAYMENT_REMINDER,PENDING
I0004852,C000318,2024-09-18,BRANCH,COMPLAINT,PENDING
I0004853,C000607,2026-07-25,BRANCH,COMPLAINT,RESOLVED
I0004854,C000834,2025-06-12,SMS,GENERAL_QUERY,RESOLVED
I0004855,C000954,2026-08-24,BRANCH,COLLECTION,RESOLVED
I0004856,C000409,2026-03-27,EMAIL,PAYMENT_REMINDER,RESOLVED
I0004857,C000020,2025-03-06,EMAIL,COLLECTION,ESCALATED
I0004858,C000630,2024-11-12,EMAIL,COMPLAINT,ESCALATED
I0004859,C000460,2026-06-21,EMAIL,COLLECTION,PENDING
I0004860,C000750,2026-07-18,SMS,COMPLAINT,PENDING
I0004861,C000328,2024-11-23,CALL,GENERAL_QUERY,PENDING
I0004862,C000411,2024-10-14,EMAIL,COLLECTION,ESCALATED
I0004863,C000146,2025-06-13,APP,LOAN_QUERY,ESCALATED
I0004864,C000581,2026-02-26,CALL,LOAN_QUERY,ESCALATED
I0004865,C000815,2025-11-16,BRANCH,COLLECTION,ESCALATED
I0004866,C000477,2025-02-27,SMS,COMPLAINT,RESOLVED
I0004867,C000506,2026-02-21,CALL,PAYMENT_REMINDER,RESOLVED
I0004868,C000533,2026-05-14,CALL,COMPLAINT,PENDING
I0004869,C000656,2026-04-15,APP,COLLECTION,PENDING
I0004870,C000952,2025-03-24,BRANCH,COLLECTION,RESOLVED
I0004871,C000093,2024-09-22,EMAIL,GENERAL_QUERY,PENDING
I0004872,C000783,2026-07-17,APP,GENERAL_QUERY,PENDING
I0004873,C000978,2026-01-05,SMS,LOAN_QUERY,ESCALATED
I0004874,C000128,2025-08-18,EMAIL,PAYMENT_REMINDER,PENDING
I0004875,C000516,2025-10-07,APP,GENERAL_QUERY,ESCALATED
I0004876,C000037,2026-09-08,APP,COLLECTION,RESOLVED
I0004877,C000113,2025-02-20,APP,GENERAL_QUERY,ESCALATED
I0004878,C000831,2025-12-29,BRANCH,COLLECTION,PENDING
I0004879,C000843,2025-08-29,APP,LOAN_QUERY,PENDING
I0004880,C000907,2026-01-09,APP,COMPLAINT,ESCALATED
I0004881,C000238,2025-10-12,BRANCH,LOAN_QUERY,PENDING
I0004882,C000455,2025-04-29,BRANCH,LOAN_QUERY,RESOLVED
I0004883,C000840,2025-01-02,EMAIL,PAYMENT_REMINDER,PENDING
I0004884,C000266,2024-11-28,EMAIL,GENERAL_QUERY,RESOLVED
I0004885,C000025,2025-11-23,SMS,GENERAL_QUERY,ESCALATED
I0004886,C000556,2025-12-14,SMS,COLLECTION,RESOLVED
I0004887,C000029,2024-12-21,SMS,GENERAL_QUERY,PENDING
I0004888,C000870,2026-04-19,APP,PAYMENT_REMINDER,RESOLVED
I0004889,C000915,2025-05-13,CALL,PAYMENT_REMINDER,ESCALATED
I0004890,C000880,2025-01-02,SMS,COMPLAINT,PENDING
I0004891,C000870,2026-02-16,BRANCH,COMPLAINT,RESOLVED
I0004892,C000333,2025-08-09,EMAIL,COMPLAINT,PENDING
I0004893,C000871,2025-12-31,BRANCH,LOAN_QUERY,PENDING
I0004894,C000348,2025-03-15,APP,COLLECTION,PENDING
I0004895,C000416,2025-09-19,APP,PAYMENT_REMINDER,ESCALATED
I0004896,C000254,2025-07-30,CALL,LOAN_QUERY,RESOLVED
I0004897,C000930,2026-04-08,EMAIL,LOAN_QUERY,ESCALATED
I0004898,C000411,2026-07-18,BRANCH,PAYMENT_REMINDER,PENDING
I0004899,C000497,2025-06-19,APP,COLLECTION,PENDING
I0004900,C000844,2026-02-01,CALL,GENERAL_QUERY,ESCALATED
I0004901,C000884,2024-10-08,EMAIL,LOAN_QUERY,ESCALATED
I0004902,C000266,2026-04-27,EMAIL,COMPLAINT,ESCALATED
I0004903,C000964,2026-04-04,CALL,COLLECTION,ESCALATED
I0004904,C000691,2024-12-05,CALL,COMPLAINT,ESCALATED
I0004905,C000192,2025-07-27,SMS,GENERAL_QUERY,RESOLVED
I0004906,C000140,2026-06-08,EMAIL,LOAN_QUERY,RESOLVED
I0004907,C000199,2025-09-28,EMAIL,LOAN_QUERY,ESCALATED
I0004908,C000954,2025-08-13,EMAIL,GENERAL_QUERY,RESOLVED
I0004909,C000859,2025-09-23,CALL,GENERAL_QUERY,PENDING
I0004910,C000051,2026-03-06,SMS,LOAN_QUERY,PENDING
I0004911,C000954,2026-07-21,APP,COLLECTION,ESCALATED
I0004912,C000115,2024-12-01,EMAIL,LOAN_QUERY,RESOLVED
I0004913,C000980,2025-10-16,APP,COLLECTION,ESCALATED
I0004914,C000994,2025-10-05,CALL,LOAN_QUERY,PENDING
I0004915,C000293,2025-09-22,EMAIL,LOAN_QUERY,PENDING
I0004916,C000438,2025-07-22,APP,LOAN_QUERY,ESCALATED
I0004917,C000601,2026-07-23,APP,PAYMENT_REMINDER,ESCALATED
I0004918,C000866,2026-08-14,BRANCH,PAYMENT_REMINDER,ESCALATED
I0004919,C000530,2024-12-22,APP,COMPLAINT,PENDING
I0004920,C000507,2026-02-09,BRANCH,GENERAL_QUERY,RESOLVED
I0004921,C000576,2025-11-02,BRANCH,COLLECTION,PENDING
I0004922,C000934,2025-11-11,BRANCH,LOAN_QUERY,RESOLVED
I0004923,C000210,2026-06-07,EMAIL,LOAN_QUERY,ESCALATED
I0004924,C000043,2025-03-03,APP,COMPLAINT,ESCALATED
I0004925,C000139,2025-07-30,SMS,GENERAL_QUERY,ESCALATED
I0004926,C000498,2026-09-05,BRANCH,PAYMENT_REMINDER,PENDING
I0004927,C000346,2025-03-18,BRANCH,GENERAL_QUERY,RESOLVED
I0004928,C000111,2025-08-17,EMAIL,COLLECTION,ESCALATED
I0004929,C000901,2025-11-13,CALL,COLLECTION,RESOLVED
I0004930,C000930,2025-10-29,CALL,LOAN_QUERY,ESCALATED
I0004931,C000244,2026-08-20,BRANCH,PAYMENT_REMINDER,RESOLVED
I0004932,C000972,2026-02-14,APP,LOAN_QUERY,RESOLVED
I0004933,C000364,2026-02-15,BRANCH,COMPLAINT,RESOLVED
I0004934,C000017,2025-06-20,EMAIL,PAYMENT_REMINDER,PENDING
I0004935,C000332,2024-10-05,APP,COMPLAINT,ESCALATED
I0004936,C000512,2024-11-23,BRANCH,COMPLAINT,RESOLVED
I0004937,C000518,2026-04-05,SMS,PAYMENT_REMINDER,ESCALATED
I0004938,C000631,2026-02-06,APP,PAYMENT_REMINDER,PENDING
I0004939,C000834,2025-07-20,BRANCH,GENERAL_QUERY,ESCALATED
I0004940,C000670,2026-07-30,SMS,PAYMENT_REMINDER,PENDING
I0004941,C000721,2026-05-11,CALL,LOAN_QUERY,RESOLVED
I0004942,C000458,2026-05-16,APP,GENERAL_QUERY,PENDING
I0004943,C000115,2026-01-26,SMS,COLLECTION,ESCALATED
I0004944,C000415,2025-01-19,EMAIL,PAYMENT_REMINDER,ESCALATED
I0004945,C000511,2025-09-08,SMS,PAYMENT_REMINDER,PENDING
I0004946,C000910,2026-09-03,CALL,GENERAL_QUERY,PENDING
I0004947,C000861,2025-07-24,EMAIL,COLLECTION,PENDING
I0004948,C000154,2025-01-27,CALL,COLLECTION,ESCALATED
I0004949,C000951,2025-12-19,APP,PAYMENT_REMINDER,ESCALATED
I0004950,C000680,2025-01-17,SMS,COMPLAINT,RESOLVED
I0004951,C000723,2025-02-05,EMAIL,PAYMENT_REMINDER,RESOLVED
I0004952,C000161,2025-08-12,EMAIL,COMPLAINT,RESOLVED
I0004953,C000269,2025-08-17,SMS,COMPLAINT,PENDING
I0004954,C000894,2025-08-19,APP,COLLECTION,ESCALATED
I0004955,C000809,2025-08-26,SMS,LOAN_QUERY,ESCALATED
I0004956,C000685,2025-10-20,BRANCH,LOAN_QUERY,RESOLVED
I0004957,C000621,2026-06-23,SMS,GENERAL_QUERY,RESOLVED
I0004958,C000834,2026-03-06,CALL,GENERAL_QUERY,ESCALATED
I0004959,C000421,2025-10-20,SMS,LOAN_QUERY,RESOLVED
I0004960,C000591,2024-09-24,APP,LOAN_QUERY,RESOLVED
I0004961,C000650,2025-12-02,SMS,COLLECTION,PENDING
I0004962,C000168,2026-03-13,EMAIL,COLLECTION,PENDING
I0004963,C000343,2026-03-04,BRANCH,PAYMENT_REMINDER,PENDING
I0004964,C000124,2025-02-14,CALL,PAYMENT_REMINDER,PENDING
I0004965,C000455,2025-08-29,CALL,PAYMENT_REMINDER,ESCALATED
I0004966,C000376,2026-01-28,CALL,LOAN_QUERY,ESCALATED
I0004967,C000283,2025-07-21,CALL,LOAN_QUERY,RESOLVED
I0004968,C000205,2024-11-21,EMAIL,LOAN_QUERY,ESCALATED
I0004969,C000616,2025-07-19,EMAIL,LOAN_QUERY,PENDING
I0004970,C000920,2026-06-12,SMS,LOAN_QUERY,RESOLVED
I0004971,C000513,2025-05-26,BRANCH,COMPLAINT,PENDING
I0004972,C000744,2025-01-25,EMAIL,GENERAL_QUERY,ESCALATED
I0004973,C000801,2025-02-08,SMS,GENERAL_QUERY,RESOLVED
I0004974,C000488,2025-11-17,EMAIL,GENERAL_QUERY,PENDING
I0004975,C000743,2026-08-29,SMS,PAYMENT_REMINDER,RESOLVED
I0004976,C000187,2026-01-26,CALL,GENERAL_QUERY,RESOLVED
I0004977,C000630,2025-12-27,APP,LOAN_QUERY,PENDING
I0004978,C000868,2026-02-23,SMS,COLLECTION,PENDING
I0004979,C000254,2026-08-09,EMAIL,LOAN_QUERY,RESOLVED
I0004980,C000483,2026-03-24,APP,GENERAL_QUERY,RESOLVED
I0004981,C000693,2025-11-07,SMS,COLLECTION,PENDING
I0004982,C000694,2026-01-02,EMAIL,COLLECTION,PENDING
I0004983,C000460,2024-09-16,CALL,COLLECTION,ESCALATED
I0004984,C000914,2025-09-11,BRANCH,PAYMENT_REMINDER,PENDING
I0004985,C000823,2025-04-30,APP,LOAN_QUERY,ESCALATED
I0004986,C000594,2025-12-11,CALL,PAYMENT_REMINDER,PENDING
I0004987,C000178,2025-12-13,CALL,COMPLAINT,ESCALATED
I0004988,C000526,2025-03-22,CALL,GENERAL_QUERY,RESOLVED
I0004989,C000637,2026-06-05,CALL,COLLECTION,RESOLVED
I0004990,C000750,2025-05-20,BRANCH,COMPLAINT,RESOLVED
I0004991,C000593,2025-11-29,SMS,COLLECTION,ESCALATED
I0004992,C000786,2025-11-05,APP,COMPLAINT,ESCALATED
I0004993,C000518,2024-12-07,CALL,COMPLAINT,ESCALATED
I0004994,C000892,2024-12-30,EMAIL,LOAN_QUERY,RESOLVED
I0004995,C000913,2025-05-25,APP,LOAN_QUERY,ESCALATED
I0004996,C000150,2025-06-08,EMAIL,COMPLAINT,RESOLVED
I0004997,C000824,2026-01-12,SMS,LOAN_QUERY,ESCALATED
I0004998,C000576,2025-09-21,SMS,COLLECTION,PENDING
I0004999,C000150,2025-09-24,CALL,PAYMENT_REMINDER,PENDING
I0005000,C000955,2025-09-12,EMAIL,COLLECTION,RESOLVED
