loan_id,customer_id,product_id,branch_id,application_date,approval_date,disbursement_date,loan_amount,interest_rate,tenure_months,loan_status
L0000001,C000522,LP003,BR010,2023-11-28,2023-12-05,2023-12-10,4618372,8.5,51,ACTIVE
L0000002,C000185,LP002,BR005,2022-06-23,2022-06-29,2022-06-30,996754,10.5,23,ACTIVE
L0000003,C000142,LP005,BR001,2024-02-18,2024-02-28,2024-03-03,229374,12.0,15,ACTIVE
L0000004,C000078,LP001,BR008,2021-12-10,2021-12-14,2021-12-16,384595,14.5,30,ACTIVE
L0000005,C000773,LP003,BR002,2024-12-30,2025-01-07,2025-01-08,3086655,8.5,212,ACTIVE
L0000006,C000374,LP004,BR002,2022-02-17,2022-02-25,2022-03-01,1976694,16.0,96,ACTIVE
L0000007,C000458,LP002,BR010,2023-02-04,2023-02-06,2023-02-11,912703,10.5,35,ACTIVE
L0000008,C000751,LP002,BR006,2026-07-29,2026-08-05,2026-08-08,491292,10.5,69,ACTIVE
L0000009,C000223,LP005,BR001,2023-07-13,2023-07-18,2023-07-22,507648,12.0,20,CLOSED
L0000010,C000351,LP001,BR010,2023-08-04,2023-08-09,2023-08-14,82316,14.5,21,ACTIVE
L0000011,C000823,LP003,BR004,2023-08-16,2023-08-18,2023-08-21,3972771,8.5,205,DEFAULT
L0000012,C000837,LP002,BR005,2023-06-20,2023-06-24,2023-06-29,227892,10.5,61,DEFAULT
L0000013,C000321,LP002,BR003,2023-12-31,2024-01-07,2024-01-12,1095778,10.5,42,ACTIVE
L0000014,C000344,LP004,BR007,2025-03-11,2025-03-16,2025-03-17,927964,16.0,103,ACTIVE
L0000015,C000554,LP003,BR005,2026-01-27,2026-02-05,2026-02-10,4835378,8.5,216,DEFAULT
L0000016,C000609,LP001,BR001,2021-11-17,2021-11-27,2021-11-29,113062,14.5,60,ACTIVE
L0000017,C000489,LP002,BR005,2021-10-13,2021-10-16,2021-10-18,544365,10.5,36,CLOSED
L0000018,C000442,LP001,BR010,2025-09-27,2025-09-28,2025-10-02,91087,14.5,55,ACTIVE
L0000019,C000281,LP003,BR006,2022-11-01,2022-11-05,2022-11-07,2663307,8.5,93,ACTIVE
L0000020,C000562,LP003,BR003,2023-03-08,2023-03-10,2023-03-14,3833255,8.5,153,ACTIVE
L0000021,C000315,LP003,BR004,2021-10-12,2021-10-17,2021-10-22,4343300,8.5,235,ACTIVE
L0000022,C000409,LP002,BR008,2023-08-12,2023-08-22,2023-08-27,1195891,10.5,65,ACTIVE
L0000023,C000404,LP004,BR009,2023-11-09,2023-11-16,2023-11-18,410797,16.0,84,DEFAULT
L0000024,C000488,LP002,BR010,2024-04-22,2024-05-02,2024-05-03,321532,10.5,84,ACTIVE
L0000025,C000771,LP002,BR008,2024-01-19,2024-01-24,2024-01-29,821145,10.5,64,ACTIVE
L0000026,C000540,LP004,BR005,2025-04-24,2025-05-01,2025-05-05,1299619,16.0,89,ACTIVE
L0000027,C000589,LP004,BR001,2024-11-28,2024-11-29,2024-12-01,677585,16.0,63,CLOSED
L0000028,C000506,LP004,BR002,2024-09-03,2024-09-13,2024-09-18,1527768,16.0,100,ACTIVE
L0000029,C000622,LP003,BR001,2025-08-12,2025-08-13,2025-08-17,3280773,8.5,188,CLOSED
L0000030,C000598,LP003,BR009,2023-11-07,2023-11-08,2023-11-12,2753048,8.5,107,ACTIVE
L0000031,C000532,LP005,BR001,2023-07-25,2023-07-31,2023-08-03,346053,12.0,20,ACTIVE
L0000032,C000147,LP004,BR004,2025-09-04,2025-09-06,2025-09-08,381826,16.0,50,ACTIVE
L0000033,C000989,LP004,BR002,2024-04-11,2024-04-17,2024-04-20,1628403,16.0,65,DEFAULT
L0000034,C000146,LP005,BR003,2026-02-19,2026-02-21,2026-02-23,483173,12.0,18,ACTIVE
L0000035,C000785,LP004,BR008,2025-01-31,2025-02-08,2025-02-13,1918627,16.0,59,ACTIVE
L0000036,C000706,LP001,BR002,2022-07-30,2022-08-08,2022-08-10,84402,14.5,31,DEFAULT
L0000037,C000557,LP001,BR010,2021-10-08,2021-10-15,2021-10-17,459215,14.5,45,DEFAULT
L0000038,C000234,LP004,BR007,2026-01-22,2026-01-23,2026-01-25,504254,16.0,118,CLOSED
L0000039,C000026,LP002,BR004,2024-11-21,2024-11-22,2024-11-24,169355,10.5,70,ACTIVE
L0000040,C000421,LP005,BR005,2026-06-26,2026-07-02,2026-07-04,307286,12.0,23,ACTIVE
L0000041,C000091,LP005,BR004,2024-02-11,2024-02-20,2024-02-24,686275,12.0,15,ACTIVE
L0000042,C000045,LP002,BR004,2024-03-31,2024-04-04,2024-04-07,1125060,10.5,69,CLOSED
L0000043,C000668,LP005,BR010,2022-08-17,2022-08-25,2022-08-30,598115,12.0,23,ACTIVE
L0000044,C000839,LP004,BR004,2025-10-21,2025-10-24,2025-10-27,1670685,16.0,118,ACTIVE
L0000045,C000726,LP005,BR003,2022-04-02,2022-04-07,2022-04-08,425343,12.0,13,CLOSED
L0000046,C000433,LP005,BR002,2024-07-26,2024-08-05,2024-08-07,918746,12.0,19,CLOSED
L0000047,C000031,LP005,BR009,2024-01-23,2024-01-27,2024-01-30,703238,12.0,25,DEFAULT
L0000048,C000166,LP002,BR008,2024-06-22,2024-06-23,2024-06-24,1094253,10.5,28,CLOSED
L0000049,C000124,LP004,BR005,2024-01-24,2024-02-03,2024-02-04,569279,16.0,44,DEFAULT
L0000050,C000282,LP003,BR004,2023-12-06,2023-12-11,2023-12-14,4055149,8.5,108,ACTIVE
L0000051,C000724,LP002,BR004,2024-04-01,2024-04-09,2024-04-12,557617,10.5,71,ACTIVE
L0000052,C000454,LP002,BR010,2023-04-24,2023-05-03,2023-05-08,932889,10.5,25,ACTIVE
L0000053,C000040,LP002,BR005,2022-12-25,2023-01-03,2023-01-06,1277460,10.5,48,ACTIVE
L0000054,C000933,LP002,BR002,2026-02-09,2026-02-11,2026-02-15,233876,10.5,55,ACTIVE
L0000055,C000966,LP005,BR008,2023-10-02,2023-10-08,2023-10-11,293832,12.0,32,ACTIVE
L0000056,C000712,LP005,BR002,2022-03-11,2022-03-15,2022-03-17,562421,12.0,36,CLOSED
L0000057,C000378,LP001,BR010,2025-02-22,2025-02-23,2025-02-28,261863,14.5,54,ACTIVE
L0000058,C000299,LP005,BR008,2024-06-04,2024-06-07,2024-06-08,707237,12.0,27,ACTIVE
L0000059,C000150,LP005,BR007,2022-11-24,2022-11-29,2022-12-03,444252,12.0,24,ACTIVE
L0000060,C000403,LP001,BR004,2021-12-04,2021-12-14,2021-12-19,477826,14.5,24,ACTIVE
L0000061,C000952,LP003,BR009,2025-12-09,2025-12-13,2025-12-18,4490756,8.5,183,ACTIVE
L0000062,C000889,LP004,BR003,2024-03-22,2024-03-31,2024-04-03,1872972,16.0,33,DEFAULT
L0000063,C000135,LP005,BR004,2023-12-01,2023-12-04,2023-12-07,122344,12.0,27,CLOSED
L0000064,C000024,LP005,BR003,2025-04-08,2025-04-13,2025-04-18,819977,12.0,17,ACTIVE
L0000065,C000577,LP003,BR009,2025-02-24,2025-02-26,2025-02-28,3480333,8.5,69,ACTIVE
L0000066,C000736,LP003,BR003,2025-01-04,2025-01-11,2025-01-14,3617898,8.5,78,DEFAULT
L0000067,C000490,LP005,BR008,2022-01-03,2022-01-08,2022-01-12,912562,12.0,15,ACTIVE
L0000068,C000550,LP002,BR004,2026-07-29,2026-07-30,2026-08-04,1317004,10.5,21,ACTIVE
L0000069,C000079,LP002,BR003,2023-04-29,2023-05-03,2023-05-08,351272,10.5,60,DEFAULT
L0000070,C000737,LP003,BR008,2024-08-17,2024-08-22,2024-08-26,953504,8.5,234,CLOSED
L0000071,C000771,LP005,BR004,2023-08-07,2023-08-10,2023-08-12,379315,12.0,25,DEFAULT
L0000072,C000166,LP001,BR007,2026-04-04,2026-04-12,2026-04-14,215876,14.5,57,CLOSED
L0000073,C000869,LP004,BR010,2025-10-03,2025-10-05,2025-10-09,797574,16.0,92,CLOSED
L0000074,C000042,LP004,BR006,2024-10-03,2024-10-09,2024-10-10,109884,16.0,69,ACTIVE
L0000075,C000293,LP003,BR008,2026-01-09,2026-01-13,2026-01-15,1829050,8.5,137,ACTIVE
L0000076,C000025,LP005,BR010,2024-04-05,2024-04-08,2024-04-13,474779,12.0,32,ACTIVE
L0000077,C000470,LP001,BR001,2023-02-26,2023-03-05,2023-03-09,300295,14.5,36,ACTIVE
L0000078,C000165,LP005,BR005,2026-06-16,2026-06-17,2026-06-22,229100,12.0,35,ACTIVE
L0000079,C000732,LP004,BR005,2023-04-01,2023-04-02,2023-04-05,1687224,16.0,118,DEFAULT
L0000080,C000602,LP003,BR001,2024-03-16,2024-03-20,2024-03-21,534593,8.5,172,CLOSED
L0000081,C000313,LP005,BR007,2022-07-16,2022-07-20,2022-07-23,347252,12.0,16,ACTIVE
L0000082,C000348,LP004,BR002,2025-09-17,2025-09-24,2025-09-29,1334531,16.0,51,CLOSED
L0000083,C000564,LP003,BR005,2022-10-18,2022-10-20,2022-10-21,3001501,8.5,86,ACTIVE
L0000084,C000899,LP002,BR001,2023-11-28,2023-12-07,2023-12-12,1199154,10.5,55,ACTIVE
L0000085,C000021,LP004,BR009,2026-06-18,2026-06-21,2026-06-24,1990338,16.0,74,ACTIVE
L0000086,C000632,LP003,BR010,2023-04-07,2023-04-11,2023-04-13,3883894,8.5,16,CLOSED
L0000087,C000975,LP005,BR001,2024-07-24,2024-07-28,2024-07-30,241449,12.0,35,ACTIVE
L0000088,C000190,LP001,BR007,2022-06-20,2022-06-30,2022-07-05,138596,14.5,19,ACTIVE
L0000089,C000257,LP004,BR005,2023-08-07,2023-08-08,2023-08-12,1938246,16.0,93,ACTIVE
L0000090,C000472,LP004,BR008,2024-09-23,2024-10-02,2024-10-07,201894,16.0,88,ACTIVE
L0000091,C000201,LP002,BR008,2023-08-10,2023-08-12,2023-08-13,201156,10.5,26,ACTIVE
L0000092,C000031,LP001,BR001,2024-04-27,2024-05-05,2024-05-09,114799,14.5,47,ACTIVE
L0000093,C000234,LP003,BR007,2025-04-14,2025-04-22,2025-04-24,2223816,8.5,189,ACTIVE
L0000094,C000175,LP004,BR008,2024-07-11,2024-07-16,2024-07-20,1487611,16.0,24,DEFAULT
L0000095,C000157,LP001,BR005,2024-11-13,2024-11-18,2024-11-23,367526,14.5,56,CLOSED
L0000096,C000818,LP003,BR004,2023-12-04,2023-12-11,2023-12-12,4791484,8.5,196,DEFAULT
L0000097,C000185,LP002,BR008,2024-03-17,2024-03-19,2024-03-22,339101,10.5,25,ACTIVE
L0000098,C000776,LP001,BR009,2025-08-26,2025-08-30,2025-09-04,154726,14.5,28,DEFAULT
L0000099,C000953,LP004,BR009,2022-09-16,2022-09-20,2022-09-23,1575213,16.0,64,ACTIVE
L0000100,C000704,LP001,BR001,2025-09-16,2025-09-19,2025-09-20,337382,14.5,43,CLOSED
L0000101,C000256,LP004,BR004,2022-03-01,2022-03-09,2022-03-12,591793,16.0,12,ACTIVE
L0000102,C000002,LP001,BR005,2022-04-25,2022-04-27,2022-04-28,487902,14.5,48,ACTIVE
L0000103,C000377,LP003,BR001,2025-09-22,2025-09-25,2025-09-26,4792495,8.5,31,ACTIVE
L0000104,C000939,LP002,BR008,2023-05-13,2023-05-18,2023-05-20,1057876,10.5,49,ACTIVE
L0000105,C000786,LP002,BR009,2025-12-18,2025-12-26,2025-12-27,309314,10.5,34,ACTIVE
L0000106,C000965,LP004,BR006,2022-09-23,2022-09-28,2022-10-01,1781068,16.0,98,ACTIVE
L0000107,C000087,LP002,BR003,2024-12-14,2024-12-21,2024-12-22,299226,10.5,17,ACTIVE
L0000108,C000185,LP002,BR008,2026-03-20,2026-03-23,2026-03-25,789251,10.5,57,ACTIVE
L0000109,C000155,LP002,BR002,2024-03-30,2024-04-09,2024-04-12,294933,10.5,59,ACTIVE
L0000110,C000904,LP001,BR005,2025-03-22,2025-03-25,2025-03-26,260122,14.5,37,ACTIVE
L0000111,C000575,LP003,BR001,2022-03-02,2022-03-07,2022-03-11,4511809,8.5,216,ACTIVE
L0000112,C000697,LP002,BR005,2022-12-28,2022-12-31,2023-01-01,377896,10.5,19,CLOSED
L0000113,C000035,LP002,BR007,2022-11-16,2022-11-18,2022-11-22,1338893,10.5,73,DEFAULT
L0000114,C000545,LP005,BR001,2023-05-31,2023-06-08,2023-06-10,661018,12.0,24,ACTIVE
L0000115,C000720,LP005,BR003,2024-08-15,2024-08-25,2024-08-26,924476,12.0,33,CLOSED
L0000116,C000736,LP001,BR009,2025-03-10,2025-03-18,2025-03-22,109211,14.5,38,ACTIVE
L0000117,C000609,LP003,BR002,2026-07-21,2026-07-22,2026-07-23,2694567,8.5,179,ACTIVE
L0000118,C000034,LP001,BR004,2025-08-07,2025-08-08,2025-08-13,452406,14.5,59,DEFAULT
L0000119,C000892,LP001,BR002,2022-12-04,2022-12-14,2022-12-16,401191,14.5,33,DEFAULT
L0000120,C000004,LP001,BR001,2024-05-25,2024-06-03,2024-06-08,99934,14.5,39,CLOSED
L0000121,C000297,LP002,BR010,2023-03-30,2023-04-07,2023-04-10,1491902,10.5,61,CLOSED
L0000122,C000129,LP003,BR003,2022-05-25,2022-06-03,2022-06-08,957733,8.5,14,CLOSED
L0000123,C000088,LP005,BR005,2025-11-08,2025-11-17,2025-11-21,913251,12.0,27,CLOSED
L0000124,C000951,LP004,BR008,2024-07-15,2024-07-17,2024-07-21,772417,16.0,42,ACTIVE
L0000125,C000414,LP005,BR005,2023-03-19,2023-03-24,2023-03-25,551553,12.0,19,DEFAULT
L0000126,C000135,LP002,BR008,2024-05-16,2024-05-23,2024-05-27,592830,10.5,22,ACTIVE
L0000127,C000350,LP003,BR004,2022-03-15,2022-03-23,2022-03-28,4258923,8.5,34,ACTIVE
L0000128,C000054,LP004,BR010,2021-09-30,2021-10-08,2021-10-11,348946,16.0,75,ACTIVE
L0000129,C000785,LP005,BR009,2025-07-21,2025-07-23,2025-07-27,452368,12.0,13,DEFAULT
L0000130,C000948,LP001,BR009,2024-01-13,2024-01-22,2024-01-23,483014,14.5,17,DEFAULT
L0000131,C000434,LP005,BR007,2023-06-28,2023-07-08,2023-07-11,953348,12.0,28,DEFAULT
L0000132,C000229,LP004,BR003,2023-02-21,2023-02-25,2023-03-01,814823,16.0,58,ACTIVE
L0000133,C000651,LP003,BR007,2026-08-11,2026-08-15,2026-08-19,3284788,8.5,155,DEFAULT
L0000134,C000153,LP004,BR002,2023-01-21,2023-01-31,2023-02-04,1602940,16.0,96,ACTIVE
L0000135,C000761,LP003,BR008,2025-11-15,2025-11-23,2025-11-24,1317360,8.5,206,CLOSED
L0000136,C000870,LP003,BR008,2022-06-16,2022-06-17,2022-06-20,3479121,8.5,224,ACTIVE
L0000137,C000758,LP005,BR005,2022-10-23,2022-11-01,2022-11-06,412052,12.0,34,ACTIVE
L0000138,C000953,LP001,BR005,2025-05-25,2025-05-26,2025-05-28,308171,14.5,20,ACTIVE
L0000139,C000061,LP002,BR010,2025-05-12,2025-05-14,2025-05-17,1381049,10.5,37,CLOSED
L0000140,C000114,LP001,BR001,2025-02-20,2025-02-22,2025-02-26,163030,14.5,41,CLOSED
L0000141,C000731,LP001,BR004,2025-05-10,2025-05-16,2025-05-17,446964,14.5,38,ACTIVE
L0000142,C000828,LP003,BR003,2025-10-08,2025-10-18,2025-10-19,4279106,8.5,129,DEFAULT
L0000143,C000078,LP002,BR002,2024-12-19,2024-12-28,2024-12-30,1146119,10.5,12,DEFAULT
L0000144,C000680,LP001,BR002,2021-09-30,2021-10-01,2021-10-06,276917,14.5,49,ACTIVE
L0000145,C000164,LP003,BR009,2022-01-11,2022-01-20,2022-01-22,1956684,8.5,199,CLOSED
L0000146,C000157,LP001,BR008,2026-04-01,2026-04-03,2026-04-07,394730,14.5,50,DEFAULT
L0000147,C000199,LP004,BR007,2023-05-28,2023-06-03,2023-06-08,1948409,16.0,61,ACTIVE
L0000148,C000221,LP004,BR002,2024-11-18,2024-11-28,2024-11-30,673772,16.0,62,ACTIVE
L0000149,C000578,LP005,BR009,2021-10-29,2021-11-03,2021-11-07,863890,12.0,16,CLOSED
L0000150,C000605,LP004,BR009,2024-06-13,2024-06-20,2024-06-25,1568036,16.0,107,DEFAULT
L0000151,C000237,LP003,BR002,2026-03-23,2026-03-28,2026-04-02,3133274,8.5,194,DEFAULT
L0000152,C000463,LP003,BR002,2023-05-01,2023-05-05,2023-05-07,2259197,8.5,171,ACTIVE
L0000153,C000759,LP005,BR009,2021-11-10,2021-11-16,2021-11-18,764904,12.0,32,CLOSED
L0000154,C000116,LP001,BR003,2021-09-28,2021-10-07,2021-10-12,414019,14.5,52,ACTIVE
L0000155,C000125,LP001,BR006,2023-10-29,2023-10-31,2023-11-03,344796,14.5,42,DEFAULT
L0000156,C000079,LP004,BR001,2023-08-19,2023-08-29,2023-09-02,1513991,16.0,107,DEFAULT
L0000157,C000112,LP005,BR007,2024-08-20,2024-08-25,2024-08-29,867568,12.0,12,DEFAULT
L0000158,C000034,LP005,BR008,2024-05-12,2024-05-14,2024-05-15,419371,12.0,16,ACTIVE
L0000159,C000345,LP002,BR009,2022-10-21,2022-10-22,2022-10-24,659894,10.5,32,ACTIVE
L0000160,C000599,LP001,BR010,2022-08-01,2022-08-06,2022-08-08,490077,14.5,15,ACTIVE
L0000161,C000249,LP005,BR008,2024-12-20,2024-12-24,2024-12-29,53875,12.0,23,ACTIVE
L0000162,C000896,LP001,BR001,2025-12-27,2025-12-29,2026-01-03,404170,14.5,59,DEFAULT
L0000163,C000411,LP003,BR001,2024-04-24,2024-04-28,2024-05-03,3762217,8.5,72,DEFAULT
L0000164,C000979,LP002,BR009,2023-02-16,2023-02-21,2023-02-22,900236,10.5,61,ACTIVE
L0000165,C000535,LP003,BR003,2022-04-06,2022-04-12,2022-04-17,951325,8.5,15,ACTIVE
L0000166,C000621,LP004,BR006,2022-02-05,2022-02-09,2022-02-14,1922110,16.0,111,ACTIVE
L0000167,C000377,LP005,BR003,2024-03-30,2024-04-03,2024-04-06,811787,12.0,30,DEFAULT
L0000168,C000375,LP002,BR010,2024-03-07,2024-03-17,2024-03-19,505794,10.5,49,ACTIVE
L0000169,C000496,LP001,BR008,2025-08-02,2025-08-05,2025-08-06,148029,14.5,23,DEFAULT
L0000170,C000459,LP001,BR009,2026-02-18,2026-02-20,2026-02-24,71304,14.5,39,ACTIVE
L0000171,C000345,LP003,BR007,2026-03-02,2026-03-11,2026-03-14,1591077,8.5,53,DEFAULT
L0000172,C000996,LP001,BR003,2024-07-31,2024-08-05,2024-08-06,223310,14.5,41,CLOSED
L0000173,C000502,LP004,BR010,2025-05-25,2025-05-26,2025-05-28,776604,16.0,88,ACTIVE
L0000174,C000395,LP005,BR004,2022-11-05,2022-11-15,2022-11-18,534379,12.0,30,DEFAULT
L0000175,C000095,LP002,BR009,2024-08-15,2024-08-21,2024-08-22,766598,10.5,79,CLOSED
L0000176,C000514,LP004,BR003,2025-11-16,2025-11-19,2025-11-24,242976,16.0,112,DEFAULT
L0000177,C000310,LP005,BR001,2024-10-06,2024-10-09,2024-10-13,589460,12.0,29,ACTIVE
L0000178,C000611,LP003,BR003,2023-04-24,2023-04-26,2023-04-29,2355543,8.5,238,CLOSED
L0000179,C000202,LP001,BR003,2023-02-10,2023-02-16,2023-02-19,239161,14.5,30,CLOSED
L0000180,C000287,LP001,BR007,2025-02-20,2025-03-02,2025-03-07,298961,14.5,47,ACTIVE
L0000181,C000107,LP004,BR007,2021-11-14,2021-11-16,2021-11-19,1034631,16.0,42,DEFAULT
L0000182,C000971,LP002,BR007,2023-08-26,2023-09-05,2023-09-07,183628,10.5,53,ACTIVE
L0000183,C000337,LP005,BR005,2023-08-13,2023-08-15,2023-08-19,289054,12.0,29,ACTIVE
L0000184,C000683,LP004,BR007,2022-10-28,2022-10-29,2022-11-03,1824087,16.0,110,ACTIVE
L0000185,C000767,LP001,BR007,2023-07-04,2023-07-13,2023-07-18,283600,14.5,43,ACTIVE
L0000186,C000309,LP005,BR009,2021-11-23,2021-11-28,2021-11-30,355872,12.0,28,ACTIVE
L0000187,C000121,LP004,BR002,2025-12-31,2026-01-02,2026-01-04,1721766,16.0,80,DEFAULT
L0000188,C000466,LP002,BR001,2023-02-23,2023-02-24,2023-02-25,542040,10.5,39,ACTIVE
L0000189,C000169,LP003,BR004,2022-10-03,2022-10-05,2022-10-07,4151038,8.5,177,ACTIVE
L0000190,C000795,LP004,BR003,2024-10-28,2024-10-31,2024-11-01,1063065,16.0,103,ACTIVE
L0000191,C000058,LP004,BR004,2022-01-10,2022-01-11,2022-01-12,253612,16.0,18,CLOSED
L0000192,C000596,LP002,BR007,2024-11-24,2024-11-29,2024-12-04,247727,10.5,41,ACTIVE
L0000193,C000011,LP005,BR008,2023-11-19,2023-11-26,2023-11-30,493039,12.0,32,ACTIVE
L0000194,C000364,LP002,BR010,2026-04-04,2026-04-11,2026-04-14,135422,10.5,61,ACTIVE
L0000195,C000303,LP005,BR006,2022-02-13,2022-02-22,2022-02-23,692580,12.0,35,DEFAULT
L0000196,C000869,LP001,BR001,2022-02-12,2022-02-14,2022-02-19,73863,14.5,56,ACTIVE
L0000197,C000217,LP004,BR009,2022-08-17,2022-08-23,2022-08-28,322582,16.0,49,ACTIVE
L0000198,C000965,LP002,BR006,2021-11-16,2021-11-26,2021-11-27,690384,10.5,68,ACTIVE
L0000199,C000763,LP001,BR003,2022-02-12,2022-02-19,2022-02-20,298506,14.5,22,DEFAULT
L0000200,C000008,LP001,BR006,2022-09-10,2022-09-14,2022-09-16,441514,14.5,37,DEFAULT
L0000201,C000337,LP001,BR007,2025-04-02,2025-04-07,2025-04-09,206267,14.5,55,ACTIVE
L0000202,C000632,LP003,BR009,2025-06-27,2025-06-28,2025-07-03,1685929,8.5,43,ACTIVE
L0000203,C000196,LP004,BR005,2024-12-10,2024-12-11,2024-12-16,1351275,16.0,62,DEFAULT
L0000204,C000731,LP003,BR001,2022-10-04,2022-10-13,2022-10-14,3055934,8.5,65,ACTIVE
L0000205,C000938,LP004,BR002,2026-05-13,2026-05-17,2026-05-21,1999239,16.0,94,DEFAULT
L0000206,C000475,LP003,BR001,2023-11-10,2023-11-13,2023-11-15,2043442,8.5,68,DEFAULT
L0000207,C000217,LP005,BR006,2025-09-28,2025-10-03,2025-10-05,140190,12.0,17,DEFAULT
L0000208,C000961,LP002,BR003,2023-01-04,2023-01-05,2023-01-10,1067343,10.5,82,ACTIVE
L0000209,C000728,LP002,BR004,2023-06-16,2023-06-21,2023-06-22,625730,10.5,24,CLOSED
L0000210,C000531,LP002,BR010,2021-10-14,2021-10-24,2021-10-28,793844,10.5,57,CLOSED
L0000211,C000274,LP005,BR002,2024-04-08,2024-04-12,2024-04-13,318987,12.0,31,ACTIVE
L0000212,C000984,LP001,BR002,2025-04-15,2025-04-19,2025-04-22,304731,14.5,40,ACTIVE
L0000213,C000648,LP004,BR002,2022-07-26,2022-08-05,2022-08-08,1554287,16.0,86,CLOSED
L0000214,C000448,LP005,BR002,2026-02-18,2026-02-28,2026-03-05,402199,12.0,22,ACTIVE
L0000215,C000885,LP002,BR010,2024-01-02,2024-01-05,2024-01-06,756859,10.5,43,CLOSED
L0000216,C000584,LP005,BR007,2022-11-16,2022-11-23,2022-11-26,900919,12.0,23,CLOSED
L0000217,C000727,LP002,BR008,2025-04-09,2025-04-15,2025-04-19,1070663,10.5,69,ACTIVE
L0000218,C000228,LP004,BR001,2022-08-07,2022-08-12,2022-08-16,1256939,16.0,25,CLOSED
L0000219,C000176,LP005,BR001,2026-01-22,2026-02-01,2026-02-02,902683,12.0,20,CLOSED
L0000220,C000751,LP003,BR002,2022-09-16,2022-09-25,2022-09-27,2708172,8.5,199,ACTIVE
L0000221,C000220,LP003,BR002,2024-02-11,2024-02-13,2024-02-14,4754520,8.5,173,ACTIVE
L0000222,C000516,LP004,BR006,2022-09-05,2022-09-15,2022-09-20,949628,16.0,110,DEFAULT
L0000223,C000120,LP001,BR003,2022-08-12,2022-08-16,2022-08-17,339194,14.5,28,DEFAULT
L0000224,C000056,LP002,BR009,2025-12-10,2025-12-19,2025-12-23,1471344,10.5,31,ACTIVE
L0000225,C000222,LP002,BR008,2023-05-26,2023-06-02,2023-06-04,1336482,10.5,49,CLOSED
L0000226,C000223,LP004,BR008,2023-05-29,2023-06-06,2023-06-11,1170411,16.0,23,ACTIVE
L0000227,C000187,LP005,BR009,2023-12-12,2023-12-18,2023-12-23,31106,12.0,33,CLOSED
L0000228,C000817,LP005,BR003,2026-02-27,2026-03-09,2026-03-11,813988,12.0,28,CLOSED
L0000229,C000529,LP005,BR001,2023-06-04,2023-06-12,2023-06-14,207847,12.0,30,DEFAULT
L0000230,C000211,LP002,BR004,2024-10-02,2024-10-05,2024-10-09,852448,10.5,17,CLOSED
L0000231,C000118,LP002,BR002,2025-03-12,2025-03-20,2025-03-22,231829,10.5,45,ACTIVE
L0000232,C000658,LP005,BR003,2024-03-21,2024-03-25,2024-03-26,721062,12.0,18,DEFAULT
L0000233,C000544,LP002,BR005,2023-01-27,2023-02-02,2023-02-06,1084978,10.5,70,ACTIVE
L0000234,C000014,LP005,BR001,2022-01-16,2022-01-17,2022-01-20,128239,12.0,34,DEFAULT
L0000235,C000145,LP005,BR003,2026-05-16,2026-05-21,2026-05-24,626739,12.0,29,DEFAULT
L0000236,C000170,LP005,BR007,2025-12-06,2025-12-09,2025-12-13,705428,12.0,24,ACTIVE
L0000237,C000367,LP003,BR009,2023-06-23,2023-07-03,2023-07-04,4834082,8.5,76,ACTIVE
L0000238,C000430,LP005,BR002,2025-10-18,2025-10-22,2025-10-27,445556,12.0,23,ACTIVE
L0000239,C000726,LP004,BR010,2024-07-09,2024-07-17,2024-07-21,1960534,16.0,89,ACTIVE
L0000240,C000955,LP002,BR004,2023-09-14,2023-09-23,2023-09-25,1022534,10.5,33,CLOSED
L0000241,C000283,LP005,BR010,2021-09-24,2021-09-26,2021-10-01,694734,12.0,20,CLOSED
L0000242,C000211,LP001,BR003,2021-10-25,2021-10-28,2021-10-30,132500,14.5,35,DEFAULT
L0000243,C000702,LP003,BR006,2022-06-19,2022-06-21,2022-06-23,3978031,8.5,219,ACTIVE
L0000244,C000700,LP001,BR005,2022-08-25,2022-08-27,2022-08-31,404014,14.5,42,ACTIVE
L0000245,C000226,LP001,BR003,2026-08-04,2026-08-08,2026-08-13,134539,14.5,53,ACTIVE
L0000246,C000274,LP004,BR009,2025-11-29,2025-11-30,2025-12-02,190480,16.0,28,DEFAULT
L0000247,C000797,LP002,BR007,2022-12-23,2023-01-02,2023-01-04,382536,10.5,77,ACTIVE
L0000248,C000711,LP002,BR002,2022-06-22,2022-07-02,2022-07-04,217255,10.5,33,ACTIVE
L0000249,C000998,LP001,BR002,2026-01-22,2026-01-25,2026-01-30,262575,14.5,50,DEFAULT
L0000250,C000932,LP002,BR010,2022-05-07,2022-05-08,2022-05-11,279827,10.5,39,ACTIVE
L0000251,C000682,LP002,BR010,2022-07-27,2022-08-06,2022-08-10,1110131,10.5,33,CLOSED
L0000252,C000614,LP005,BR008,2023-11-20,2023-11-27,2023-12-02,169644,12.0,30,CLOSED
L0000253,C000967,LP004,BR010,2023-09-04,2023-09-14,2023-09-19,654740,16.0,33,ACTIVE
L0000254,C000169,LP003,BR007,2025-08-05,2025-08-13,2025-08-18,1077496,8.5,70,ACTIVE
L0000255,C000265,LP001,BR008,2024-03-23,2024-03-30,2024-04-01,106922,14.5,13,CLOSED
L0000256,C000454,LP001,BR003,2023-12-15,2023-12-24,2023-12-29,408805,14.5,38,CLOSED
L0000257,C000741,LP005,BR001,2025-08-28,2025-09-07,2025-09-08,206040,12.0,27,DEFAULT
L0000258,C000013,LP004,BR001,2022-02-18,2022-02-28,2022-03-01,1940780,16.0,112,DEFAULT
L0000259,C000594,LP001,BR007,2022-07-23,2022-08-01,2022-08-02,98858,14.5,42,CLOSED
L0000260,C000580,LP002,BR010,2023-03-12,2023-03-22,2023-03-27,102517,10.5,67,DEFAULT
L0000261,C000426,LP001,BR001,2022-01-16,2022-01-23,2022-01-26,72774,14.5,56,DEFAULT
L0000262,C000111,LP005,BR008,2024-03-06,2024-03-13,2024-03-15,861272,12.0,27,ACTIVE
L0000263,C000488,LP002,BR007,2024-10-09,2024-10-15,2024-10-20,1308212,10.5,24,ACTIVE
L0000264,C000389,LP003,BR003,2024-05-14,2024-05-17,2024-05-20,4502550,8.5,208,CLOSED
L0000265,C000455,LP003,BR001,2025-05-01,2025-05-03,2025-05-06,3927977,8.5,77,CLOSED
L0000266,C000161,LP004,BR001,2022-09-11,2022-09-12,2022-09-13,1312126,16.0,78,ACTIVE
L0000267,C000229,LP002,BR009,2022-07-08,2022-07-17,2022-07-18,886494,10.5,38,ACTIVE
L0000268,C000121,LP003,BR009,2022-02-05,2022-02-12,2022-02-15,1394084,8.5,51,ACTIVE
L0000269,C000332,LP004,BR002,2021-10-16,2021-10-26,2021-10-29,647991,16.0,80,ACTIVE
L0000270,C000368,LP001,BR007,2022-11-19,2022-11-29,2022-12-02,370801,14.5,29,ACTIVE
L0000271,C000041,LP004,BR002,2023-02-27,2023-03-03,2023-03-07,1257847,16.0,112,DEFAULT
L0000272,C000258,LP003,BR009,2024-07-03,2024-07-11,2024-07-13,3605571,8.5,155,DEFAULT
L0000273,C000059,LP004,BR009,2024-09-30,2024-10-08,2024-10-11,743098,16.0,85,ACTIVE
L0000274,C000794,LP001,BR006,2025-06-06,2025-06-13,2025-06-15,498265,14.5,54,ACTIVE
L0000275,C000899,LP001,BR010,2023-12-28,2024-01-01,2024-01-05,460574,14.5,56,CLOSED
L0000276,C000211,LP001,BR007,2022-07-01,2022-07-03,2022-07-05,316518,14.5,37,ACTIVE
L0000277,C000087,LP004,BR002,2024-11-16,2024-11-25,2024-11-30,1561835,16.0,99,ACTIVE
L0000278,C000594,LP003,BR002,2024-08-15,2024-08-18,2024-08-22,544381,8.5,217,ACTIVE
L0000279,C000005,LP005,BR010,2023-04-07,2023-04-10,2023-04-14,990836,12.0,31,ACTIVE
L0000280,C000967,LP001,BR002,2022-09-04,2022-09-06,2022-09-07,187935,14.5,26,ACTIVE
L0000281,C000277,LP004,BR004,2025-02-12,2025-02-14,2025-02-19,179178,16.0,104,ACTIVE
L0000282,C000456,LP002,BR007,2025-02-10,2025-02-17,2025-02-22,1476099,10.5,78,ACTIVE
L0000283,C000139,LP005,BR007,2025-08-04,2025-08-14,2025-08-15,831187,12.0,17,ACTIVE
L0000284,C000008,LP004,BR004,2024-01-08,2024-01-16,2024-01-17,523010,16.0,120,DEFAULT
L0000285,C000236,LP001,BR003,2024-12-27,2025-01-01,2025-01-03,67620,14.5,50,DEFAULT
L0000286,C000735,LP005,BR008,2025-10-10,2025-10-19,2025-10-21,665073,12.0,17,ACTIVE
L0000287,C000899,LP004,BR009,2025-04-18,2025-04-24,2025-04-26,1473674,16.0,12,CLOSED
L0000288,C000566,LP004,BR010,2023-02-16,2023-02-18,2023-02-21,1735092,16.0,63,ACTIVE
L0000289,C000553,LP005,BR004,2022-09-02,2022-09-09,2022-09-13,634549,12.0,18,DEFAULT
L0000290,C000547,LP001,BR009,2022-11-01,2022-11-02,2022-11-03,97272,14.5,47,ACTIVE
L0000291,C000813,LP005,BR006,2022-03-17,2022-03-26,2022-03-31,385004,12.0,23,ACTIVE
L0000292,C000731,LP005,BR007,2023-01-24,2023-01-28,2023-02-02,223974,12.0,26,ACTIVE
L0000293,C000685,LP001,BR007,2022-08-04,2022-08-14,2022-08-15,186895,14.5,23,ACTIVE
L0000294,C000108,LP003,BR001,2025-03-31,2025-04-09,2025-04-10,1107217,8.5,140,ACTIVE
L0000295,C000666,LP002,BR005,2025-10-24,2025-10-30,2025-10-31,1176440,10.5,44,DEFAULT
L0000296,C000662,LP003,BR005,2026-07-19,2026-07-29,2026-08-01,4214212,8.5,108,DEFAULT
L0000297,C000218,LP004,BR007,2025-06-08,2025-06-16,2025-06-18,1688536,16.0,55,ACTIVE
L0000298,C000651,LP001,BR001,2023-04-02,2023-04-10,2023-04-15,64339,14.5,42,ACTIVE
L0000299,C000309,LP003,BR010,2024-12-08,2024-12-13,2024-12-14,3710095,8.5,174,CLOSED
L0000300,C000148,LP005,BR006,2024-10-04,2024-10-08,2024-10-11,452459,12.0,23,DEFAULT
L0000301,C000992,LP002,BR004,2021-12-14,2021-12-23,2021-12-24,652284,10.5,43,ACTIVE
L0000302,C000734,LP003,BR001,2022-10-26,2022-10-28,2022-11-01,3368844,8.5,31,DEFAULT
L0000303,C000199,LP002,BR008,2025-10-25,2025-10-28,2025-11-01,758238,10.5,57,CLOSED
L0000304,C000333,LP001,BR010,2025-11-10,2025-11-20,2025-11-23,145831,14.5,59,CLOSED
L0000305,C000494,LP004,BR006,2022-09-01,2022-09-09,2022-09-11,592539,16.0,106,CLOSED
L0000306,C000045,LP004,BR002,2025-03-16,2025-03-21,2025-03-23,580683,16.0,37,CLOSED
L0000307,C000931,LP004,BR004,2025-06-16,2025-06-26,2025-06-29,427146,16.0,111,ACTIVE
L0000308,C000120,LP001,BR002,2022-02-05,2022-02-07,2022-02-08,404320,14.5,54,ACTIVE
L0000309,C000090,LP004,BR009,2022-03-31,2022-04-10,2022-04-11,1702736,16.0,81,ACTIVE
L0000310,C000788,LP003,BR005,2023-12-07,2023-12-15,2023-12-18,3145908,8.5,138,DEFAULT
L0000311,C000350,LP001,BR001,2024-05-19,2024-05-24,2024-05-28,145877,14.5,60,DEFAULT
L0000312,C000179,LP001,BR010,2021-10-24,2021-10-29,2021-11-02,166440,14.5,60,DEFAULT
L0000313,C000428,LP002,BR007,2026-03-04,2026-03-07,2026-03-08,1202547,10.5,66,ACTIVE
L0000314,C000311,LP003,BR009,2026-08-12,2026-08-21,2026-08-22,4715067,8.5,100,ACTIVE
L0000315,C000108,LP003,BR007,2026-07-07,2026-07-10,2026-07-14,1509721,8.5,190,DEFAULT
L0000316,C000666,LP001,BR001,2023-08-12,2023-08-20,2023-08-23,411344,14.5,12,ACTIVE
L0000317,C000540,LP003,BR008,2024-08-02,2024-08-06,2024-08-10,1345134,8.5,95,ACTIVE
L0000318,C000252,LP002,BR007,2026-02-14,2026-02-24,2026-02-27,492487,10.5,82,ACTIVE
L0000319,C000162,LP002,BR008,2026-02-27,2026-03-03,2026-03-06,1088482,10.5,55,ACTIVE
L0000320,C000231,LP004,BR005,2022-07-08,2022-07-11,2022-07-15,989072,16.0,38,ACTIVE
L0000321,C000541,LP002,BR003,2025-05-22,2025-05-28,2025-05-31,940103,10.5,47,ACTIVE
L0000322,C000304,LP003,BR001,2023-10-28,2023-10-31,2023-11-05,1600075,8.5,159,CLOSED
L0000323,C000791,LP005,BR004,2025-10-22,2025-10-24,2025-10-27,863146,12.0,19,DEFAULT
L0000324,C000515,LP002,BR008,2024-08-25,2024-09-01,2024-09-05,511174,10.5,30,CLOSED
L0000325,C000659,LP001,BR005,2024-12-24,2025-01-01,2025-01-02,142593,14.5,38,ACTIVE
L0000326,C000736,LP004,BR007,2022-12-21,2022-12-24,2022-12-29,1219842,16.0,104,ACTIVE
L0000327,C000724,LP005,BR001,2026-06-16,2026-06-24,2026-06-27,283165,12.0,29,DEFAULT
L0000328,C000935,LP003,BR007,2022-03-04,2022-03-05,2022-03-09,1330260,8.5,188,CLOSED
L0000329,C000812,LP001,BR008,2021-10-22,2021-10-23,2021-10-25,476675,14.5,28,ACTIVE
L0000330,C000742,LP002,BR003,2023-01-16,2023-01-18,2023-01-22,801825,10.5,45,ACTIVE
L0000331,C000487,LP005,BR002,2026-01-03,2026-01-09,2026-01-14,604572,12.0,20,ACTIVE
L0000332,C000543,LP005,BR010,2025-09-13,2025-09-14,2025-09-18,147126,12.0,23,DEFAULT
L0000333,C000143,LP001,BR010,2025-12-04,2025-12-08,2025-12-13,351934,14.5,53,DEFAULT
L0000334,C000362,LP002,BR001,2023-02-11,2023-02-14,2023-02-17,844717,10.5,53,DEFAULT
L0000335,C000076,LP003,BR002,2022-05-06,2022-05-14,2022-05-18,1157729,8.5,109,DEFAULT
L0000336,C000966,LP002,BR002,2025-11-21,2025-11-26,2025-11-30,1424796,10.5,30,CLOSED
L0000337,C000109,LP004,BR002,2024-06-08,2024-06-14,2024-06-18,1423876,16.0,90,DEFAULT
L0000338,C000894,LP004,BR003,2023-10-04,2023-10-11,2023-10-12,265909,16.0,32,ACTIVE
L0000339,C000679,LP002,BR007,2024-07-10,2024-07-14,2024-07-17,764541,10.5,49,ACTIVE
L0000340,C000478,LP003,BR009,2024-01-28,2024-02-07,2024-02-11,2775393,8.5,239,ACTIVE
L0000341,C000073,LP005,BR006,2022-02-19,2022-02-25,2022-03-02,566240,12.0,26,ACTIVE
L0000342,C000164,LP001,BR010,2026-01-07,2026-01-10,2026-01-12,497853,14.5,13,CLOSED
L0000343,C000110,LP001,BR006,2023-08-08,2023-08-12,2023-08-15,440004,14.5,56,ACTIVE
L0000344,C000407,LP005,BR004,2026-05-23,2026-05-27,2026-05-29,436332,12.0,15,ACTIVE
L0000345,C000567,LP001,BR003,2024-12-05,2024-12-07,2024-12-11,337537,14.5,15,ACTIVE
L0000346,C000643,LP004,BR007,2025-02-19,2025-02-26,2025-03-03,1704313,16.0,22,ACTIVE
L0000347,C000772,LP002,BR008,2023-09-16,2023-09-21,2023-09-26,425633,10.5,22,ACTIVE
L0000348,C000037,LP002,BR001,2022-05-18,2022-05-23,2022-05-25,618828,10.5,48,ACTIVE
L0000349,C000977,LP001,BR005,2025-08-12,2025-08-15,2025-08-17,326164,14.5,22,ACTIVE
L0000350,C000194,LP005,BR008,2025-06-27,2025-06-28,2025-07-01,922162,12.0,22,ACTIVE
L0000351,C000690,LP003,BR004,2026-08-01,2026-08-09,2026-08-14,2785177,8.5,152,ACTIVE
L0000352,C000588,LP001,BR006,2025-07-09,2025-07-12,2025-07-17,142818,14.5,49,DEFAULT
L0000353,C000680,LP003,BR006,2022-06-16,2022-06-24,2022-06-29,4148854,8.5,146,DEFAULT
L0000354,C000821,LP004,BR007,2025-12-12,2025-12-17,2025-12-20,1110096,16.0,81,CLOSED
L0000355,C000985,LP002,BR010,2025-07-05,2025-07-07,2025-07-11,745646,10.5,58,ACTIVE
L0000356,C000835,LP002,BR010,2024-05-24,2024-05-29,2024-05-31,736638,10.5,13,ACTIVE
L0000357,C000864,LP003,BR001,2022-09-19,2022-09-28,2022-09-30,3384715,8.5,85,ACTIVE
L0000358,C000737,LP002,BR002,2025-12-09,2025-12-18,2025-12-19,1131655,10.5,73,ACTIVE
L0000359,C000837,LP001,BR009,2021-11-10,2021-11-11,2021-11-15,468363,14.5,30,DEFAULT
L0000360,C000381,LP005,BR009,2022-07-31,2022-08-04,2022-08-05,594842,12.0,23,CLOSED
L0000361,C000245,LP005,BR003,2025-02-20,2025-02-27,2025-03-04,478339,12.0,24,CLOSED
L0000362,C000263,LP002,BR004,2025-03-20,2025-03-23,2025-03-27,893474,10.5,40,ACTIVE
L0000363,C000863,LP003,BR006,2022-01-05,2022-01-07,2022-01-11,2509590,8.5,144,DEFAULT
L0000364,C000866,LP003,BR009,2026-06-12,2026-06-17,2026-06-20,4962271,8.5,219,ACTIVE
L0000365,C000436,LP001,BR009,2026-05-18,2026-05-25,2026-05-27,497470,14.5,16,CLOSED
L0000366,C000518,LP003,BR007,2021-09-16,2021-09-19,2021-09-22,1425736,8.5,175,ACTIVE
L0000367,C000151,LP003,BR001,2022-06-25,2022-07-05,2022-07-09,2782826,8.5,191,DEFAULT
L0000368,C000938,LP001,BR007,2024-04-19,2024-04-27,2024-04-29,218109,14.5,13,CLOSED
L0000369,C000801,LP005,BR002,2026-01-12,2026-01-13,2026-01-18,43205,12.0,17,ACTIVE
L0000370,C000821,LP002,BR004,2026-06-29,2026-07-04,2026-07-07,362226,10.5,68,ACTIVE
L0000371,C000327,LP005,BR006,2023-06-20,2023-06-24,2023-06-25,178003,12.0,12,ACTIVE
L0000372,C000278,LP001,BR003,2025-08-03,2025-08-07,2025-08-10,270328,14.5,31,ACTIVE
L0000373,C000642,LP003,BR007,2024-08-09,2024-08-15,2024-08-19,766230,8.5,96,ACTIVE
L0000374,C000535,LP003,BR010,2024-10-18,2024-10-21,2024-10-22,2735594,8.5,210,ACTIVE
L0000375,C000576,LP004,BR001,2022-03-03,2022-03-05,2022-03-10,1085969,16.0,35,CLOSED
L0000376,C000853,LP005,BR009,2023-08-09,2023-08-14,2023-08-18,888485,12.0,12,ACTIVE
L0000377,C000574,LP003,BR006,2025-07-28,2025-08-01,2025-08-05,4215825,8.5,75,ACTIVE
L0000378,C000665,LP005,BR004,2024-07-13,2024-07-17,2024-07-21,791041,12.0,36,ACTIVE
L0000379,C000753,LP004,BR010,2026-06-22,2026-07-01,2026-07-03,1091587,16.0,61,ACTIVE
L0000380,C000025,LP002,BR001,2025-09-24,2025-09-30,2025-10-02,1419453,10.5,17,DEFAULT
L0000381,C000971,LP003,BR001,2024-10-18,2024-10-27,2024-10-28,2624941,8.5,135,ACTIVE
L0000382,C000314,LP001,BR007,2025-07-22,2025-07-26,2025-07-29,77308,14.5,54,CLOSED
L0000383,C000992,LP003,BR002,2022-09-05,2022-09-07,2022-09-09,4142011,8.5,95,ACTIVE
L0000384,C000281,LP003,BR003,2022-07-15,2022-07-18,2022-07-21,1503693,8.5,113,CLOSED
L0000385,C000088,LP004,BR005,2023-08-05,2023-08-06,2023-08-07,1318606,16.0,112,ACTIVE
L0000386,C000641,LP005,BR010,2021-09-22,2021-10-02,2021-10-04,409439,12.0,36,ACTIVE
L0000387,C000690,LP003,BR006,2024-08-11,2024-08-15,2024-08-17,4693626,8.5,35,DEFAULT
L0000388,C000052,LP004,BR001,2024-09-23,2024-09-29,2024-09-30,225357,16.0,57,CLOSED
L0000389,C000705,LP003,BR007,2024-03-11,2024-03-20,2024-03-21,1555517,8.5,136,CLOSED
L0000390,C000439,LP002,BR005,2026-05-14,2026-05-20,2026-05-25,1451920,10.5,56,ACTIVE
L0000391,C000870,LP002,BR003,2026-02-23,2026-02-27,2026-02-28,892238,10.5,57,CLOSED
L0000392,C000525,LP002,BR004,2024-11-20,2024-11-25,2024-11-26,1117752,10.5,68,DEFAULT
L0000393,C000533,LP003,BR007,2022-08-12,2022-08-17,2022-08-22,4611189,8.5,60,DEFAULT
L0000394,C000754,LP001,BR001,2022-02-05,2022-02-08,2022-02-13,232276,14.5,32,ACTIVE
L0000395,C000364,LP003,BR009,2023-02-08,2023-02-13,2023-02-18,1845058,8.5,29,DEFAULT
L0000396,C000972,LP001,BR002,2025-11-23,2025-11-26,2025-11-30,205017,14.5,28,DEFAULT
L0000397,C000983,LP005,BR004,2022-11-26,2022-12-02,2022-12-06,20754,12.0,36,DEFAULT
L0000398,C000898,LP004,BR002,2025-03-10,2025-03-17,2025-03-19,1951643,16.0,14,DEFAULT
L0000399,C000498,LP001,BR005,2022-08-14,2022-08-20,2022-08-25,175192,14.5,32,ACTIVE
L0000400,C000741,LP005,BR007,2023-11-15,2023-11-24,2023-11-28,219092,12.0,28,ACTIVE
L0000401,C000763,LP002,BR007,2023-05-17,2023-05-26,2023-05-28,1385636,10.5,48,ACTIVE
L0000402,C000710,LP002,BR006,2023-04-21,2023-04-28,2023-05-01,331660,10.5,24,DEFAULT
L0000403,C000681,LP001,BR004,2022-09-26,2022-09-28,2022-09-29,487881,14.5,20,CLOSED
L0000404,C000278,LP001,BR006,2025-01-18,2025-01-19,2025-01-21,106127,14.5,43,CLOSED
L0000405,C000958,LP005,BR004,2023-07-17,2023-07-19,2023-07-20,618749,12.0,32,ACTIVE
L0000406,C000321,LP003,BR004,2025-08-05,2025-08-13,2025-08-18,2646968,8.5,24,ACTIVE
L0000407,C000114,LP001,BR005,2023-05-01,2023-05-05,2023-05-10,426357,14.5,16,ACTIVE
L0000408,C000882,LP002,BR008,2024-07-31,2024-08-04,2024-08-08,267681,10.5,71,ACTIVE
L0000409,C000415,LP005,BR002,2022-08-16,2022-08-22,2022-08-27,799592,12.0,25,ACTIVE
L0000410,C000676,LP003,BR007,2025-03-26,2025-03-27,2025-04-01,2729823,8.5,147,ACTIVE
L0000411,C000588,LP003,BR007,2022-02-07,2022-02-09,2022-02-12,1153769,8.5,67,DEFAULT
L0000412,C000618,LP005,BR005,2022-10-03,2022-10-05,2022-10-06,780397,12.0,19,DEFAULT
L0000413,C000871,LP005,BR004,2025-07-16,2025-07-23,2025-07-25,222500,12.0,28,CLOSED
L0000414,C000773,LP001,BR006,2025-08-07,2025-08-17,2025-08-19,342774,14.5,59,DEFAULT
L0000415,C000587,LP003,BR002,2025-12-30,2026-01-06,2026-01-07,3502814,8.5,184,ACTIVE
L0000416,C000363,LP004,BR005,2022-11-08,2022-11-15,2022-11-16,449824,16.0,113,CLOSED
L0000417,C000284,LP002,BR008,2025-12-13,2025-12-22,2025-12-26,1158417,10.5,55,CLOSED
L0000418,C000159,LP002,BR010,2021-09-29,2021-10-08,2021-10-13,1029063,10.5,57,ACTIVE
L0000419,C000069,LP003,BR007,2026-03-21,2026-03-30,2026-04-02,3618209,8.5,117,ACTIVE
L0000420,C000962,LP005,BR006,2022-02-13,2022-02-19,2022-02-24,272415,12.0,30,DEFAULT
L0000421,C000077,LP001,BR004,2026-05-31,2026-06-04,2026-06-08,451451,14.5,47,ACTIVE
L0000422,C000469,LP001,BR008,2025-05-22,2025-05-28,2025-06-01,284618,14.5,37,ACTIVE
L0000423,C000385,LP004,BR002,2025-10-25,2025-10-26,2025-10-29,1349405,16.0,14,DEFAULT
L0000424,C000685,LP004,BR001,2026-01-12,2026-01-15,2026-01-18,113775,16.0,50,CLOSED
L0000425,C000213,LP001,BR008,2023-03-20,2023-03-24,2023-03-27,61377,14.5,56,ACTIVE
L0000426,C000212,LP001,BR008,2023-03-09,2023-03-18,2023-03-23,341673,14.5,48,DEFAULT
L0000427,C000879,LP003,BR002,2022-10-19,2022-10-22,2022-10-23,816555,8.5,129,ACTIVE
L0000428,C000621,LP004,BR001,2022-08-03,2022-08-06,2022-08-08,655720,16.0,58,DEFAULT
L0000429,C000198,LP002,BR005,2025-01-01,2025-01-05,2025-01-07,637382,10.5,50,ACTIVE
L0000430,C000302,LP005,BR010,2024-06-11,2024-06-21,2024-06-25,616707,12.0,18,ACTIVE
L0000431,C000350,LP001,BR005,2025-12-30,2026-01-05,2026-01-09,140650,14.5,43,DEFAULT
L0000432,C000055,LP003,BR002,2024-12-24,2024-12-26,2024-12-31,3019881,8.5,21,DEFAULT
L0000433,C000821,LP001,BR005,2025-04-08,2025-04-15,2025-04-16,459008,14.5,15,ACTIVE
L0000434,C000318,LP004,BR010,2023-10-27,2023-11-02,2023-11-06,973509,16.0,27,CLOSED
L0000435,C000613,LP001,BR002,2024-01-14,2024-01-24,2024-01-25,382339,14.5,52,ACTIVE
L0000436,C000117,LP001,BR010,2025-02-03,2025-02-04,2025-02-07,324927,14.5,14,ACTIVE
L0000437,C000820,LP005,BR002,2024-08-16,2024-08-25,2024-08-30,176846,12.0,22,DEFAULT
L0000438,C000108,LP003,BR002,2024-03-17,2024-03-21,2024-03-23,923790,8.5,184,ACTIVE
L0000439,C000603,LP004,BR008,2025-07-23,2025-07-31,2025-08-05,1306396,16.0,76,ACTIVE
L0000440,C000376,LP005,BR007,2022-11-04,2022-11-08,2022-11-12,323859,12.0,24,CLOSED
L0000441,C000817,LP004,BR002,2022-11-19,2022-11-22,2022-11-25,273109,16.0,72,DEFAULT
L0000442,C000630,LP002,BR007,2025-03-21,2025-03-22,2025-03-27,937164,10.5,45,ACTIVE
L0000443,C000263,LP001,BR003,2026-01-24,2026-01-31,2026-02-05,277798,14.5,56,CLOSED
L0000444,C000436,LP004,BR002,2024-04-01,2024-04-04,2024-04-08,1272929,16.0,37,ACTIVE
L0000445,C000952,LP005,BR005,2026-05-14,2026-05-21,2026-05-26,225625,12.0,29,DEFAULT
L0000446,C000211,LP001,BR003,2024-05-18,2024-05-27,2024-05-29,177042,14.5,16,ACTIVE
L0000447,C000199,LP001,BR001,2026-06-01,2026-06-08,2026-06-11,408999,14.5,48,ACTIVE
L0000448,C000746,LP004,BR004,2023-07-23,2023-07-25,2023-07-29,988229,16.0,58,ACTIVE
L0000449,C000016,LP001,BR008,2023-06-02,2023-06-06,2023-06-09,230630,14.5,50,ACTIVE
L0000450,C000883,LP005,BR003,2023-06-29,2023-07-04,2023-07-06,386704,12.0,31,ACTIVE
L0000451,C000343,LP004,BR002,2024-03-06,2024-03-16,2024-03-18,1023718,16.0,17,CLOSED
L0000452,C000721,LP004,BR010,2024-08-23,2024-08-27,2024-08-30,427137,16.0,108,ACTIVE
L0000453,C000896,LP005,BR003,2022-11-02,2022-11-04,2022-11-05,274854,12.0,31,CLOSED
L0000454,C000677,LP002,BR010,2023-03-22,2023-03-27,2023-03-28,819892,10.5,26,ACTIVE
L0000455,C000531,LP005,BR006,2025-12-29,2026-01-06,2026-01-10,43853,12.0,22,CLOSED
L0000456,C000091,LP002,BR010,2026-04-28,2026-05-07,2026-05-09,527402,10.5,81,DEFAULT
L0000457,C000705,LP003,BR009,2024-06-13,2024-06-18,2024-06-23,4551918,8.5,171,CLOSED
L0000458,C000831,LP005,BR009,2022-09-09,2022-09-10,2022-09-14,631324,12.0,33,DEFAULT
L0000459,C000082,LP003,BR005,2024-09-14,2024-09-15,2024-09-18,1928744,8.5,27,ACTIVE
L0000460,C000377,LP001,BR001,2026-06-28,2026-07-02,2026-07-07,192229,14.5,15,ACTIVE
L0000461,C000249,LP005,BR007,2025-10-17,2025-10-18,2025-10-19,427523,12.0,33,ACTIVE
L0000462,C000105,LP004,BR009,2026-07-24,2026-07-30,2026-07-31,140010,16.0,49,ACTIVE
L0000463,C000634,LP002,BR005,2025-04-05,2025-04-09,2025-04-13,1166486,10.5,24,ACTIVE
L0000464,C000120,LP004,BR005,2026-04-01,2026-04-09,2026-04-14,1214763,16.0,23,CLOSED
L0000465,C000221,LP003,BR009,2024-02-21,2024-02-25,2024-03-01,4341867,8.5,155,ACTIVE
L0000466,C000920,LP003,BR006,2025-04-20,2025-04-21,2025-04-23,4941057,8.5,90,ACTIVE
L0000467,C000479,LP001,BR003,2021-10-25,2021-11-02,2021-11-06,440275,14.5,22,ACTIVE
L0000468,C000483,LP005,BR003,2026-02-26,2026-03-04,2026-03-07,392640,12.0,32,ACTIVE
L0000469,C000044,LP001,BR009,2022-08-12,2022-08-16,2022-08-21,194639,14.5,15,ACTIVE
L0000470,C000698,LP003,BR008,2021-12-03,2021-12-10,2021-12-11,2850436,8.5,69,CLOSED
L0000471,C000906,LP004,BR002,2024-12-12,2024-12-18,2024-12-22,1477685,16.0,29,ACTIVE
L0000472,C000437,LP001,BR006,2022-12-11,2022-12-18,2022-12-23,405464,14.5,51,CLOSED
L0000473,C000134,LP005,BR003,2022-02-27,2022-03-06,2022-03-08,620727,12.0,16,ACTIVE
L0000474,C000297,LP001,BR005,2022-03-10,2022-03-15,2022-03-20,222640,14.5,40,DEFAULT
L0000475,C000759,LP005,BR008,2023-05-30,2023-06-02,2023-06-04,704167,12.0,16,DEFAULT
L0000476,C000684,LP005,BR004,2023-12-24,2024-01-02,2024-01-04,924488,12.0,16,ACTIVE
L0000477,C000020,LP002,BR002,2023-01-29,2023-02-07,2023-02-09,1001910,10.5,30,DEFAULT
L0000478,C000323,LP003,BR010,2024-02-23,2024-02-26,2024-02-29,1068865,8.5,154,DEFAULT
L0000479,C000121,LP004,BR006,2023-11-03,2023-11-05,2023-11-07,766050,16.0,119,CLOSED
L0000480,C000922,LP005,BR008,2022-12-14,2022-12-15,2022-12-18,942885,12.0,25,ACTIVE
L0000481,C000962,LP004,BR003,2022-03-27,2022-04-01,2022-04-05,1663656,16.0,117,ACTIVE
L0000482,C000275,LP001,BR006,2024-03-20,2024-03-23,2024-03-25,105978,14.5,20,CLOSED
L0000483,C000385,LP002,BR010,2023-06-11,2023-06-12,2023-06-17,1393830,10.5,46,DEFAULT
L0000484,C000357,LP002,BR009,2026-04-24,2026-05-04,2026-05-09,584256,10.5,41,CLOSED
L0000485,C000994,LP001,BR009,2021-12-25,2021-12-26,2021-12-29,91668,14.5,56,ACTIVE
L0000486,C000233,LP004,BR005,2024-10-04,2024-10-07,2024-10-12,1874480,16.0,89,ACTIVE
L0000487,C000131,LP003,BR003,2025-07-23,2025-07-29,2025-07-31,3750252,8.5,137,ACTIVE
L0000488,C000158,LP003,BR005,2022-07-31,2022-08-03,2022-08-05,2121180,8.5,69,ACTIVE
L0000489,C000928,LP003,BR003,2026-06-27,2026-07-04,2026-07-05,2763738,8.5,117,CLOSED
L0000490,C000446,LP003,BR005,2023-08-13,2023-08-17,2023-08-19,1054791,8.5,57,ACTIVE
L0000491,C000169,LP005,BR005,2026-06-25,2026-07-05,2026-07-09,741276,12.0,22,ACTIVE
L0000492,C000326,LP003,BR003,2025-01-06,2025-01-10,2025-01-14,3896268,8.5,210,ACTIVE
L0000493,C000444,LP001,BR003,2023-09-24,2023-10-04,2023-10-08,427592,14.5,32,ACTIVE
L0000494,C000612,LP004,BR003,2026-01-20,2026-01-30,2026-02-04,1345301,16.0,80,DEFAULT
L0000495,C000172,LP005,BR004,2024-02-26,2024-02-27,2024-03-03,134626,12.0,26,ACTIVE
L0000496,C000607,LP001,BR003,2022-02-08,2022-02-09,2022-02-11,321949,14.5,46,ACTIVE
L0000497,C000734,LP001,BR009,2024-12-14,2024-12-15,2024-12-20,253108,14.5,45,ACTIVE
L0000498,C000453,LP002,BR001,2025-01-02,2025-01-06,2025-01-09,1021811,10.5,62,ACTIVE
L0000499,C000076,LP003,BR004,2025-04-02,2025-04-07,2025-04-11,1896590,8.5,120,ACTIVE
L0000500,C000790,LP005,BR005,2024-05-14,2024-05-24,2024-05-25,743468,12.0,28,CLOSED
L0000501,C000008,LP003,BR003,2026-05-28,2026-06-05,2026-06-09,1258672,8.5,196,DEFAULT
L0000502,C000007,LP004,BR004,2022-03-02,2022-03-04,2022-03-06,1733117,16.0,86,DEFAULT
L0000503,C000834,LP001,BR004,2021-10-26,2021-10-29,2021-11-02,266824,14.5,32,ACTIVE
L0000504,C000832,LP001,BR006,2023-11-05,2023-11-06,2023-11-08,287859,14.5,49,CLOSED
L0000505,C000564,LP005,BR008,2023-06-08,2023-06-16,2023-06-17,282230,12.0,22,CLOSED
L0000506,C000387,LP004,BR002,2025-06-23,2025-06-25,2025-06-26,339421,16.0,102,ACTIVE
L0000507,C000128,LP004,BR004,2023-08-17,2023-08-23,2023-08-24,1198524,16.0,102,ACTIVE
L0000508,C000759,LP001,BR008,2024-11-01,2024-11-10,2024-11-15,133833,14.5,36,DEFAULT
L0000509,C000301,LP002,BR008,2026-05-11,2026-05-18,2026-05-19,458371,10.5,54,DEFAULT
L0000510,C000086,LP005,BR009,2023-05-19,2023-05-22,2023-05-24,931022,12.0,16,CLOSED
L0000511,C000205,LP003,BR002,2023-05-10,2023-05-11,2023-05-15,3084213,8.5,91,ACTIVE
L0000512,C000346,LP001,BR001,2024-03-17,2024-03-22,2024-03-24,111632,14.5,20,CLOSED
L0000513,C000231,LP005,BR010,2025-07-11,2025-07-12,2025-07-17,822575,12.0,20,ACTIVE
L0000514,C000105,LP005,BR007,2023-03-21,2023-03-29,2023-04-02,916963,12.0,27,DEFAULT
L0000515,C000494,LP004,BR007,2022-05-05,2022-05-06,2022-05-11,1951162,16.0,75,CLOSED
L0000516,C000441,LP005,BR008,2023-04-19,2023-04-23,2023-04-28,711505,12.0,27,ACTIVE
L0000517,C000928,LP002,BR002,2023-03-09,2023-03-16,2023-03-20,266524,10.5,12,CLOSED
L0000518,C000722,LP003,BR002,2026-01-29,2026-02-07,2026-02-10,2241790,8.5,24,CLOSED
L0000519,C000187,LP001,BR010,2022-09-21,2022-09-24,2022-09-25,392505,14.5,34,ACTIVE
L0000520,C000244,LP005,BR002,2024-11-30,2024-12-03,2024-12-04,719396,12.0,30,DEFAULT
L0000521,C000918,LP001,BR006,2022-01-20,2022-01-25,2022-01-28,95981,14.5,15,ACTIVE
L0000522,C000193,LP005,BR007,2025-05-09,2025-05-16,2025-05-18,189172,12.0,33,ACTIVE
L0000523,C000947,LP003,BR007,2024-01-31,2024-02-10,2024-02-15,1988300,8.5,128,DEFAULT
L0000524,C000198,LP005,BR002,2026-06-11,2026-06-17,2026-06-18,117649,12.0,36,ACTIVE
L0000525,C000538,LP001,BR009,2023-12-15,2023-12-21,2023-12-24,248673,14.5,16,ACTIVE
L0000526,C000149,LP005,BR010,2022-10-25,2022-11-03,2022-11-04,327057,12.0,27,CLOSED
L0000527,C000740,LP004,BR004,2023-01-28,2023-01-30,2023-02-02,790400,16.0,79,ACTIVE
L0000528,C000860,LP005,BR009,2023-11-17,2023-11-26,2023-11-28,749630,12.0,18,DEFAULT
L0000529,C000911,LP001,BR008,2021-10-03,2021-10-04,2021-10-05,349560,14.5,58,DEFAULT
L0000530,C000284,LP001,BR010,2024-07-09,2024-07-11,2024-07-15,429623,14.5,56,DEFAULT
L0000531,C000256,LP001,BR002,2025-09-03,2025-09-08,2025-09-12,369209,14.5,32,ACTIVE
L0000532,C000946,LP001,BR001,2023-01-09,2023-01-18,2023-01-23,376759,14.5,34,CLOSED
L0000533,C000673,LP003,BR002,2022-01-18,2022-01-28,2022-02-02,4664079,8.5,145,ACTIVE
L0000534,C000720,LP004,BR009,2023-01-06,2023-01-14,2023-01-16,1953177,16.0,90,CLOSED
L0000535,C000904,LP004,BR003,2024-06-14,2024-06-19,2024-06-21,103315,16.0,27,ACTIVE
L0000536,C000945,LP002,BR002,2022-02-21,2022-03-01,2022-03-02,534804,10.5,65,ACTIVE
L0000537,C000729,LP005,BR010,2024-04-08,2024-04-09,2024-04-12,386634,12.0,29,CLOSED
L0000538,C000926,LP004,BR004,2025-11-18,2025-11-19,2025-11-21,1547070,16.0,48,ACTIVE
L0000539,C000819,LP004,BR005,2026-07-31,2026-08-02,2026-08-05,729741,16.0,76,DEFAULT
L0000540,C000934,LP004,BR001,2026-05-22,2026-05-28,2026-05-29,338732,16.0,99,ACTIVE
L0000541,C000611,LP002,BR009,2024-10-02,2024-10-08,2024-10-12,1293114,10.5,15,CLOSED
L0000542,C000597,LP004,BR004,2022-04-30,2022-05-04,2022-05-07,1848658,16.0,55,ACTIVE
L0000543,C000971,LP001,BR002,2024-05-30,2024-06-07,2024-06-08,388507,14.5,20,ACTIVE
L0000544,C000804,LP005,BR008,2026-03-06,2026-03-09,2026-03-13,955390,12.0,29,ACTIVE
L0000545,C000100,LP001,BR005,2023-07-31,2023-08-08,2023-08-12,439328,14.5,15,DEFAULT
L0000546,C000399,LP005,BR002,2023-04-10,2023-04-15,2023-04-20,780180,12.0,33,ACTIVE
L0000547,C000228,LP003,BR005,2026-02-19,2026-02-28,2026-03-05,657021,8.5,65,DEFAULT
L0000548,C000901,LP002,BR005,2022-04-15,2022-04-21,2022-04-24,238858,10.5,31,ACTIVE
L0000549,C000341,LP004,BR008,2026-01-02,2026-01-03,2026-01-06,886936,16.0,92,DEFAULT
L0000550,C000609,LP005,BR009,2023-01-24,2023-01-27,2023-02-01,655111,12.0,24,CLOSED
L0000551,C000456,LP002,BR010,2025-03-31,2025-04-10,2025-04-11,746512,10.5,52,ACTIVE
L0000552,C000344,LP003,BR003,2026-04-30,2026-05-05,2026-05-09,1228112,8.5,139,CLOSED
L0000553,C000887,LP002,BR005,2026-04-11,2026-04-17,2026-04-21,734658,10.5,39,DEFAULT
L0000554,C000236,LP004,BR005,2025-02-20,2025-02-25,2025-02-27,335366,16.0,59,ACTIVE
L0000555,C000295,LP003,BR001,2022-06-28,2022-07-02,2022-07-03,4222646,8.5,141,ACTIVE
L0000556,C000443,LP004,BR006,2024-09-05,2024-09-13,2024-09-18,423124,16.0,36,ACTIVE
L0000557,C000255,LP001,BR001,2023-08-04,2023-08-12,2023-08-17,212717,14.5,32,CLOSED
L0000558,C000798,LP005,BR003,2023-07-10,2023-07-12,2023-07-17,729589,12.0,16,CLOSED
L0000559,C000934,LP001,BR006,2024-07-13,2024-07-14,2024-07-18,253207,14.5,57,DEFAULT
L0000560,C000491,LP003,BR008,2024-07-10,2024-07-12,2024-07-13,3108700,8.5,23,DEFAULT
L0000561,C000335,LP004,BR003,2024-10-10,2024-10-12,2024-10-15,1079109,16.0,17,ACTIVE
L0000562,C000086,LP004,BR003,2024-03-16,2024-03-25,2024-03-28,147144,16.0,85,ACTIVE
L0000563,C000367,LP004,BR004,2023-07-26,2023-07-30,2023-08-02,520595,16.0,36,ACTIVE
L0000564,C000748,LP004,BR010,2026-03-22,2026-03-27,2026-04-01,769305,16.0,110,ACTIVE
L0000565,C000848,LP001,BR001,2025-09-30,2025-10-02,2025-10-05,128287,14.5,22,ACTIVE
L0000566,C000564,LP001,BR002,2026-06-26,2026-06-28,2026-06-29,376602,14.5,47,DEFAULT
L0000567,C000799,LP003,BR005,2021-10-13,2021-10-15,2021-10-17,3438681,8.5,152,ACTIVE
L0000568,C000515,LP003,BR009,2022-09-07,2022-09-12,2022-09-14,2876221,8.5,158,CLOSED
L0000569,C000978,LP002,BR001,2024-08-26,2024-08-29,2024-08-30,753006,10.5,55,DEFAULT
L0000570,C000339,LP001,BR009,2025-07-01,2025-07-09,2025-07-10,118196,14.5,13,ACTIVE
L0000571,C000869,LP002,BR006,2023-10-02,2023-10-03,2023-10-04,904466,10.5,18,ACTIVE
L0000572,C000589,LP002,BR006,2023-10-13,2023-10-20,2023-10-24,475354,10.5,69,DEFAULT
L0000573,C000776,LP001,BR006,2022-01-17,2022-01-23,2022-01-26,224237,14.5,24,DEFAULT
L0000574,C000531,LP004,BR003,2024-06-09,2024-06-11,2024-06-15,1290740,16.0,28,ACTIVE
L0000575,C000769,LP001,BR008,2024-12-13,2024-12-21,2024-12-22,288857,14.5,31,ACTIVE
L0000576,C000003,LP003,BR005,2022-09-03,2022-09-11,2022-09-13,2377323,8.5,48,DEFAULT
L0000577,C000556,LP002,BR003,2024-12-27,2025-01-01,2025-01-04,922244,10.5,35,ACTIVE
L0000578,C000229,LP003,BR007,2023-11-22,2023-11-28,2023-12-02,4589502,8.5,19,ACTIVE
L0000579,C000193,LP002,BR003,2026-04-21,2026-04-29,2026-04-30,837024,10.5,73,ACTIVE
L0000580,C000047,LP005,BR010,2024-02-11,2024-02-14,2024-02-17,825245,12.0,23,DEFAULT
L0000581,C000510,LP005,BR001,2021-12-01,2021-12-11,2021-12-13,552623,12.0,15,ACTIVE
L0000582,C000802,LP003,BR002,2026-02-07,2026-02-09,2026-02-12,1094953,8.5,214,ACTIVE
L0000583,C000967,LP004,BR010,2024-11-23,2024-12-02,2024-12-06,940573,16.0,87,ACTIVE
L0000584,C000528,LP005,BR002,2026-01-30,2026-02-03,2026-02-08,275528,12.0,29,CLOSED
L0000585,C000483,LP002,BR005,2026-01-13,2026-01-21,2026-01-25,238537,10.5,55,CLOSED
L0000586,C000083,LP002,BR008,2025-07-01,2025-07-11,2025-07-15,1013002,10.5,84,ACTIVE
L0000587,C000954,LP003,BR006,2025-11-06,2025-11-15,2025-11-17,1951946,8.5,181,ACTIVE
L0000588,C000278,LP004,BR007,2022-01-30,2022-02-09,2022-02-13,339752,16.0,87,DEFAULT
L0000589,C000773,LP001,BR001,2024-03-24,2024-04-01,2024-04-04,341025,14.5,18,ACTIVE
L0000590,C000059,LP005,BR010,2023-05-07,2023-05-10,2023-05-13,445505,12.0,14,DEFAULT
L0000591,C000687,LP002,BR002,2024-06-07,2024-06-09,2024-06-14,894633,10.5,53,ACTIVE
L0000592,C000955,LP001,BR001,2026-01-29,2026-01-30,2026-01-31,164091,14.5,20,DEFAULT
L0000593,C000876,LP002,BR003,2022-05-29,2022-05-30,2022-06-01,1485968,10.5,31,ACTIVE
L0000594,C000441,LP001,BR004,2022-07-11,2022-07-20,2022-07-23,254463,14.5,51,DEFAULT
L0000595,C000728,LP002,BR003,2023-02-18,2023-02-26,2023-02-28,531303,10.5,52,ACTIVE
L0000596,C000987,LP002,BR001,2026-04-14,2026-04-24,2026-04-27,1011688,10.5,56,ACTIVE
L0000597,C000667,LP002,BR001,2026-03-30,2026-04-09,2026-04-10,1382389,10.5,77,ACTIVE
L0000598,C000195,LP003,BR006,2021-10-08,2021-10-11,2021-10-14,1023537,8.5,106,DEFAULT
L0000599,C000161,LP004,BR009,2022-04-07,2022-04-08,2022-04-09,1575040,16.0,83,ACTIVE
L0000600,C000300,LP005,BR010,2023-07-02,2023-07-04,2023-07-07,927730,12.0,12,CLOSED
L0000601,C000824,LP003,BR003,2023-07-10,2023-07-17,2023-07-22,3807362,8.5,172,ACTIVE
L0000602,C000176,LP004,BR010,2025-04-25,2025-05-02,2025-05-06,900199,16.0,67,DEFAULT
L0000603,C000261,LP003,BR003,2022-08-04,2022-08-08,2022-08-10,4483510,8.5,47,CLOSED
L0000604,C000749,LP001,BR009,2023-06-16,2023-06-25,2023-06-29,492146,14.5,35,ACTIVE
L0000605,C000599,LP001,BR002,2026-04-13,2026-04-16,2026-04-19,401307,14.5,20,CLOSED
L0000606,C000223,LP001,BR009,2025-05-30,2025-05-31,2025-06-01,389942,14.5,13,CLOSED
L0000607,C000059,LP001,BR002,2022-04-28,2022-05-06,2022-05-10,121185,14.5,17,CLOSED
L0000608,C000920,LP004,BR006,2023-01-06,2023-01-13,2023-01-17,1973978,16.0,112,DEFAULT
L0000609,C000737,LP002,BR002,2021-11-28,2021-12-05,2021-12-10,477062,10.5,70,DEFAULT
L0000610,C000535,LP001,BR003,2025-08-12,2025-08-19,2025-08-24,479953,14.5,40,ACTIVE
L0000611,C000978,LP002,BR008,2024-07-12,2024-07-18,2024-07-20,489632,10.5,66,DEFAULT
L0000612,C000927,LP004,BR004,2022-01-11,2022-01-12,2022-01-17,1144710,16.0,120,CLOSED
L0000613,C000272,LP004,BR004,2022-06-14,2022-06-23,2022-06-26,961589,16.0,81,DEFAULT
L0000614,C000687,LP003,BR001,2022-05-01,2022-05-07,2022-05-08,817634,8.5,157,ACTIVE
L0000615,C000775,LP002,BR008,2022-03-03,2022-03-09,2022-03-10,1316911,10.5,73,ACTIVE
L0000616,C000479,LP002,BR007,2023-03-23,2023-03-26,2023-03-31,685986,10.5,71,DEFAULT
L0000617,C000963,LP005,BR006,2023-11-07,2023-11-09,2023-11-14,953144,12.0,31,ACTIVE
L0000618,C000972,LP005,BR001,2026-06-15,2026-06-19,2026-06-23,681297,12.0,35,ACTIVE
L0000619,C000077,LP004,BR002,2022-04-22,2022-05-01,2022-05-06,755359,16.0,90,ACTIVE
L0000620,C000489,LP003,BR010,2026-08-07,2026-08-13,2026-08-18,590457,8.5,132,ACTIVE
L0000621,C000934,LP004,BR002,2023-08-24,2023-09-02,2023-09-06,1303692,16.0,105,ACTIVE
L0000622,C000563,LP005,BR004,2023-11-28,2023-12-05,2023-12-08,856997,12.0,21,ACTIVE
L0000623,C000617,LP003,BR003,2025-03-05,2025-03-08,2025-03-09,3050731,8.5,198,DEFAULT
L0000624,C000723,LP001,BR006,2025-01-03,2025-01-08,2025-01-09,379934,14.5,42,DEFAULT
L0000625,C000040,LP005,BR003,2025-07-18,2025-07-21,2025-07-26,74127,12.0,33,ACTIVE
L0000626,C000763,LP002,BR006,2025-02-23,2025-03-05,2025-03-06,701496,10.5,74,ACTIVE
L0000627,C000540,LP001,BR010,2025-05-23,2025-05-26,2025-05-31,90297,14.5,29,ACTIVE
L0000628,C000680,LP001,BR004,2024-05-26,2024-05-29,2024-06-03,197310,14.5,29,ACTIVE
L0000629,C000297,LP004,BR001,2021-11-07,2021-11-08,2021-11-09,1366305,16.0,34,DEFAULT
L0000630,C000982,LP005,BR006,2025-01-08,2025-01-11,2025-01-15,407728,12.0,17,ACTIVE
L0000631,C000858,LP003,BR001,2022-09-18,2022-09-22,2022-09-26,2016737,8.5,216,DEFAULT
L0000632,C000939,LP004,BR001,2026-04-04,2026-04-05,2026-04-08,277002,16.0,30,DEFAULT
L0000633,C000655,LP004,BR008,2021-10-04,2021-10-07,2021-10-11,1678654,16.0,64,ACTIVE
L0000634,C000525,LP005,BR002,2022-03-31,2022-04-04,2022-04-08,781265,12.0,32,CLOSED
L0000635,C000987,LP002,BR007,2022-02-04,2022-02-08,2022-02-13,823676,10.5,18,ACTIVE
L0000636,C000944,LP001,BR006,2022-04-29,2022-05-01,2022-05-02,137870,14.5,41,ACTIVE
L0000637,C000631,LP001,BR005,2024-10-01,2024-10-09,2024-10-12,299700,14.5,59,DEFAULT
L0000638,C000633,LP001,BR010,2025-12-26,2025-12-30,2026-01-03,408356,14.5,57,ACTIVE
L0000639,C000519,LP003,BR001,2022-08-11,2022-08-19,2022-08-22,1717605,8.5,147,ACTIVE
L0000640,C000251,LP003,BR004,2024-03-04,2024-03-05,2024-03-08,4264980,8.5,109,ACTIVE
L0000641,C000180,LP004,BR002,2024-04-09,2024-04-18,2024-04-19,304187,16.0,80,ACTIVE
L0000642,C000033,LP004,BR002,2022-06-11,2022-06-18,2022-06-23,1467481,16.0,46,ACTIVE
L0000643,C000025,LP004,BR008,2024-02-07,2024-02-12,2024-02-15,1782579,16.0,24,ACTIVE
L0000644,C000350,LP002,BR009,2025-06-06,2025-06-16,2025-06-20,1067014,10.5,42,DEFAULT
L0000645,C000151,LP002,BR008,2024-12-14,2024-12-18,2024-12-23,807592,10.5,35,ACTIVE
L0000646,C000089,LP002,BR008,2025-01-25,2025-02-03,2025-02-04,117775,10.5,20,ACTIVE
L0000647,C000482,LP001,BR005,2021-12-20,2021-12-27,2021-12-28,325389,14.5,18,ACTIVE
L0000648,C000896,LP003,BR004,2025-09-27,2025-10-03,2025-10-05,2876467,8.5,76,CLOSED
L0000649,C000199,LP005,BR006,2023-01-14,2023-01-15,2023-01-16,669485,12.0,14,ACTIVE
L0000650,C000124,LP004,BR009,2026-03-31,2026-04-10,2026-04-12,1357001,16.0,93,ACTIVE
L0000651,C000545,LP004,BR008,2023-07-31,2023-08-02,2023-08-03,1896086,16.0,89,CLOSED
L0000652,C000541,LP004,BR002,2022-11-13,2022-11-20,2022-11-25,1784432,16.0,35,ACTIVE
L0000653,C000617,LP005,BR003,2025-01-12,2025-01-15,2025-01-18,328877,12.0,26,ACTIVE
L0000654,C000499,LP002,BR005,2026-05-08,2026-05-16,2026-05-19,995449,10.5,53,ACTIVE
L0000655,C000608,LP002,BR010,2024-03-20,2024-03-23,2024-03-24,681513,10.5,19,ACTIVE
L0000656,C000212,LP001,BR006,2022-12-07,2022-12-14,2022-12-17,81488,14.5,28,ACTIVE
L0000657,C000881,LP002,BR009,2024-03-30,2024-04-02,2024-04-06,245539,10.5,74,CLOSED
L0000658,C000864,LP004,BR009,2024-11-18,2024-11-28,2024-12-02,474220,16.0,94,ACTIVE
L0000659,C000544,LP001,BR007,2021-10-20,2021-10-22,2021-10-24,333446,14.5,39,CLOSED
L0000660,C000297,LP005,BR005,2026-06-01,2026-06-11,2026-06-12,976940,12.0,26,ACTIVE
L0000661,C000927,LP001,BR003,2026-06-06,2026-06-08,2026-06-09,88230,14.5,16,DEFAULT
L0000662,C000251,LP001,BR002,2022-11-29,2022-12-04,2022-12-08,59838,14.5,43,CLOSED
L0000663,C000075,LP004,BR006,2022-10-03,2022-10-04,2022-10-05,1493779,16.0,61,ACTIVE
L0000664,C000381,LP001,BR004,2022-01-23,2022-01-26,2022-01-29,255169,14.5,48,ACTIVE
L0000665,C000935,LP003,BR002,2021-10-01,2021-10-10,2021-10-14,4510924,8.5,123,ACTIVE
L0000666,C000260,LP003,BR002,2026-07-31,2026-08-02,2026-08-07,2394540,8.5,12,ACTIVE
L0000667,C000986,LP005,BR001,2025-01-22,2025-01-30,2025-01-31,614798,12.0,29,ACTIVE
L0000668,C000901,LP004,BR001,2026-04-11,2026-04-17,2026-04-20,940150,16.0,19,ACTIVE
L0000669,C000467,LP003,BR002,2026-05-14,2026-05-20,2026-05-25,3352653,8.5,32,ACTIVE
L0000670,C000687,LP004,BR007,2022-06-07,2022-06-12,2022-06-14,470395,16.0,82,ACTIVE
L0000671,C000234,LP003,BR009,2024-04-19,2024-04-26,2024-04-28,3007106,8.5,190,ACTIVE
L0000672,C000945,LP003,BR010,2023-06-30,2023-07-02,2023-07-05,4581087,8.5,33,ACTIVE
L0000673,C000218,LP005,BR003,2024-08-19,2024-08-23,2024-08-25,57432,12.0,18,ACTIVE
L0000674,C000917,LP005,BR005,2023-07-05,2023-07-15,2023-07-17,532997,12.0,24,ACTIVE
L0000675,C000390,LP002,BR007,2025-03-21,2025-03-30,2025-04-02,1147913,10.5,80,ACTIVE
L0000676,C000747,LP002,BR008,2026-01-25,2026-01-26,2026-01-27,811532,10.5,19,ACTIVE
L0000677,C000116,LP003,BR004,2022-12-02,2022-12-03,2022-12-07,1491425,8.5,66,DEFAULT
L0000678,C000512,LP002,BR010,2023-01-29,2023-02-06,2023-02-11,412378,10.5,41,ACTIVE
L0000679,C000220,LP004,BR001,2023-04-10,2023-04-11,2023-04-13,1125286,16.0,95,ACTIVE
L0000680,C000427,LP002,BR005,2023-08-02,2023-08-10,2023-08-15,196053,10.5,43,CLOSED
L0000681,C000894,LP004,BR009,2023-11-10,2023-11-11,2023-11-13,1426787,16.0,18,ACTIVE
L0000682,C000801,LP003,BR006,2023-05-12,2023-05-14,2023-05-18,1931846,8.5,225,DEFAULT
L0000683,C000357,LP002,BR008,2022-09-07,2022-09-09,2022-09-10,339452,10.5,75,DEFAULT
L0000684,C000613,LP002,BR004,2023-04-02,2023-04-12,2023-04-14,232351,10.5,37,ACTIVE
L0000685,C000169,LP005,BR006,2026-07-14,2026-07-20,2026-07-24,359984,12.0,15,DEFAULT
L0000686,C000315,LP004,BR004,2022-03-03,2022-03-12,2022-03-14,774422,16.0,119,CLOSED
L0000687,C000683,LP001,BR006,2026-05-18,2026-05-19,2026-05-24,140936,14.5,33,ACTIVE
L0000688,C000096,LP001,BR007,2025-08-19,2025-08-21,2025-08-24,124048,14.5,60,ACTIVE
L0000689,C000474,LP005,BR010,2026-05-20,2026-05-23,2026-05-26,600290,12.0,17,ACTIVE
L0000690,C000348,LP004,BR004,2022-05-01,2022-05-05,2022-05-10,185351,16.0,29,ACTIVE
L0000691,C000850,LP001,BR009,2024-03-07,2024-03-17,2024-03-21,457718,14.5,22,ACTIVE
L0000692,C000099,LP005,BR009,2022-04-13,2022-04-21,2022-04-22,26658,12.0,12,CLOSED
L0000693,C000440,LP005,BR010,2023-11-03,2023-11-05,2023-11-10,949997,12.0,21,ACTIVE
L0000694,C000386,LP003,BR009,2022-07-18,2022-07-26,2022-07-28,2229397,8.5,48,ACTIVE
L0000695,C000959,LP002,BR001,2023-05-22,2023-05-31,2023-06-04,964092,10.5,42,CLOSED
L0000696,C000347,LP005,BR010,2025-11-07,2025-11-17,2025-11-18,645236,12.0,17,ACTIVE
L0000697,C000673,LP003,BR001,2024-07-09,2024-07-19,2024-07-20,3026646,8.5,101,ACTIVE
L0000698,C000051,LP003,BR007,2024-09-29,2024-09-30,2024-10-05,2476683,8.5,61,ACTIVE
L0000699,C000263,LP004,BR002,2022-10-19,2022-10-28,2022-10-29,1397971,16.0,58,DEFAULT
L0000700,C000070,LP003,BR008,2023-09-14,2023-09-23,2023-09-25,4394126,8.5,209,CLOSED
L0000701,C000250,LP001,BR004,2022-07-23,2022-07-28,2022-07-29,151564,14.5,19,CLOSED
L0000702,C000533,LP004,BR004,2024-02-18,2024-02-26,2024-03-01,469777,16.0,32,ACTIVE
L0000703,C000719,LP003,BR001,2022-04-20,2022-04-21,2022-04-24,2891294,8.5,65,ACTIVE
L0000704,C000916,LP005,BR009,2023-05-10,2023-05-15,2023-05-18,666781,12.0,36,ACTIVE
L0000705,C000456,LP001,BR007,2024-05-30,2024-05-31,2024-06-01,438191,14.5,15,DEFAULT
L0000706,C000291,LP001,BR010,2025-11-03,2025-11-06,2025-11-08,461824,14.5,13,ACTIVE
L0000707,C000830,LP002,BR001,2025-07-17,2025-07-26,2025-07-27,248603,10.5,42,ACTIVE
L0000708,C000684,LP003,BR007,2024-07-02,2024-07-12,2024-07-17,3234453,8.5,119,CLOSED
L0000709,C000040,LP001,BR006,2024-04-22,2024-04-28,2024-04-30,458407,14.5,19,ACTIVE
L0000710,C000988,LP004,BR002,2023-01-02,2023-01-06,2023-01-07,597273,16.0,106,ACTIVE
L0000711,C000510,LP002,BR008,2026-07-09,2026-07-13,2026-07-17,562763,10.5,21,ACTIVE
L0000712,C000065,LP002,BR007,2026-07-13,2026-07-23,2026-07-27,213957,10.5,67,CLOSED
L0000713,C000364,LP002,BR003,2024-10-22,2024-10-26,2024-10-31,1054185,10.5,34,ACTIVE
L0000714,C000131,LP004,BR007,2024-05-25,2024-05-31,2024-06-02,1059950,16.0,104,CLOSED
L0000715,C000743,LP002,BR006,2025-05-08,2025-05-14,2025-05-17,524066,10.5,54,CLOSED
L0000716,C000480,LP002,BR010,2023-02-21,2023-02-22,2023-02-27,225098,10.5,47,CLOSED
L0000717,C000295,LP004,BR005,2021-10-01,2021-10-03,2021-10-07,1061709,16.0,65,CLOSED
L0000718,C000547,LP001,BR008,2024-05-16,2024-05-22,2024-05-24,204749,14.5,50,CLOSED
L0000719,C000099,LP004,BR007,2023-10-20,2023-10-30,2023-11-01,1312408,16.0,82,CLOSED
L0000720,C000990,LP003,BR003,2023-08-05,2023-08-07,2023-08-11,4876913,8.5,137,CLOSED
L0000721,C000346,LP001,BR004,2025-06-01,2025-06-11,2025-06-15,488823,14.5,41,ACTIVE
L0000722,C000984,LP003,BR006,2024-01-23,2024-01-24,2024-01-28,2569085,8.5,75,ACTIVE
L0000723,C000972,LP004,BR005,2024-10-06,2024-10-13,2024-10-18,566420,16.0,87,CLOSED
L0000724,C000040,LP002,BR003,2022-11-07,2022-11-17,2022-11-18,976131,10.5,17,ACTIVE
L0000725,C000307,LP001,BR006,2024-07-12,2024-07-20,2024-07-25,67626,14.5,39,DEFAULT
L0000726,C000402,LP003,BR001,2025-10-16,2025-10-23,2025-10-27,1322076,8.5,127,ACTIVE
L0000727,C000380,LP004,BR010,2025-08-24,2025-08-28,2025-08-29,1271232,16.0,108,ACTIVE
L0000728,C000618,LP004,BR010,2025-06-30,2025-07-07,2025-07-09,378317,16.0,57,ACTIVE
L0000729,C000646,LP004,BR006,2024-10-04,2024-10-08,2024-10-09,133407,16.0,73,ACTIVE
L0000730,C000850,LP001,BR010,2024-04-22,2024-04-25,2024-04-29,499798,14.5,48,DEFAULT
L0000731,C000944,LP005,BR001,2025-11-06,2025-11-07,2025-11-11,506288,12.0,36,CLOSED
L0000732,C000766,LP004,BR006,2026-05-26,2026-06-02,2026-06-04,1756453,16.0,59,ACTIVE
L0000733,C000698,LP003,BR003,2022-08-20,2022-08-21,2022-08-22,3728601,8.5,240,ACTIVE
L0000734,C000703,LP003,BR009,2023-03-16,2023-03-25,2023-03-26,2987977,8.5,121,ACTIVE
L0000735,C000739,LP002,BR001,2022-05-28,2022-06-07,2022-06-12,1306343,10.5,38,ACTIVE
L0000736,C000257,LP004,BR009,2024-02-04,2024-02-14,2024-02-17,1643002,16.0,19,DEFAULT
L0000737,C000581,LP003,BR008,2022-11-24,2022-11-30,2022-12-01,1430854,8.5,110,ACTIVE
L0000738,C000555,LP005,BR004,2026-04-16,2026-04-24,2026-04-29,62859,12.0,23,ACTIVE
L0000739,C000543,LP002,BR001,2023-05-19,2023-05-22,2023-05-27,240521,10.5,83,CLOSED
L0000740,C000105,LP002,BR003,2023-12-12,2023-12-15,2023-12-18,600449,10.5,81,ACTIVE
L0000741,C000103,LP001,BR002,2022-05-11,2022-05-19,2022-05-24,418492,14.5,25,CLOSED
L0000742,C000004,LP001,BR002,2022-05-08,2022-05-14,2022-05-17,190172,14.5,44,ACTIVE
L0000743,C000053,LP001,BR007,2021-11-12,2021-11-17,2021-11-18,83223,14.5,35,ACTIVE
L0000744,C000101,LP001,BR009,2026-01-08,2026-01-16,2026-01-20,312904,14.5,45,ACTIVE
L0000745,C000941,LP005,BR005,2021-12-21,2021-12-29,2022-01-03,731257,12.0,29,ACTIVE
L0000746,C000426,LP004,BR002,2025-02-25,2025-03-05,2025-03-10,872057,16.0,114,ACTIVE
L0000747,C000758,LP002,BR006,2023-07-09,2023-07-13,2023-07-17,283099,10.5,22,ACTIVE
L0000748,C000588,LP005,BR001,2022-01-07,2022-01-10,2022-01-13,100685,12.0,15,CLOSED
L0000749,C000884,LP003,BR001,2026-05-26,2026-05-31,2026-06-01,1741128,8.5,139,CLOSED
L0000750,C000301,LP004,BR004,2023-12-04,2023-12-08,2023-12-13,1415493,16.0,14,ACTIVE
L0000751,C000423,LP002,BR010,2026-05-01,2026-05-08,2026-05-13,376881,10.5,72,ACTIVE
L0000752,C000784,LP002,BR009,2026-04-19,2026-04-26,2026-04-30,1452001,10.5,14,ACTIVE
L0000753,C000127,LP003,BR008,2025-09-21,2025-09-25,2025-09-26,684856,8.5,235,CLOSED
L0000754,C000573,LP004,BR007,2022-12-21,2022-12-30,2023-01-02,963380,16.0,86,ACTIVE
L0000755,C000635,LP001,BR010,2024-10-26,2024-11-01,2024-11-05,361090,14.5,54,DEFAULT
L0000756,C000290,LP002,BR007,2025-01-17,2025-01-26,2025-01-30,1060510,10.5,50,DEFAULT
L0000757,C000573,LP003,BR008,2023-08-10,2023-08-13,2023-08-16,1940635,8.5,214,ACTIVE
L0000758,C000976,LP003,BR002,2024-03-08,2024-03-12,2024-03-16,3619742,8.5,85,ACTIVE
L0000759,C000044,LP001,BR006,2022-11-05,2022-11-08,2022-11-11,199098,14.5,41,CLOSED
L0000760,C000410,LP003,BR005,2025-08-29,2025-09-08,2025-09-10,4990561,8.5,85,CLOSED
L0000761,C000071,LP005,BR010,2025-12-20,2025-12-23,2025-12-25,189087,12.0,19,ACTIVE
L0000762,C000053,LP005,BR010,2026-01-18,2026-01-19,2026-01-22,622433,12.0,16,ACTIVE
L0000763,C000975,LP004,BR005,2022-06-24,2022-06-29,2022-07-02,486917,16.0,38,DEFAULT
L0000764,C000041,LP001,BR001,2025-01-30,2025-01-31,2025-02-03,230274,14.5,21,ACTIVE
L0000765,C000866,LP002,BR001,2024-10-20,2024-10-28,2024-11-02,440991,10.5,80,ACTIVE
L0000766,C000797,LP004,BR010,2025-12-24,2025-12-26,2025-12-27,948428,16.0,75,CLOSED
L0000767,C000178,LP005,BR004,2021-10-18,2021-10-26,2021-10-29,183633,12.0,12,DEFAULT
L0000768,C000637,LP005,BR010,2023-09-28,2023-10-07,2023-10-10,698684,12.0,34,ACTIVE
L0000769,C000958,LP001,BR004,2023-02-13,2023-02-21,2023-02-24,445397,14.5,48,CLOSED
L0000770,C000761,LP004,BR003,2026-01-30,2026-02-09,2026-02-13,810272,16.0,100,ACTIVE
L0000771,C000251,LP003,BR004,2022-11-26,2022-12-04,2022-12-05,1669567,8.5,185,DEFAULT
L0000772,C000438,LP002,BR004,2025-07-03,2025-07-05,2025-07-08,152000,10.5,63,DEFAULT
L0000773,C000036,LP004,BR002,2023-01-23,2023-01-27,2023-01-31,849508,16.0,23,ACTIVE
L0000774,C000610,LP005,BR003,2023-03-26,2023-03-27,2023-04-01,692465,12.0,18,DEFAULT
L0000775,C000719,LP002,BR008,2026-07-11,2026-07-20,2026-07-22,682855,10.5,37,ACTIVE
L0000776,C000622,LP003,BR003,2026-07-09,2026-07-11,2026-07-16,4236773,8.5,185,ACTIVE
L0000777,C000497,LP001,BR002,2022-12-14,2022-12-23,2022-12-27,151947,14.5,43,ACTIVE
L0000778,C000474,LP004,BR004,2025-10-27,2025-11-06,2025-11-11,1172810,16.0,19,ACTIVE
L0000779,C000145,LP004,BR002,2024-10-04,2024-10-11,2024-10-13,1601484,16.0,66,ACTIVE
L0000780,C000413,LP005,BR005,2022-01-19,2022-01-26,2022-01-29,32782,12.0,21,ACTIVE
L0000781,C000624,LP005,BR004,2023-07-27,2023-08-02,2023-08-05,487220,12.0,29,ACTIVE
L0000782,C000850,LP003,BR010,2025-11-09,2025-11-13,2025-11-17,3986387,8.5,217,ACTIVE
L0000783,C000475,LP001,BR010,2023-09-06,2023-09-11,2023-09-13,472404,14.5,58,ACTIVE
L0000784,C000368,LP003,BR004,2022-03-30,2022-04-06,2022-04-08,1222074,8.5,48,CLOSED
L0000785,C000643,LP003,BR008,2023-12-16,2023-12-21,2023-12-25,4906544,8.5,97,ACTIVE
L0000786,C000882,LP001,BR004,2024-11-06,2024-11-16,2024-11-20,96372,14.5,12,ACTIVE
L0000787,C000667,LP005,BR004,2023-09-13,2023-09-18,2023-09-22,203388,12.0,29,ACTIVE
L0000788,C000341,LP003,BR008,2022-01-27,2022-02-06,2022-02-08,2171493,8.5,59,ACTIVE
L0000789,C000453,LP003,BR007,2023-06-20,2023-06-25,2023-06-30,4615330,8.5,22,ACTIVE
L0000790,C000291,LP004,BR007,2026-02-11,2026-02-21,2026-02-24,1136203,16.0,83,ACTIVE
L0000791,C000490,LP004,BR006,2024-10-12,2024-10-16,2024-10-17,1759307,16.0,12,CLOSED
L0000792,C000777,LP004,BR006,2025-01-03,2025-01-08,2025-01-11,1443341,16.0,118,ACTIVE
L0000793,C000333,LP001,BR003,2025-09-14,2025-09-16,2025-09-19,268710,14.5,23,ACTIVE
L0000794,C000775,LP003,BR009,2025-07-29,2025-08-02,2025-08-03,1501219,8.5,207,ACTIVE
L0000795,C000867,LP002,BR007,2022-02-07,2022-02-15,2022-02-16,1355966,10.5,58,DEFAULT
L0000796,C000147,LP003,BR008,2022-01-17,2022-01-25,2022-01-30,4158007,8.5,234,ACTIVE
L0000797,C000941,LP001,BR006,2024-06-18,2024-06-26,2024-06-27,245665,14.5,44,DEFAULT
L0000798,C000651,LP005,BR008,2022-08-02,2022-08-03,2022-08-06,190757,12.0,30,ACTIVE
L0000799,C000741,LP003,BR006,2026-02-21,2026-02-24,2026-02-27,4367517,8.5,236,CLOSED
L0000800,C000703,LP004,BR010,2024-01-13,2024-01-19,2024-01-21,210914,16.0,46,ACTIVE
L0000801,C000197,LP001,BR008,2023-12-13,2023-12-20,2023-12-23,75540,14.5,30,ACTIVE
L0000802,C000258,LP002,BR004,2026-05-04,2026-05-13,2026-05-14,1177656,10.5,36,CLOSED
L0000803,C000139,LP004,BR006,2026-07-23,2026-07-25,2026-07-30,1678376,16.0,33,DEFAULT
L0000804,C000358,LP004,BR002,2023-03-10,2023-03-16,2023-03-19,1833971,16.0,120,ACTIVE
L0000805,C000235,LP003,BR002,2024-11-29,2024-12-04,2024-12-07,1303908,8.5,148,DEFAULT
L0000806,C000884,LP004,BR003,2024-12-05,2024-12-11,2024-12-13,127048,16.0,29,DEFAULT
L0000807,C000687,LP002,BR007,2024-10-24,2024-10-29,2024-11-01,1116906,10.5,64,ACTIVE
L0000808,C000123,LP004,BR002,2022-05-15,2022-05-18,2022-05-19,556919,16.0,31,DEFAULT
L0000809,C000350,LP001,BR005,2026-02-07,2026-02-11,2026-02-13,466864,14.5,47,DEFAULT
L0000810,C000965,LP005,BR004,2023-11-06,2023-11-15,2023-11-20,767159,12.0,29,ACTIVE
L0000811,C000947,LP002,BR003,2024-11-28,2024-12-05,2024-12-09,260223,10.5,26,CLOSED
L0000812,C000808,LP003,BR010,2023-08-09,2023-08-10,2023-08-14,3420996,8.5,91,ACTIVE
L0000813,C000137,LP002,BR007,2026-02-06,2026-02-09,2026-02-13,1353360,10.5,78,ACTIVE
L0000814,C000845,LP004,BR002,2025-02-27,2025-03-02,2025-03-05,160313,16.0,107,ACTIVE
L0000815,C000881,LP003,BR004,2024-09-16,2024-09-20,2024-09-22,1694196,8.5,188,CLOSED
L0000816,C000542,LP002,BR005,2024-08-22,2024-08-27,2024-08-29,540068,10.5,28,ACTIVE
L0000817,C000153,LP004,BR008,2025-11-06,2025-11-13,2025-11-14,263022,16.0,14,ACTIVE
L0000818,C000827,LP004,BR010,2025-10-22,2025-10-29,2025-10-30,511777,16.0,25,ACTIVE
L0000819,C000252,LP004,BR010,2021-10-06,2021-10-15,2021-10-20,224288,16.0,72,ACTIVE
L0000820,C000351,LP001,BR003,2025-12-23,2025-12-28,2025-12-29,84732,14.5,31,ACTIVE
L0000821,C000459,LP004,BR007,2022-11-21,2022-11-23,2022-11-24,1362049,16.0,38,DEFAULT
L0000822,C000738,LP002,BR007,2025-06-13,2025-06-17,2025-06-19,837219,10.5,15,ACTIVE
L0000823,C000336,LP002,BR006,2023-02-12,2023-02-15,2023-02-18,1315826,10.5,56,ACTIVE
L0000824,C000567,LP003,BR005,2023-08-31,2023-09-03,2023-09-08,2528554,8.5,141,DEFAULT
L0000825,C000016,LP005,BR006,2022-05-13,2022-05-15,2022-05-16,879398,12.0,30,ACTIVE
L0000826,C000448,LP004,BR007,2026-01-31,2026-02-09,2026-02-11,1601165,16.0,36,ACTIVE
L0000827,C000833,LP005,BR002,2024-02-05,2024-02-08,2024-02-13,24539,12.0,35,ACTIVE
L0000828,C000687,LP001,BR001,2023-07-05,2023-07-09,2023-07-14,496324,14.5,57,ACTIVE
L0000829,C000876,LP003,BR002,2022-12-26,2023-01-01,2023-01-06,2052947,8.5,124,ACTIVE
L0000830,C000758,LP004,BR009,2023-04-19,2023-04-22,2023-04-25,896110,16.0,66,CLOSED
L0000831,C000678,LP005,BR005,2023-01-17,2023-01-26,2023-01-28,447376,12.0,15,ACTIVE
L0000832,C000395,LP005,BR004,2024-10-15,2024-10-17,2024-10-21,135674,12.0,28,CLOSED
L0000833,C000309,LP002,BR008,2022-09-18,2022-09-26,2022-09-29,704548,10.5,83,ACTIVE
L0000834,C000232,LP005,BR005,2023-09-01,2023-09-03,2023-09-06,537695,12.0,15,ACTIVE
L0000835,C000421,LP002,BR006,2025-03-27,2025-04-01,2025-04-05,1359108,10.5,51,ACTIVE
L0000836,C000419,LP005,BR004,2024-07-07,2024-07-11,2024-07-16,447066,12.0,21,ACTIVE
L0000837,C000664,LP003,BR008,2022-09-03,2022-09-07,2022-09-08,4490266,8.5,185,ACTIVE
L0000838,C000075,LP005,BR009,2025-10-21,2025-10-24,2025-10-25,726906,12.0,27,ACTIVE
L0000839,C000023,LP003,BR007,2025-10-12,2025-10-19,2025-10-23,4884409,8.5,180,ACTIVE
L0000840,C000890,LP001,BR007,2025-10-13,2025-10-15,2025-10-17,256994,14.5,37,DEFAULT
L0000841,C000484,LP005,BR008,2023-07-02,2023-07-04,2023-07-06,87853,12.0,23,CLOSED
L0000842,C000578,LP002,BR010,2023-01-29,2023-02-04,2023-02-06,1347723,10.5,63,ACTIVE
L0000843,C000422,LP004,BR001,2025-03-15,2025-03-19,2025-03-23,1620855,16.0,75,ACTIVE
L0000844,C000735,LP001,BR002,2021-11-24,2021-12-04,2021-12-09,193116,14.5,60,ACTIVE
L0000845,C000307,LP005,BR002,2023-10-13,2023-10-19,2023-10-23,719061,12.0,31,ACTIVE
L0000846,C000249,LP003,BR006,2022-01-28,2022-02-05,2022-02-10,2839504,8.5,49,ACTIVE
L0000847,C000597,LP004,BR001,2022-10-18,2022-10-20,2022-10-21,625734,16.0,74,ACTIVE
L0000848,C000135,LP004,BR006,2026-08-02,2026-08-06,2026-08-08,162334,16.0,24,ACTIVE
L0000849,C000864,LP001,BR004,2023-01-29,2023-01-31,2023-02-04,405523,14.5,13,CLOSED
L0000850,C000837,LP005,BR009,2022-11-08,2022-11-15,2022-11-20,732197,12.0,22,CLOSED
L0000851,C000876,LP005,BR002,2026-01-25,2026-01-30,2026-02-04,673506,12.0,15,ACTIVE
L0000852,C000519,LP001,BR006,2022-01-15,2022-01-24,2022-01-28,465619,14.5,41,CLOSED
L0000853,C000964,LP004,BR006,2026-07-29,2026-08-03,2026-08-07,1128129,16.0,76,ACTIVE
L0000854,C000198,LP002,BR008,2022-12-16,2022-12-25,2022-12-28,1233571,10.5,81,ACTIVE
L0000855,C000121,LP001,BR004,2022-03-08,2022-03-09,2022-03-13,112460,14.5,36,ACTIVE
L0000856,C000586,LP002,BR008,2023-02-14,2023-02-20,2023-02-24,1028107,10.5,70,ACTIVE
L0000857,C000669,LP005,BR003,2023-11-27,2023-11-28,2023-11-30,603707,12.0,33,ACTIVE
L0000858,C000037,LP005,BR001,2023-03-29,2023-04-01,2023-04-05,471601,12.0,16,ACTIVE
L0000859,C000444,LP003,BR002,2026-02-07,2026-02-14,2026-02-18,1417562,8.5,157,ACTIVE
L0000860,C000413,LP003,BR001,2025-02-26,2025-03-07,2025-03-12,4441122,8.5,133,DEFAULT
L0000861,C000976,LP002,BR006,2026-07-03,2026-07-06,2026-07-11,216889,10.5,62,ACTIVE
L0000862,C000241,LP003,BR010,2021-11-12,2021-11-20,2021-11-25,3669196,8.5,169,ACTIVE
L0000863,C000221,LP001,BR009,2024-02-13,2024-02-18,2024-02-21,82203,14.5,13,DEFAULT
L0000864,C000407,LP003,BR008,2022-06-09,2022-06-10,2022-06-12,3573670,8.5,101,DEFAULT
L0000865,C000096,LP003,BR008,2023-07-20,2023-07-21,2023-07-24,3692480,8.5,36,ACTIVE
L0000866,C000344,LP002,BR005,2025-07-12,2025-07-18,2025-07-21,963878,10.5,56,ACTIVE
L0000867,C000184,LP002,BR002,2025-09-19,2025-09-23,2025-09-25,592038,10.5,51,DEFAULT
L0000868,C000708,LP003,BR005,2025-10-21,2025-10-23,2025-10-24,3057791,8.5,41,ACTIVE
L0000869,C000419,LP004,BR009,2023-02-27,2023-03-02,2023-03-03,1229141,16.0,53,ACTIVE
L0000870,C000876,LP004,BR005,2023-07-29,2023-08-06,2023-08-10,1291285,16.0,77,ACTIVE
L0000871,C000714,LP005,BR001,2025-03-15,2025-03-20,2025-03-21,749765,12.0,27,DEFAULT
L0000872,C000180,LP004,BR007,2022-12-03,2022-12-04,2022-12-07,892173,16.0,85,ACTIVE
L0000873,C000233,LP002,BR005,2023-04-04,2023-04-10,2023-04-15,304945,10.5,74,ACTIVE
L0000874,C000635,LP004,BR001,2026-01-20,2026-01-24,2026-01-27,1141721,16.0,76,ACTIVE
L0000875,C000325,LP005,BR010,2023-12-16,2023-12-19,2023-12-24,334070,12.0,23,ACTIVE
L0000876,C000904,LP003,BR007,2023-02-19,2023-02-23,2023-02-27,1131839,8.5,227,DEFAULT
L0000877,C000939,LP001,BR009,2024-08-15,2024-08-19,2024-08-22,189017,14.5,15,ACTIVE
L0000878,C000150,LP003,BR010,2025-07-25,2025-08-04,2025-08-08,2394868,8.5,171,ACTIVE
L0000879,C000840,LP001,BR003,2022-04-17,2022-04-27,2022-04-28,360307,14.5,33,ACTIVE
L0000880,C000785,LP005,BR005,2023-08-31,2023-09-02,2023-09-07,860104,12.0,28,ACTIVE
L0000881,C000430,LP005,BR008,2024-12-04,2024-12-11,2024-12-13,384187,12.0,14,ACTIVE
L0000882,C000759,LP003,BR001,2024-12-26,2025-01-04,2025-01-07,4131516,8.5,181,DEFAULT
L0000883,C000113,LP005,BR002,2022-10-31,2022-11-06,2022-11-08,454439,12.0,24,ACTIVE
L0000884,C000354,LP002,BR004,2022-08-19,2022-08-29,2022-09-03,1050489,10.5,82,CLOSED
L0000885,C000044,LP003,BR002,2021-11-06,2021-11-07,2021-11-12,2064802,8.5,159,ACTIVE
L0000886,C000554,LP001,BR003,2023-06-06,2023-06-10,2023-06-14,190475,14.5,52,DEFAULT
L0000887,C000543,LP001,BR005,2026-02-26,2026-03-08,2026-03-12,346808,14.5,58,ACTIVE
L0000888,C000881,LP001,BR004,2025-12-30,2026-01-08,2026-01-10,240984,14.5,41,CLOSED
L0000889,C000050,LP002,BR006,2025-04-12,2025-04-16,2025-04-18,729723,10.5,67,ACTIVE
L0000890,C000579,LP005,BR006,2022-12-24,2022-12-30,2022-12-31,684721,12.0,18,ACTIVE
L0000891,C000867,LP001,BR002,2022-07-12,2022-07-17,2022-07-20,388712,14.5,22,ACTIVE
L0000892,C000195,LP005,BR003,2023-03-21,2023-03-31,2023-04-02,445581,12.0,19,ACTIVE
L0000893,C000373,LP005,BR008,2025-10-03,2025-10-06,2025-10-08,49049,12.0,19,ACTIVE
L0000894,C000585,LP005,BR004,2022-01-15,2022-01-23,2022-01-27,607019,12.0,25,ACTIVE
L0000895,C000430,LP004,BR004,2026-03-25,2026-03-26,2026-03-28,434198,16.0,46,CLOSED
L0000896,C000535,LP003,BR009,2025-12-27,2025-12-28,2025-12-31,2830120,8.5,180,DEFAULT
L0000897,C000331,LP004,BR008,2022-09-16,2022-09-19,2022-09-20,1615137,16.0,74,ACTIVE
L0000898,C000483,LP002,BR005,2022-07-02,2022-07-03,2022-07-04,758306,10.5,50,ACTIVE
L0000899,C000143,LP005,BR009,2025-10-23,2025-10-30,2025-11-02,724299,12.0,33,ACTIVE
L0000900,C000321,LP005,BR001,2022-10-25,2022-11-01,2022-11-03,267507,12.0,15,DEFAULT
L0000901,C000423,LP001,BR007,2026-04-18,2026-04-27,2026-04-28,323656,14.5,54,DEFAULT
L0000902,C000012,LP003,BR008,2021-09-19,2021-09-28,2021-10-01,4664533,8.5,238,ACTIVE
L0000903,C000752,LP002,BR004,2025-05-18,2025-05-22,2025-05-27,356433,10.5,52,ACTIVE
L0000904,C000958,LP002,BR005,2026-02-23,2026-03-05,2026-03-09,594798,10.5,66,CLOSED
L0000905,C000588,LP005,BR005,2025-04-15,2025-04-18,2025-04-19,203662,12.0,18,ACTIVE
L0000906,C000578,LP004,BR003,2024-11-09,2024-11-17,2024-11-21,633318,16.0,87,ACTIVE
L0000907,C000284,LP005,BR010,2022-01-28,2022-02-05,2022-02-10,412906,12.0,34,ACTIVE
L0000908,C000536,LP005,BR004,2026-03-20,2026-03-26,2026-03-31,464366,12.0,27,CLOSED
L0000909,C000872,LP003,BR009,2025-05-10,2025-05-15,2025-05-17,3545048,8.5,133,ACTIVE
L0000910,C000834,LP002,BR005,2023-08-29,2023-09-03,2023-09-04,1453496,10.5,16,ACTIVE
L0000911,C000683,LP002,BR007,2025-10-22,2025-10-26,2025-10-29,1259154,10.5,61,ACTIVE
L0000912,C000051,LP003,BR006,2024-12-13,2024-12-19,2024-12-20,4987156,8.5,233,CLOSED
L0000913,C000643,LP004,BR001,2024-09-09,2024-09-17,2024-09-21,116496,16.0,62,ACTIVE
L0000914,C000737,LP004,BR010,2026-08-10,2026-08-15,2026-08-16,1825343,16.0,108,CLOSED
L0000915,C000785,LP002,BR010,2022-07-16,2022-07-21,2022-07-23,436020,10.5,68,ACTIVE
L0000916,C000866,LP005,BR003,2025-04-29,2025-05-06,2025-05-07,307348,12.0,14,ACTIVE
L0000917,C000422,LP002,BR001,2022-11-05,2022-11-13,2022-11-17,797769,10.5,66,ACTIVE
L0000918,C000514,LP001,BR004,2023-11-15,2023-11-18,2023-11-21,315465,14.5,16,ACTIVE
L0000919,C000670,LP005,BR008,2025-10-07,2025-10-14,2025-10-19,784654,12.0,29,ACTIVE
L0000920,C000886,LP001,BR010,2023-09-08,2023-09-16,2023-09-17,449494,14.5,15,CLOSED
L0000921,C000136,LP001,BR001,2022-06-03,2022-06-11,2022-06-13,51612,14.5,37,CLOSED
L0000922,C000927,LP003,BR009,2024-02-13,2024-02-18,2024-02-21,1189812,8.5,40,CLOSED
L0000923,C000562,LP005,BR003,2026-05-02,2026-05-06,2026-05-11,768226,12.0,36,CLOSED
L0000924,C000164,LP003,BR004,2025-03-08,2025-03-18,2025-03-22,3179314,8.5,127,ACTIVE
L0000925,C000561,LP002,BR004,2023-11-25,2023-11-28,2023-12-01,463811,10.5,53,ACTIVE
L0000926,C000137,LP005,BR009,2023-04-26,2023-04-30,2023-05-01,454631,12.0,23,CLOSED
L0000927,C000884,LP002,BR001,2021-10-02,2021-10-09,2021-10-13,1296195,10.5,40,ACTIVE
L0000928,C000203,LP002,BR001,2021-10-08,2021-10-09,2021-10-14,1457081,10.5,41,ACTIVE
L0000929,C000377,LP001,BR003,2026-08-16,2026-08-24,2026-08-26,187249,14.5,56,CLOSED
L0000930,C000883,LP005,BR007,2026-02-25,2026-02-26,2026-03-02,668024,12.0,25,DEFAULT
L0000931,C000834,LP001,BR007,2022-09-17,2022-09-22,2022-09-24,96693,14.5,35,CLOSED
L0000932,C000753,LP004,BR001,2026-02-16,2026-02-26,2026-02-27,129601,16.0,103,DEFAULT
L0000933,C000863,LP002,BR004,2021-10-08,2021-10-15,2021-10-19,1136305,10.5,27,CLOSED
L0000934,C000233,LP002,BR003,2024-11-24,2024-11-28,2024-11-30,658267,10.5,48,ACTIVE
L0000935,C000021,LP003,BR008,2023-06-16,2023-06-23,2023-06-25,4118078,8.5,231,CLOSED
L0000936,C000645,LP005,BR004,2024-05-24,2024-06-03,2024-06-05,884119,12.0,21,CLOSED
L0000937,C000097,LP004,BR001,2025-03-09,2025-03-16,2025-03-18,956737,16.0,113,CLOSED
L0000938,C000537,LP001,BR008,2024-10-15,2024-10-16,2024-10-19,187258,14.5,27,DEFAULT
L0000939,C000962,LP002,BR003,2022-08-13,2022-08-21,2022-08-23,875186,10.5,70,ACTIVE
L0000940,C000805,LP004,BR007,2023-01-09,2023-01-10,2023-01-14,379350,16.0,53,ACTIVE
L0000941,C000537,LP003,BR004,2025-05-01,2025-05-05,2025-05-09,4050821,8.5,200,DEFAULT
L0000942,C000636,LP004,BR009,2023-11-13,2023-11-18,2023-11-19,299815,16.0,83,ACTIVE
L0000943,C000100,LP002,BR010,2023-12-06,2023-12-07,2023-12-10,592498,10.5,72,ACTIVE
L0000944,C000594,LP003,BR009,2026-04-08,2026-04-18,2026-04-23,881781,8.5,13,ACTIVE
L0000945,C000183,LP005,BR001,2025-04-23,2025-05-02,2025-05-07,419442,12.0,21,ACTIVE
L0000946,C000525,LP004,BR004,2026-07-06,2026-07-12,2026-07-14,1971133,16.0,83,ACTIVE
L0000947,C000408,LP004,BR007,2024-10-26,2024-11-05,2024-11-07,645871,16.0,33,DEFAULT
L0000948,C000726,LP004,BR009,2024-01-20,2024-01-28,2024-01-31,1941082,16.0,71,CLOSED
L0000949,C000714,LP001,BR009,2025-02-01,2025-02-03,2025-02-06,422378,14.5,45,ACTIVE
L0000950,C000504,LP003,BR007,2023-06-10,2023-06-13,2023-06-16,1480142,8.5,92,ACTIVE
L0000951,C000140,LP002,BR008,2025-03-22,2025-03-25,2025-03-29,689301,10.5,58,ACTIVE
L0000952,C000231,LP001,BR008,2026-05-28,2026-06-02,2026-06-05,371352,14.5,60,ACTIVE
L0000953,C000838,LP002,BR008,2026-06-14,2026-06-23,2026-06-26,1013887,10.5,33,ACTIVE
L0000954,C000257,LP003,BR001,2025-10-23,2025-10-31,2025-11-02,4190900,8.5,25,CLOSED
L0000955,C000850,LP001,BR002,2023-03-25,2023-03-28,2023-03-29,170513,14.5,23,ACTIVE
L0000956,C000641,LP004,BR008,2024-11-09,2024-11-17,2024-11-20,442999,16.0,102,ACTIVE
L0000957,C000595,LP005,BR001,2026-06-19,2026-06-26,2026-06-27,958659,12.0,27,ACTIVE
L0000958,C000256,LP003,BR004,2026-06-06,2026-06-14,2026-06-17,4570148,8.5,129,ACTIVE
L0000959,C000789,LP005,BR002,2025-10-27,2025-10-29,2025-10-31,149660,12.0,23,ACTIVE
L0000960,C000103,LP004,BR009,2023-11-13,2023-11-17,2023-11-20,478860,16.0,118,CLOSED
L0000961,C000101,LP002,BR008,2024-04-25,2024-05-04,2024-05-07,1281215,10.5,39,DEFAULT
L0000962,C000329,LP004,BR007,2026-08-15,2026-08-16,2026-08-21,1708196,16.0,85,CLOSED
L0000963,C000880,LP004,BR008,2024-08-20,2024-08-27,2024-08-28,616229,16.0,110,ACTIVE
L0000964,C000889,LP002,BR002,2025-02-03,2025-02-05,2025-02-08,154446,10.5,48,ACTIVE
L0000965,C000233,LP002,BR004,2022-11-18,2022-11-25,2022-11-28,1338029,10.5,25,ACTIVE
L0000966,C000075,LP004,BR002,2022-09-20,2022-09-23,2022-09-24,270001,16.0,70,ACTIVE
L0000967,C000065,LP001,BR009,2023-08-30,2023-09-07,2023-09-10,361534,14.5,54,ACTIVE
L0000968,C000319,LP002,BR004,2025-07-04,2025-07-10,2025-07-11,1476094,10.5,69,ACTIVE
L0000969,C000554,LP002,BR001,2023-01-31,2023-02-10,2023-02-12,543268,10.5,18,ACTIVE
L0000970,C000055,LP004,BR008,2022-07-24,2022-07-30,2022-07-31,1659861,16.0,21,DEFAULT
L0000971,C000924,LP003,BR004,2023-07-14,2023-07-24,2023-07-28,1276374,8.5,114,ACTIVE
L0000972,C000767,LP002,BR001,2026-01-12,2026-01-15,2026-01-17,936590,10.5,23,ACTIVE
L0000973,C000420,LP001,BR001,2025-02-11,2025-02-15,2025-02-17,253687,14.5,37,ACTIVE
L0000974,C000337,LP003,BR009,2024-08-02,2024-08-05,2024-08-06,3004390,8.5,137,ACTIVE
L0000975,C000028,LP003,BR002,2026-05-23,2026-05-28,2026-06-02,1601312,8.5,103,ACTIVE
L0000976,C000115,LP004,BR006,2022-02-24,2022-03-02,2022-03-07,519160,16.0,74,ACTIVE
L0000977,C000347,LP005,BR004,2023-01-28,2023-02-04,2023-02-08,301521,12.0,30,DEFAULT
L0000978,C000983,LP003,BR004,2025-01-06,2025-01-13,2025-01-14,4044491,8.5,219,ACTIVE
L0000979,C000179,LP001,BR002,2021-10-02,2021-10-12,2021-10-14,277596,14.5,52,ACTIVE
L0000980,C000257,LP005,BR007,2022-06-26,2022-06-28,2022-06-29,558277,12.0,22,ACTIVE
L0000981,C000276,LP002,BR010,2022-12-11,2022-12-15,2022-12-17,1138766,10.5,79,DEFAULT
L0000982,C000113,LP004,BR004,2025-09-20,2025-09-22,2025-09-25,1081926,16.0,67,ACTIVE
L0000983,C000680,LP004,BR007,2025-05-30,2025-06-07,2025-06-10,411650,16.0,28,ACTIVE
L0000984,C000028,LP004,BR003,2022-06-16,2022-06-20,2022-06-25,997018,16.0,49,DEFAULT
L0000985,C000006,LP004,BR004,2022-04-03,2022-04-04,2022-04-09,260500,16.0,17,DEFAULT
L0000986,C000927,LP003,BR008,2023-12-12,2023-12-14,2023-12-19,4064432,8.5,117,ACTIVE
L0000987,C000658,LP001,BR004,2023-08-06,2023-08-14,2023-08-19,476154,14.5,28,ACTIVE
L0000988,C000996,LP003,BR003,2024-11-11,2024-11-16,2024-11-21,1185932,8.5,208,DEFAULT
L0000989,C000392,LP005,BR007,2022-05-22,2022-05-23,2022-05-24,796487,12.0,33,ACTIVE
L0000990,C000335,LP003,BR008,2022-01-11,2022-01-14,2022-01-16,3796365,8.5,23,ACTIVE
L0000991,C000439,LP001,BR002,2024-12-23,2024-12-30,2025-01-02,214598,14.5,49,ACTIVE
L0000992,C000443,LP004,BR005,2025-02-11,2025-02-19,2025-02-24,1794150,16.0,45,ACTIVE
L0000993,C000783,LP002,BR008,2026-02-20,2026-02-23,2026-02-25,488156,10.5,22,DEFAULT
L0000994,C000921,LP005,BR006,2024-02-23,2024-02-28,2024-02-29,474871,12.0,29,ACTIVE
L0000995,C000011,LP005,BR007,2022-03-13,2022-03-14,2022-03-18,142346,12.0,12,CLOSED
L0000996,C000055,LP003,BR005,2023-03-14,2023-03-22,2023-03-26,3898154,8.5,234,DEFAULT
L0000997,C000657,LP001,BR009,2025-11-29,2025-12-07,2025-12-10,374271,14.5,51,ACTIVE
L0000998,C000979,LP005,BR003,2025-06-10,2025-06-17,2025-06-20,111892,12.0,16,CLOSED
L0000999,C000651,LP002,BR005,2021-10-19,2021-10-20,2021-10-22,334697,10.5,14,CLOSED
L0001000,C000147,LP004,BR005,2023-06-04,2023-06-05,2023-06-07,1108975,16.0,95,CLOSED
L0001001,C000903,LP001,BR001,2026-02-11,2026-02-15,2026-02-19,491497,14.5,52,DEFAULT
L0001002,C000479,LP004,BR002,2024-02-21,2024-02-25,2024-02-26,731070,16.0,110,ACTIVE
L0001003,C000969,LP002,BR003,2023-05-14,2023-05-17,2023-05-21,984744,10.5,14,ACTIVE
L0001004,C000380,LP005,BR008,2021-12-29,2022-01-01,2022-01-03,794668,12.0,34,ACTIVE
L0001005,C000060,LP001,BR007,2026-01-19,2026-01-27,2026-01-31,60290,14.5,40,DEFAULT
L0001006,C000707,LP004,BR004,2026-02-04,2026-02-08,2026-02-10,718306,16.0,84,ACTIVE
L0001007,C000093,LP005,BR007,2023-09-05,2023-09-06,2023-09-09,28256,12.0,15,ACTIVE
L0001008,C000422,LP002,BR006,2023-02-24,2023-03-03,2023-03-07,1313540,10.5,82,ACTIVE
L0001009,C000366,LP001,BR007,2022-01-06,2022-01-07,2022-01-11,259547,14.5,43,DEFAULT
L0001010,C000484,LP005,BR005,2024-10-07,2024-10-17,2024-10-22,731634,12.0,27,CLOSED
L0001011,C000230,LP003,BR006,2023-09-29,2023-09-30,2023-10-05,659548,8.5,120,DEFAULT
L0001012,C000736,LP003,BR007,2021-09-16,2021-09-22,2021-09-27,1032765,8.5,80,ACTIVE
L0001013,C000992,LP002,BR003,2023-01-18,2023-01-26,2023-01-27,1137647,10.5,56,ACTIVE
L0001014,C000316,LP001,BR009,2022-06-12,2022-06-19,2022-06-20,134585,14.5,30,CLOSED
L0001015,C000104,LP005,BR002,2024-01-21,2024-01-29,2024-02-01,479392,12.0,19,DEFAULT
L0001016,C000150,LP004,BR009,2025-02-07,2025-02-11,2025-02-16,1536494,16.0,55,DEFAULT
L0001017,C000824,LP002,BR007,2024-09-17,2024-09-25,2024-09-27,715291,10.5,61,ACTIVE
L0001018,C000565,LP002,BR008,2025-01-25,2025-01-31,2025-02-04,439792,10.5,38,ACTIVE
L0001019,C000314,LP005,BR001,2025-02-26,2025-02-28,2025-03-04,155367,12.0,17,CLOSED
L0001020,C000970,LP001,BR007,2023-05-31,2023-06-03,2023-06-08,308047,14.5,18,ACTIVE
L0001021,C000363,LP001,BR002,2026-02-10,2026-02-18,2026-02-21,173060,14.5,25,DEFAULT
L0001022,C000553,LP003,BR005,2021-11-02,2021-11-03,2021-11-04,3509721,8.5,237,ACTIVE
L0001023,C000969,LP002,BR005,2022-04-17,2022-04-23,2022-04-25,466403,10.5,76,ACTIVE
L0001024,C000248,LP001,BR003,2022-06-23,2022-06-25,2022-06-28,275769,14.5,19,DEFAULT
L0001025,C000442,LP002,BR009,2026-05-20,2026-05-24,2026-05-25,1278560,10.5,40,ACTIVE
L0001026,C000334,LP001,BR004,2024-02-16,2024-02-21,2024-02-24,461506,14.5,34,ACTIVE
L0001027,C000452,LP005,BR007,2026-06-19,2026-06-28,2026-07-01,959857,12.0,16,DEFAULT
L0001028,C000505,LP001,BR003,2024-09-01,2024-09-11,2024-09-12,420359,14.5,15,ACTIVE
L0001029,C000883,LP004,BR007,2024-08-30,2024-09-07,2024-09-08,322071,16.0,112,DEFAULT
L0001030,C000407,LP001,BR003,2024-01-23,2024-02-02,2024-02-03,481808,14.5,47,ACTIVE
L0001031,C000471,LP004,BR005,2023-08-20,2023-08-29,2023-08-30,450321,16.0,92,ACTIVE
L0001032,C000879,LP002,BR003,2023-05-13,2023-05-17,2023-05-20,429321,10.5,49,ACTIVE
L0001033,C000790,LP002,BR008,2025-07-29,2025-08-07,2025-08-11,308235,10.5,31,ACTIVE
L0001034,C000864,LP004,BR008,2025-02-22,2025-02-28,2025-03-02,357915,16.0,120,CLOSED
L0001035,C000864,LP004,BR002,2026-08-07,2026-08-15,2026-08-19,1713169,16.0,110,ACTIVE
L0001036,C000362,LP003,BR002,2021-09-30,2021-10-04,2021-10-08,3363200,8.5,85,DEFAULT
L0001037,C000365,LP005,BR006,2023-12-06,2023-12-09,2023-12-10,298937,12.0,23,ACTIVE
L0001038,C000022,LP004,BR006,2023-03-13,2023-03-19,2023-03-21,417951,16.0,108,DEFAULT
L0001039,C000307,LP002,BR009,2025-03-03,2025-03-10,2025-03-12,389395,10.5,66,ACTIVE
L0001040,C000390,LP004,BR009,2026-01-05,2026-01-12,2026-01-16,1887592,16.0,78,ACTIVE
L0001041,C000484,LP005,BR001,2022-08-12,2022-08-13,2022-08-17,172656,12.0,36,ACTIVE
L0001042,C000685,LP005,BR009,2026-06-17,2026-06-26,2026-06-27,108896,12.0,22,ACTIVE
L0001043,C000008,LP005,BR004,2022-04-28,2022-05-05,2022-05-07,475157,12.0,13,ACTIVE
L0001044,C000672,LP004,BR007,2025-12-27,2025-12-28,2025-12-30,1992703,16.0,85,ACTIVE
L0001045,C000614,LP003,BR010,2024-03-18,2024-03-27,2024-03-30,4017387,8.5,114,DEFAULT
L0001046,C000327,LP004,BR007,2024-08-07,2024-08-12,2024-08-15,821750,16.0,13,ACTIVE
L0001047,C000172,LP004,BR007,2022-09-14,2022-09-23,2022-09-28,407991,16.0,101,ACTIVE
L0001048,C000433,LP002,BR008,2026-01-27,2026-02-04,2026-02-06,1241742,10.5,68,ACTIVE
L0001049,C000198,LP005,BR007,2023-11-25,2023-12-02,2023-12-04,943768,12.0,21,ACTIVE
L0001050,C000600,LP004,BR002,2026-04-14,2026-04-15,2026-04-20,801482,16.0,61,CLOSED
L0001051,C000142,LP002,BR006,2026-08-07,2026-08-16,2026-08-21,695439,10.5,39,ACTIVE
L0001052,C000526,LP001,BR009,2023-11-02,2023-11-11,2023-11-16,213710,14.5,45,ACTIVE
L0001053,C000036,LP002,BR002,2025-06-22,2025-06-25,2025-06-26,158492,10.5,81,DEFAULT
L0001054,C000097,LP004,BR001,2024-11-30,2024-12-05,2024-12-07,1845310,16.0,111,ACTIVE
L0001055,C000684,LP003,BR007,2026-07-01,2026-07-08,2026-07-13,1426453,8.5,199,ACTIVE
L0001056,C000635,LP003,BR002,2025-10-27,2025-11-02,2025-11-05,4757213,8.5,102,ACTIVE
L0001057,C000675,LP004,BR005,2023-10-11,2023-10-12,2023-10-13,1041069,16.0,50,DEFAULT
L0001058,C000645,LP004,BR010,2024-08-06,2024-08-07,2024-08-11,810893,16.0,42,DEFAULT
L0001059,C000624,LP001,BR009,2025-08-11,2025-08-21,2025-08-26,492758,14.5,50,CLOSED
L0001060,C000501,LP002,BR004,2025-08-17,2025-08-23,2025-08-26,696714,10.5,29,ACTIVE
L0001061,C000886,LP003,BR005,2021-12-09,2021-12-18,2021-12-20,1382707,8.5,95,DEFAULT
L0001062,C000451,LP005,BR003,2025-10-22,2025-11-01,2025-11-03,882813,12.0,36,ACTIVE
L0001063,C000244,LP002,BR004,2022-09-12,2022-09-20,2022-09-21,407344,10.5,66,ACTIVE
L0001064,C000795,LP002,BR006,2023-11-26,2023-11-28,2023-11-29,230429,10.5,66,CLOSED
L0001065,C000832,LP002,BR004,2022-04-13,2022-04-21,2022-04-23,1035673,10.5,21,ACTIVE
L0001066,C000915,LP003,BR009,2024-12-17,2024-12-26,2024-12-30,4853226,8.5,211,ACTIVE
L0001067,C000333,LP002,BR003,2023-08-01,2023-08-06,2023-08-11,1146116,10.5,66,ACTIVE
L0001068,C000654,LP003,BR002,2023-08-31,2023-09-08,2023-09-12,1866024,8.5,48,DEFAULT
L0001069,C000576,LP004,BR003,2024-05-23,2024-05-26,2024-05-30,1591390,16.0,70,CLOSED
L0001070,C000882,LP001,BR008,2025-03-20,2025-03-29,2025-04-03,111896,14.5,56,CLOSED
L0001071,C000967,LP001,BR006,2024-09-17,2024-09-25,2024-09-29,67095,14.5,59,CLOSED
L0001072,C000026,LP002,BR004,2026-02-06,2026-02-15,2026-02-18,349070,10.5,64,ACTIVE
L0001073,C000293,LP001,BR009,2026-04-07,2026-04-09,2026-04-12,349769,14.5,30,ACTIVE
L0001074,C000672,LP005,BR006,2021-10-16,2021-10-25,2021-10-27,143461,12.0,23,ACTIVE
L0001075,C000762,LP001,BR007,2023-12-13,2023-12-19,2023-12-22,204130,14.5,43,ACTIVE
L0001076,C000571,LP003,BR003,2023-10-27,2023-10-30,2023-11-01,4037953,8.5,24,ACTIVE
L0001077,C000305,LP002,BR004,2024-02-25,2024-03-01,2024-03-03,483940,10.5,74,ACTIVE
L0001078,C000378,LP003,BR007,2022-07-01,2022-07-03,2022-07-08,3424679,8.5,29,ACTIVE
L0001079,C000555,LP001,BR006,2025-02-06,2025-02-13,2025-02-17,350448,14.5,31,DEFAULT
L0001080,C000162,LP002,BR010,2024-08-13,2024-08-21,2024-08-24,891267,10.5,72,DEFAULT
L0001081,C000636,LP004,BR004,2022-05-10,2022-05-13,2022-05-15,1158566,16.0,93,ACTIVE
L0001082,C000059,LP005,BR003,2026-06-04,2026-06-12,2026-06-16,176219,12.0,35,ACTIVE
L0001083,C000778,LP002,BR009,2023-03-24,2023-03-26,2023-03-31,1493562,10.5,64,ACTIVE
L0001084,C000206,LP003,BR004,2025-10-05,2025-10-09,2025-10-13,3343720,8.5,150,ACTIVE
L0001085,C000555,LP002,BR010,2024-05-18,2024-05-26,2024-05-29,1454585,10.5,23,CLOSED
L0001086,C000323,LP002,BR003,2024-09-18,2024-09-19,2024-09-24,1421434,10.5,51,DEFAULT
L0001087,C000751,LP001,BR001,2023-07-27,2023-07-29,2023-08-03,94644,14.5,24,DEFAULT
L0001088,C000065,LP003,BR003,2026-08-03,2026-08-12,2026-08-17,943542,8.5,157,DEFAULT
L0001089,C000466,LP002,BR009,2023-12-30,2024-01-03,2024-01-07,1154109,10.5,14,ACTIVE
L0001090,C000443,LP005,BR008,2023-04-06,2023-04-15,2023-04-17,39895,12.0,20,CLOSED
L0001091,C000482,LP003,BR009,2023-04-29,2023-05-03,2023-05-08,4226466,8.5,33,DEFAULT
L0001092,C000020,LP002,BR007,2025-12-14,2025-12-24,2025-12-27,942631,10.5,17,ACTIVE
L0001093,C000442,LP003,BR002,2023-05-29,2023-05-30,2023-06-02,4165967,8.5,58,ACTIVE
L0001094,C000008,LP004,BR007,2023-09-15,2023-09-16,2023-09-21,765599,16.0,60,ACTIVE
L0001095,C000094,LP003,BR008,2023-10-08,2023-10-10,2023-10-11,1333270,8.5,150,CLOSED
L0001096,C000747,LP002,BR009,2023-12-19,2023-12-24,2023-12-26,483084,10.5,44,ACTIVE
L0001097,C000894,LP004,BR002,2023-06-20,2023-06-23,2023-06-26,954120,16.0,98,CLOSED
L0001098,C000841,LP004,BR002,2023-08-29,2023-08-30,2023-09-04,782184,16.0,35,ACTIVE
L0001099,C000442,LP003,BR009,2023-06-07,2023-06-08,2023-06-11,3771051,8.5,37,ACTIVE
L0001100,C000255,LP005,BR007,2023-10-31,2023-11-03,2023-11-07,956389,12.0,22,ACTIVE
L0001101,C000608,LP003,BR002,2024-09-26,2024-10-03,2024-10-04,935185,8.5,63,CLOSED
L0001102,C000437,LP002,BR002,2023-01-13,2023-01-23,2023-01-28,595957,10.5,75,DEFAULT
L0001103,C000815,LP004,BR010,2022-08-13,2022-08-22,2022-08-26,341343,16.0,46,ACTIVE
L0001104,C000831,LP001,BR002,2022-09-23,2022-09-29,2022-10-03,339994,14.5,38,ACTIVE
L0001105,C000303,LP001,BR009,2022-05-17,2022-05-25,2022-05-26,263644,14.5,52,CLOSED
L0001106,C000609,LP003,BR005,2025-11-24,2025-11-25,2025-11-28,1351522,8.5,75,DEFAULT
L0001107,C000411,LP003,BR009,2021-10-06,2021-10-09,2021-10-12,3912032,8.5,126,ACTIVE
L0001108,C000920,LP003,BR002,2026-04-25,2026-05-04,2026-05-06,1694261,8.5,107,DEFAULT
L0001109,C000897,LP004,BR007,2022-01-25,2022-01-28,2022-01-30,1227293,16.0,66,DEFAULT
L0001110,C000231,LP002,BR008,2025-10-23,2025-10-31,2025-11-01,102099,10.5,71,DEFAULT
L0001111,C000056,LP003,BR001,2024-11-12,2024-11-17,2024-11-19,504554,8.5,27,ACTIVE
L0001112,C000817,LP004,BR006,2024-05-22,2024-05-27,2024-06-01,626152,16.0,119,ACTIVE
L0001113,C000492,LP005,BR008,2025-11-23,2025-11-29,2025-12-01,633583,12.0,28,ACTIVE
L0001114,C000076,LP001,BR010,2026-08-05,2026-08-06,2026-08-08,437544,14.5,46,DEFAULT
L0001115,C000347,LP005,BR005,2024-01-17,2024-01-19,2024-01-22,114073,12.0,24,ACTIVE
L0001116,C000375,LP003,BR002,2025-11-18,2025-11-21,2025-11-26,2844266,8.5,236,ACTIVE
L0001117,C000131,LP003,BR005,2023-04-07,2023-04-11,2023-04-16,4734739,8.5,217,ACTIVE
L0001118,C000426,LP003,BR008,2026-01-21,2026-01-27,2026-01-30,4297674,8.5,81,CLOSED
L0001119,C000049,LP001,BR004,2024-02-03,2024-02-09,2024-02-12,160427,14.5,41,DEFAULT
L0001120,C000865,LP001,BR009,2025-02-03,2025-02-09,2025-02-10,412726,14.5,20,ACTIVE
L0001121,C000533,LP004,BR006,2023-08-07,2023-08-17,2023-08-21,108974,16.0,13,CLOSED
L0001122,C000772,LP005,BR003,2026-08-12,2026-08-19,2026-08-24,958756,12.0,34,ACTIVE
L0001123,C000432,LP002,BR008,2022-10-19,2022-10-26,2022-10-31,270181,10.5,21,DEFAULT
L0001124,C000494,LP005,BR010,2022-03-03,2022-03-04,2022-03-08,724900,12.0,15,ACTIVE
L0001125,C000440,LP004,BR007,2026-03-07,2026-03-14,2026-03-19,850708,16.0,61,CLOSED
L0001126,C000348,LP002,BR007,2025-04-22,2025-04-23,2025-04-24,1070336,10.5,59,CLOSED
L0001127,C000327,LP005,BR004,2025-10-11,2025-10-19,2025-10-20,252281,12.0,35,ACTIVE
L0001128,C000154,LP002,BR006,2026-04-23,2026-04-28,2026-05-01,501629,10.5,23,DEFAULT
L0001129,C000674,LP003,BR003,2021-12-26,2021-12-31,2022-01-02,2465098,8.5,138,ACTIVE
L0001130,C000599,LP002,BR001,2025-12-25,2025-12-26,2025-12-29,1133555,10.5,38,ACTIVE
L0001131,C000333,LP002,BR009,2024-08-29,2024-09-02,2024-09-06,332671,10.5,47,DEFAULT
L0001132,C000755,LP002,BR004,2025-01-21,2025-01-30,2025-02-03,457516,10.5,82,CLOSED
L0001133,C000539,LP003,BR006,2023-03-13,2023-03-23,2023-03-28,1972442,8.5,28,DEFAULT
L0001134,C000428,LP005,BR002,2025-08-06,2025-08-09,2025-08-10,153620,12.0,20,DEFAULT
L0001135,C000241,LP005,BR009,2022-09-24,2022-09-28,2022-10-03,784305,12.0,20,CLOSED
L0001136,C000438,LP004,BR010,2026-02-12,2026-02-13,2026-02-18,1388608,16.0,44,DEFAULT
L0001137,C000958,LP004,BR010,2025-08-15,2025-08-23,2025-08-24,995723,16.0,94,ACTIVE
L0001138,C000916,LP003,BR008,2024-05-23,2024-05-29,2024-06-02,3913122,8.5,82,ACTIVE
L0001139,C000943,LP004,BR001,2021-10-12,2021-10-21,2021-10-25,1139295,16.0,58,DEFAULT
L0001140,C000351,LP003,BR006,2021-10-22,2021-10-23,2021-10-25,893968,8.5,83,ACTIVE
L0001141,C000948,LP003,BR007,2023-07-02,2023-07-11,2023-07-15,3152829,8.5,13,ACTIVE
L0001142,C000286,LP005,BR002,2024-12-07,2024-12-11,2024-12-14,105782,12.0,30,ACTIVE
L0001143,C000222,LP002,BR005,2022-07-26,2022-07-30,2022-08-03,256112,10.5,43,CLOSED
L0001144,C000590,LP002,BR006,2024-06-23,2024-06-26,2024-06-29,751807,10.5,20,ACTIVE
L0001145,C000862,LP001,BR003,2024-10-13,2024-10-14,2024-10-18,276465,14.5,13,DEFAULT
L0001146,C000867,LP002,BR007,2023-12-01,2023-12-07,2023-12-10,618318,10.5,25,ACTIVE
L0001147,C000949,LP002,BR010,2023-04-20,2023-04-24,2023-04-27,214153,10.5,54,DEFAULT
L0001148,C000716,LP002,BR003,2026-05-17,2026-05-21,2026-05-22,1358217,10.5,68,ACTIVE
L0001149,C000228,LP005,BR001,2023-12-11,2023-12-19,2023-12-24,150889,12.0,14,ACTIVE
L0001150,C000191,LP002,BR002,2023-09-22,2023-09-23,2023-09-27,756994,10.5,20,CLOSED
L0001151,C000499,LP004,BR005,2024-01-01,2024-01-02,2024-01-06,214900,16.0,50,DEFAULT
L0001152,C000200,LP003,BR004,2025-09-19,2025-09-26,2025-09-27,1354191,8.5,185,ACTIVE
L0001153,C000550,LP003,BR006,2024-08-16,2024-08-25,2024-08-26,2973941,8.5,229,ACTIVE
L0001154,C000635,LP001,BR003,2024-10-26,2024-11-02,2024-11-03,373644,14.5,60,ACTIVE
L0001155,C000493,LP002,BR010,2023-04-10,2023-04-14,2023-04-19,1483541,10.5,13,ACTIVE
L0001156,C000932,LP005,BR001,2025-12-13,2025-12-20,2025-12-24,853790,12.0,25,DEFAULT
L0001157,C000977,LP004,BR002,2025-04-25,2025-05-05,2025-05-06,812227,16.0,95,ACTIVE
L0001158,C000393,LP001,BR003,2023-07-02,2023-07-10,2023-07-15,222068,14.5,49,CLOSED
L0001159,C000818,LP002,BR006,2025-04-10,2025-04-12,2025-04-13,125771,10.5,20,DEFAULT
L0001160,C000798,LP005,BR001,2024-11-15,2024-11-19,2024-11-24,152101,12.0,32,DEFAULT
L0001161,C000039,LP004,BR002,2024-10-24,2024-10-29,2024-11-01,982915,16.0,73,DEFAULT
L0001162,C000727,LP005,BR003,2025-02-11,2025-02-19,2025-02-21,274963,12.0,16,ACTIVE
L0001163,C000498,LP004,BR003,2024-02-01,2024-02-02,2024-02-04,753612,16.0,86,ACTIVE
L0001164,C000080,LP001,BR006,2025-07-17,2025-07-26,2025-07-29,213152,14.5,49,DEFAULT
L0001165,C000239,LP001,BR002,2023-03-28,2023-03-31,2023-04-02,296165,14.5,31,DEFAULT
L0001166,C000987,LP001,BR008,2026-07-27,2026-08-02,2026-08-05,243373,14.5,12,DEFAULT
L0001167,C000460,LP003,BR009,2022-10-28,2022-11-07,2022-11-09,980815,8.5,72,DEFAULT
L0001168,C000275,LP001,BR006,2026-08-10,2026-08-19,2026-08-20,271281,14.5,34,CLOSED
L0001169,C000249,LP003,BR004,2023-08-27,2023-08-31,2023-09-02,1073812,8.5,99,CLOSED
L0001170,C000574,LP002,BR009,2022-07-23,2022-07-31,2022-08-04,1357792,10.5,54,DEFAULT
L0001171,C000608,LP003,BR001,2024-01-02,2024-01-12,2024-01-15,3013491,8.5,119,ACTIVE
L0001172,C000438,LP002,BR008,2023-09-18,2023-09-21,2023-09-22,1052740,10.5,17,ACTIVE
L0001173,C000559,LP003,BR008,2026-06-07,2026-06-11,2026-06-12,2370870,8.5,189,CLOSED
L0001174,C000798,LP003,BR004,2025-05-20,2025-05-28,2025-06-02,2287935,8.5,73,ACTIVE
L0001175,C000298,LP003,BR010,2024-12-12,2024-12-18,2024-12-22,2222318,8.5,114,CLOSED
L0001176,C000526,LP005,BR008,2023-05-18,2023-05-19,2023-05-22,30372,12.0,14,ACTIVE
L0001177,C000755,LP003,BR003,2022-12-13,2022-12-14,2022-12-19,1466277,8.5,48,ACTIVE
L0001178,C000716,LP003,BR001,2022-12-24,2023-01-01,2023-01-03,3519137,8.5,23,ACTIVE
L0001179,C000084,LP004,BR005,2025-09-24,2025-09-28,2025-09-30,695802,16.0,34,CLOSED
L0001180,C000052,LP005,BR002,2021-10-16,2021-10-21,2021-10-23,376324,12.0,29,CLOSED
L0001181,C000694,LP002,BR002,2023-03-18,2023-03-21,2023-03-23,145072,10.5,34,ACTIVE
L0001182,C000170,LP004,BR005,2025-04-17,2025-04-19,2025-04-20,1843668,16.0,98,CLOSED
L0001183,C000994,LP003,BR006,2025-12-16,2025-12-23,2025-12-24,3338564,8.5,65,ACTIVE
L0001184,C000472,LP005,BR005,2022-11-07,2022-11-15,2022-11-17,407596,12.0,23,CLOSED
L0001185,C000958,LP004,BR004,2026-02-08,2026-02-17,2026-02-22,1948982,16.0,67,ACTIVE
L0001186,C000165,LP005,BR003,2026-04-02,2026-04-04,2026-04-06,945602,12.0,16,CLOSED
L0001187,C000945,LP005,BR001,2024-05-23,2024-05-27,2024-06-01,416566,12.0,34,ACTIVE
L0001188,C000537,LP003,BR001,2025-11-05,2025-11-11,2025-11-16,4103244,8.5,174,CLOSED
L0001189,C000272,LP002,BR002,2024-04-05,2024-04-06,2024-04-11,1331711,10.5,36,DEFAULT
L0001190,C000462,LP003,BR007,2023-11-04,2023-11-09,2023-11-11,3248784,8.5,75,ACTIVE
L0001191,C000861,LP004,BR010,2026-06-28,2026-07-03,2026-07-05,1885730,16.0,77,DEFAULT
L0001192,C000722,LP005,BR002,2026-07-16,2026-07-24,2026-07-26,782627,12.0,14,ACTIVE
L0001193,C000272,LP005,BR003,2022-02-11,2022-02-21,2022-02-22,195566,12.0,28,ACTIVE
L0001194,C000476,LP005,BR010,2025-02-04,2025-02-13,2025-02-16,542807,12.0,28,ACTIVE
L0001195,C000455,LP002,BR002,2022-07-20,2022-07-23,2022-07-26,884080,10.5,79,ACTIVE
L0001196,C000216,LP002,BR009,2023-02-05,2023-02-13,2023-02-17,662740,10.5,63,DEFAULT
L0001197,C000899,LP004,BR009,2022-03-21,2022-03-22,2022-03-24,560379,16.0,37,ACTIVE
L0001198,C000737,LP004,BR002,2023-07-17,2023-07-21,2023-07-25,558424,16.0,51,ACTIVE
L0001199,C000755,LP001,BR002,2023-11-15,2023-11-22,2023-11-27,132422,14.5,35,ACTIVE
L0001200,C000499,LP005,BR002,2025-10-05,2025-10-14,2025-10-15,160855,12.0,36,ACTIVE
L0001201,C000448,LP005,BR002,2022-07-12,2022-07-17,2022-07-21,564022,12.0,23,CLOSED
L0001202,C000531,LP004,BR001,2025-07-14,2025-07-24,2025-07-25,1075706,16.0,77,DEFAULT
L0001203,C000129,LP005,BR005,2024-07-21,2024-07-27,2024-07-31,493066,12.0,26,ACTIVE
L0001204,C000007,LP004,BR002,2023-12-02,2023-12-09,2023-12-12,1787168,16.0,75,ACTIVE
L0001205,C000603,LP005,BR001,2024-10-11,2024-10-16,2024-10-20,45918,12.0,17,ACTIVE
L0001206,C000668,LP005,BR003,2024-10-09,2024-10-13,2024-10-16,696703,12.0,14,ACTIVE
L0001207,C000943,LP005,BR010,2026-06-22,2026-06-24,2026-06-27,903533,12.0,28,DEFAULT
L0001208,C000752,LP005,BR006,2026-06-14,2026-06-23,2026-06-24,844047,12.0,20,CLOSED
L0001209,C000350,LP004,BR003,2023-11-25,2023-11-27,2023-11-28,249629,16.0,58,ACTIVE
L0001210,C000185,LP003,BR005,2024-08-20,2024-08-29,2024-08-31,3299763,8.5,62,ACTIVE
L0001211,C000928,LP005,BR008,2021-11-16,2021-11-21,2021-11-24,801410,12.0,36,ACTIVE
L0001212,C000900,LP004,BR001,2025-03-18,2025-03-22,2025-03-27,389124,16.0,108,DEFAULT
L0001213,C000934,LP001,BR010,2022-09-27,2022-10-02,2022-10-03,453741,14.5,31,ACTIVE
L0001214,C000636,LP004,BR009,2024-09-10,2024-09-16,2024-09-20,950937,16.0,117,DEFAULT
L0001215,C000667,LP002,BR007,2023-05-27,2023-05-28,2023-06-01,1471728,10.5,77,CLOSED
L0001216,C000189,LP005,BR009,2026-08-13,2026-08-20,2026-08-22,257949,12.0,35,CLOSED
L0001217,C000642,LP001,BR004,2026-08-10,2026-08-18,2026-08-20,320441,14.5,49,DEFAULT
L0001218,C000215,LP003,BR010,2026-04-15,2026-04-23,2026-04-27,3357659,8.5,214,ACTIVE
L0001219,C000422,LP001,BR009,2023-03-12,2023-03-18,2023-03-20,274811,14.5,56,ACTIVE
L0001220,C000249,LP005,BR006,2024-02-17,2024-02-21,2024-02-25,491829,12.0,29,ACTIVE
L0001221,C000173,LP004,BR001,2024-09-23,2024-09-29,2024-10-01,1311122,16.0,28,ACTIVE
L0001222,C000182,LP003,BR010,2024-06-22,2024-06-23,2024-06-27,3475124,8.5,98,CLOSED
L0001223,C000545,LP003,BR008,2026-01-18,2026-01-25,2026-01-29,3883702,8.5,207,DEFAULT
L0001224,C000756,LP004,BR009,2025-11-08,2025-11-13,2025-11-16,1330934,16.0,14,DEFAULT
L0001225,C000072,LP001,BR010,2025-07-05,2025-07-06,2025-07-08,130578,14.5,33,DEFAULT
L0001226,C000027,LP005,BR005,2022-05-17,2022-05-27,2022-06-01,621755,12.0,24,ACTIVE
L0001227,C000820,LP002,BR008,2024-12-12,2024-12-16,2024-12-20,233607,10.5,80,ACTIVE
L0001228,C000290,LP003,BR006,2024-02-23,2024-02-27,2024-03-02,1411324,8.5,96,DEFAULT
L0001229,C000786,LP004,BR002,2025-08-26,2025-09-03,2025-09-06,295541,16.0,33,ACTIVE
L0001230,C000252,LP002,BR007,2022-12-10,2022-12-19,2022-12-21,167232,10.5,74,ACTIVE
L0001231,C000286,LP002,BR008,2023-02-18,2023-02-21,2023-02-23,245733,10.5,61,ACTIVE
L0001232,C000759,LP004,BR004,2024-07-30,2024-08-03,2024-08-05,710492,16.0,96,DEFAULT
L0001233,C000623,LP002,BR001,2025-04-18,2025-04-20,2025-04-24,220488,10.5,59,DEFAULT
L0001234,C000944,LP004,BR001,2026-07-28,2026-07-29,2026-07-31,785290,16.0,64,ACTIVE
L0001235,C000175,LP005,BR002,2025-02-24,2025-02-27,2025-02-28,155410,12.0,29,ACTIVE
L0001236,C000948,LP002,BR006,2022-04-25,2022-05-03,2022-05-04,915777,10.5,38,CLOSED
L0001237,C000271,LP003,BR004,2022-05-19,2022-05-23,2022-05-26,4125562,8.5,221,ACTIVE
L0001238,C000563,LP001,BR007,2023-02-01,2023-02-04,2023-02-09,351513,14.5,31,DEFAULT
L0001239,C000950,LP004,BR008,2024-08-18,2024-08-22,2024-08-27,1603179,16.0,99,ACTIVE
L0001240,C000667,LP002,BR010,2023-08-26,2023-08-31,2023-09-02,115609,10.5,30,ACTIVE
L0001241,C000042,LP003,BR001,2024-05-16,2024-05-18,2024-05-22,2570645,8.5,146,ACTIVE
L0001242,C000451,LP001,BR010,2024-05-27,2024-06-06,2024-06-10,291279,14.5,41,DEFAULT
L0001243,C000945,LP002,BR008,2024-03-09,2024-03-10,2024-03-11,703794,10.5,70,ACTIVE
L0001244,C000392,LP004,BR006,2023-12-26,2023-12-31,2024-01-04,1385611,16.0,117,CLOSED
L0001245,C000392,LP003,BR004,2025-01-26,2025-02-02,2025-02-04,2006410,8.5,170,ACTIVE
L0001246,C000907,LP005,BR002,2024-01-06,2024-01-14,2024-01-18,975077,12.0,33,CLOSED
L0001247,C000656,LP004,BR009,2025-06-29,2025-07-09,2025-07-10,925336,16.0,101,ACTIVE
L0001248,C000157,LP004,BR002,2024-10-18,2024-10-22,2024-10-24,674150,16.0,92,DEFAULT
L0001249,C000324,LP002,BR003,2026-02-20,2026-02-25,2026-02-26,555616,10.5,75,ACTIVE
L0001250,C000409,LP001,BR005,2025-07-15,2025-07-24,2025-07-25,243321,14.5,16,ACTIVE
L0001251,C000532,LP001,BR006,2025-03-25,2025-04-03,2025-04-06,265008,14.5,40,CLOSED
L0001252,C000977,LP005,BR006,2023-02-17,2023-02-22,2023-02-24,550647,12.0,13,ACTIVE
L0001253,C000672,LP001,BR005,2023-04-10,2023-04-11,2023-04-12,384950,14.5,56,ACTIVE
L0001254,C000546,LP004,BR002,2021-11-26,2021-12-03,2021-12-06,1664386,16.0,63,CLOSED
L0001255,C000901,LP003,BR002,2022-10-09,2022-10-16,2022-10-17,590071,8.5,76,ACTIVE
L0001256,C000085,LP005,BR008,2023-09-14,2023-09-17,2023-09-20,722855,12.0,35,ACTIVE
L0001257,C000370,LP001,BR006,2023-11-06,2023-11-14,2023-11-18,85775,14.5,17,DEFAULT
L0001258,C000463,LP003,BR008,2022-05-22,2022-05-26,2022-05-30,1676550,8.5,132,ACTIVE
L0001259,C000068,LP004,BR008,2023-07-02,2023-07-05,2023-07-07,1858453,16.0,14,DEFAULT
L0001260,C000505,LP005,BR010,2023-02-16,2023-02-18,2023-02-20,328433,12.0,15,DEFAULT
L0001261,C000930,LP004,BR004,2025-01-31,2025-02-07,2025-02-09,262708,16.0,97,ACTIVE
L0001262,C000977,LP003,BR008,2022-08-02,2022-08-07,2022-08-09,4196507,8.5,103,CLOSED
L0001263,C000218,LP004,BR010,2022-07-09,2022-07-13,2022-07-14,1972101,16.0,98,DEFAULT
L0001264,C000168,LP001,BR007,2022-04-02,2022-04-06,2022-04-10,415293,14.5,15,DEFAULT
L0001265,C000599,LP005,BR004,2025-09-25,2025-09-27,2025-10-01,743880,12.0,21,ACTIVE
L0001266,C000612,LP002,BR007,2026-05-16,2026-05-17,2026-05-22,109784,10.5,18,ACTIVE
L0001267,C000862,LP002,BR003,2022-03-02,2022-03-06,2022-03-08,885686,10.5,42,CLOSED
L0001268,C000798,LP005,BR002,2021-12-06,2021-12-08,2021-12-09,462166,12.0,12,ACTIVE
L0001269,C000750,LP003,BR001,2025-01-31,2025-02-06,2025-02-08,1029920,8.5,68,ACTIVE
L0001270,C000965,LP004,BR006,2026-03-01,2026-03-04,2026-03-06,192300,16.0,65,DEFAULT
L0001271,C000742,LP001,BR008,2022-06-01,2022-06-03,2022-06-06,219177,14.5,47,CLOSED
L0001272,C000410,LP004,BR001,2022-08-04,2022-08-14,2022-08-16,1236032,16.0,62,ACTIVE
L0001273,C000420,LP005,BR006,2023-12-10,2023-12-12,2023-12-14,244164,12.0,15,ACTIVE
L0001274,C000947,LP003,BR001,2023-01-11,2023-01-17,2023-01-19,625783,8.5,114,ACTIVE
L0001275,C000038,LP002,BR006,2022-06-04,2022-06-05,2022-06-09,546206,10.5,70,CLOSED
L0001276,C000830,LP004,BR005,2025-01-09,2025-01-11,2025-01-14,1463033,16.0,91,ACTIVE
L0001277,C000693,LP005,BR001,2024-05-04,2024-05-05,2024-05-06,948472,12.0,18,ACTIVE
L0001278,C000868,LP001,BR010,2023-08-29,2023-09-03,2023-09-08,311921,14.5,18,DEFAULT
L0001279,C000543,LP003,BR007,2023-10-24,2023-11-03,2023-11-05,2613427,8.5,36,DEFAULT
L0001280,C000123,LP005,BR002,2024-02-15,2024-02-21,2024-02-25,730830,12.0,36,CLOSED
L0001281,C000176,LP004,BR008,2025-06-23,2025-06-29,2025-07-01,1432432,16.0,109,ACTIVE
L0001282,C000755,LP003,BR006,2022-10-13,2022-10-21,2022-10-22,3311066,8.5,16,DEFAULT
L0001283,C000007,LP005,BR004,2022-10-28,2022-11-07,2022-11-11,420945,12.0,28,CLOSED
L0001284,C000355,LP002,BR009,2026-03-10,2026-03-19,2026-03-24,127874,10.5,41,ACTIVE
L0001285,C000988,LP001,BR007,2023-02-28,2023-03-10,2023-03-11,211925,14.5,27,ACTIVE
L0001286,C000119,LP005,BR007,2021-12-13,2021-12-17,2021-12-22,103246,12.0,13,CLOSED
L0001287,C000947,LP005,BR001,2022-01-03,2022-01-09,2022-01-13,331023,12.0,18,CLOSED
L0001288,C000247,LP002,BR005,2024-09-28,2024-10-05,2024-10-07,1446453,10.5,16,CLOSED
L0001289,C000547,LP004,BR005,2024-06-22,2024-07-02,2024-07-06,1650331,16.0,54,CLOSED
L0001290,C000685,LP004,BR005,2025-10-04,2025-10-09,2025-10-12,1449731,16.0,112,ACTIVE
L0001291,C000106,LP005,BR004,2025-09-06,2025-09-15,2025-09-19,699525,12.0,21,ACTIVE
L0001292,C000475,LP002,BR003,2026-04-22,2026-04-26,2026-04-29,818753,10.5,43,CLOSED
L0001293,C000648,LP003,BR003,2024-01-10,2024-01-19,2024-01-20,2583210,8.5,217,CLOSED
L0001294,C000596,LP001,BR004,2026-05-17,2026-05-27,2026-05-31,323401,14.5,32,CLOSED
L0001295,C000457,LP002,BR007,2025-06-29,2025-07-07,2025-07-08,235511,10.5,74,ACTIVE
L0001296,C000158,LP001,BR010,2022-11-09,2022-11-13,2022-11-14,382590,14.5,21,CLOSED
L0001297,C000089,LP005,BR003,2026-04-18,2026-04-21,2026-04-22,202112,12.0,30,DEFAULT
L0001298,C000061,LP004,BR008,2023-03-20,2023-03-24,2023-03-26,1164146,16.0,22,ACTIVE
L0001299,C000562,LP002,BR008,2025-08-04,2025-08-12,2025-08-15,444265,10.5,37,CLOSED
L0001300,C000864,LP005,BR005,2026-07-04,2026-07-11,2026-07-13,655281,12.0,19,ACTIVE
L0001301,C000935,LP004,BR003,2025-05-29,2025-06-03,2025-06-08,1040092,16.0,93,CLOSED
L0001302,C000358,LP001,BR003,2026-02-28,2026-03-05,2026-03-09,91951,14.5,35,ACTIVE
L0001303,C000372,LP002,BR002,2026-04-01,2026-04-08,2026-04-10,1087157,10.5,68,ACTIVE
L0001304,C000046,LP002,BR010,2024-05-05,2024-05-14,2024-05-19,1008969,10.5,31,ACTIVE
L0001305,C000758,LP004,BR006,2024-08-29,2024-08-30,2024-09-03,996317,16.0,22,ACTIVE
L0001306,C000328,LP002,BR001,2025-10-21,2025-10-31,2025-11-05,420442,10.5,82,CLOSED
L0001307,C000628,LP002,BR009,2026-04-19,2026-04-24,2026-04-28,1072347,10.5,51,ACTIVE
L0001308,C000021,LP005,BR010,2023-08-22,2023-08-27,2023-08-31,609448,12.0,31,ACTIVE
L0001309,C000007,LP003,BR010,2022-06-21,2022-06-23,2022-06-26,1646356,8.5,195,ACTIVE
L0001310,C000721,LP002,BR006,2025-06-19,2025-06-23,2025-06-25,497674,10.5,12,ACTIVE
L0001311,C000114,LP005,BR009,2024-04-29,2024-05-08,2024-05-11,535326,12.0,24,ACTIVE
L0001312,C000902,LP004,BR010,2024-10-26,2024-11-02,2024-11-05,905384,16.0,74,ACTIVE
L0001313,C000600,LP004,BR007,2025-03-19,2025-03-29,2025-03-30,957289,16.0,16,ACTIVE
L0001314,C000801,LP005,BR004,2023-12-02,2023-12-09,2023-12-14,190249,12.0,18,ACTIVE
L0001315,C000688,LP005,BR004,2023-01-12,2023-01-17,2023-01-20,554363,12.0,34,ACTIVE
L0001316,C000205,LP001,BR007,2024-04-16,2024-04-22,2024-04-23,391262,14.5,36,ACTIVE
L0001317,C000832,LP004,BR001,2021-10-18,2021-10-22,2021-10-24,1101863,16.0,16,ACTIVE
L0001318,C000083,LP003,BR002,2021-09-16,2021-09-17,2021-09-19,2692200,8.5,166,ACTIVE
L0001319,C000782,LP003,BR006,2026-02-27,2026-03-02,2026-03-05,2575465,8.5,166,DEFAULT
L0001320,C000664,LP004,BR005,2022-11-13,2022-11-16,2022-11-17,344801,16.0,110,ACTIVE
L0001321,C000885,LP004,BR009,2024-08-19,2024-08-26,2024-08-30,1580735,16.0,87,ACTIVE
L0001322,C000389,LP004,BR010,2024-02-23,2024-03-03,2024-03-05,1937118,16.0,66,CLOSED
L0001323,C000810,LP002,BR005,2025-09-12,2025-09-19,2025-09-22,733800,10.5,76,DEFAULT
L0001324,C000006,LP003,BR004,2026-04-05,2026-04-12,2026-04-17,3083513,8.5,199,ACTIVE
L0001325,C000484,LP002,BR003,2021-10-11,2021-10-13,2021-10-14,1434166,10.5,56,CLOSED
L0001326,C000923,LP004,BR009,2025-11-22,2025-11-27,2025-11-29,1669278,16.0,62,ACTIVE
L0001327,C000402,LP005,BR005,2025-10-07,2025-10-08,2025-10-10,876046,12.0,27,ACTIVE
L0001328,C000891,LP001,BR008,2024-04-03,2024-04-05,2024-04-06,455664,14.5,56,ACTIVE
L0001329,C000864,LP002,BR006,2021-10-14,2021-10-23,2021-10-27,1472630,10.5,48,ACTIVE
L0001330,C000480,LP003,BR009,2025-05-15,2025-05-18,2025-05-20,3642803,8.5,59,CLOSED
L0001331,C000879,LP004,BR010,2024-03-14,2024-03-18,2024-03-22,481648,16.0,76,ACTIVE
L0001332,C000277,LP005,BR002,2023-09-04,2023-09-12,2023-09-17,873929,12.0,18,CLOSED
L0001333,C000109,LP002,BR010,2021-10-08,2021-10-12,2021-10-13,483211,10.5,36,ACTIVE
L0001334,C000155,LP005,BR008,2026-05-16,2026-05-23,2026-05-27,677286,12.0,31,ACTIVE
L0001335,C000622,LP005,BR010,2024-11-19,2024-11-22,2024-11-23,327364,12.0,14,ACTIVE
L0001336,C000235,LP005,BR004,2023-04-24,2023-04-26,2023-04-29,87384,12.0,22,ACTIVE
L0001337,C000460,LP004,BR002,2025-03-18,2025-03-28,2025-03-30,1102222,16.0,74,ACTIVE
L0001338,C000060,LP003,BR004,2026-06-23,2026-06-24,2026-06-25,2732047,8.5,204,ACTIVE
L0001339,C000665,LP004,BR008,2025-06-05,2025-06-15,2025-06-16,303092,16.0,39,DEFAULT
L0001340,C000762,LP003,BR005,2025-01-24,2025-01-25,2025-01-29,4862697,8.5,206,ACTIVE
L0001341,C000400,LP002,BR005,2023-11-01,2023-11-09,2023-11-13,806803,10.5,66,ACTIVE
L0001342,C000930,LP005,BR002,2023-02-05,2023-02-11,2023-02-14,350536,12.0,19,ACTIVE
L0001343,C000663,LP001,BR005,2025-01-08,2025-01-15,2025-01-19,370239,14.5,15,ACTIVE
L0001344,C000813,LP004,BR007,2024-12-04,2024-12-10,2024-12-11,106469,16.0,70,ACTIVE
L0001345,C000261,LP003,BR001,2023-08-02,2023-08-05,2023-08-06,1530914,8.5,234,DEFAULT
L0001346,C000061,LP005,BR006,2023-12-12,2023-12-17,2023-12-19,406326,12.0,26,DEFAULT
L0001347,C000599,LP004,BR006,2022-05-20,2022-05-28,2022-06-02,966389,16.0,96,CLOSED
L0001348,C000029,LP001,BR004,2025-04-19,2025-04-20,2025-04-23,58719,14.5,52,ACTIVE
L0001349,C000190,LP004,BR003,2023-09-30,2023-10-01,2023-10-04,1521721,16.0,68,CLOSED
L0001350,C000324,LP004,BR005,2026-02-07,2026-02-17,2026-02-21,939207,16.0,106,DEFAULT
L0001351,C000829,LP002,BR010,2024-01-08,2024-01-10,2024-01-13,997405,10.5,72,ACTIVE
L0001352,C000102,LP002,BR007,2024-02-17,2024-02-24,2024-02-27,1373335,10.5,36,CLOSED
L0001353,C000452,LP003,BR003,2026-03-26,2026-04-04,2026-04-09,4733198,8.5,20,CLOSED
L0001354,C000417,LP001,BR003,2023-12-30,2024-01-07,2024-01-08,207993,14.5,55,DEFAULT
L0001355,C000843,LP005,BR006,2025-03-21,2025-03-29,2025-03-31,959952,12.0,26,ACTIVE
L0001356,C000469,LP001,BR007,2023-04-23,2023-05-01,2023-05-06,176301,14.5,27,CLOSED
L0001357,C000684,LP003,BR004,2022-04-16,2022-04-19,2022-04-20,1384743,8.5,123,ACTIVE
L0001358,C000757,LP002,BR008,2023-04-05,2023-04-08,2023-04-11,904236,10.5,47,CLOSED
L0001359,C000475,LP004,BR005,2022-11-14,2022-11-19,2022-11-23,1982216,16.0,97,ACTIVE
L0001360,C000909,LP001,BR001,2024-03-03,2024-03-06,2024-03-11,382161,14.5,58,ACTIVE
L0001361,C000010,LP005,BR006,2022-08-24,2022-08-26,2022-08-29,934295,12.0,19,DEFAULT
L0001362,C000579,LP002,BR005,2025-07-31,2025-08-10,2025-08-11,1450537,10.5,55,ACTIVE
L0001363,C000440,LP003,BR006,2025-07-23,2025-07-30,2025-08-04,4165505,8.5,218,CLOSED
L0001364,C000558,LP002,BR005,2024-01-09,2024-01-13,2024-01-16,342619,10.5,49,ACTIVE
L0001365,C000770,LP005,BR010,2025-11-22,2025-11-24,2025-11-25,376765,12.0,35,DEFAULT
L0001366,C000378,LP003,BR005,2023-04-22,2023-04-26,2023-04-27,3584801,8.5,44,ACTIVE
L0001367,C000011,LP001,BR006,2024-06-08,2024-06-15,2024-06-20,436357,14.5,12,ACTIVE
L0001368,C000954,LP005,BR002,2021-11-15,2021-11-16,2021-11-21,581620,12.0,18,ACTIVE
L0001369,C000813,LP003,BR006,2023-01-01,2023-01-08,2023-01-11,3562041,8.5,216,CLOSED
L0001370,C000013,LP001,BR001,2022-02-17,2022-02-26,2022-03-03,359736,14.5,26,ACTIVE
L0001371,C000362,LP005,BR008,2026-04-05,2026-04-12,2026-04-13,584441,12.0,26,ACTIVE
L0001372,C000492,LP003,BR008,2021-11-23,2021-11-26,2021-11-29,2336301,8.5,139,ACTIVE
L0001373,C000623,LP004,BR010,2023-04-16,2023-04-19,2023-04-24,694317,16.0,30,ACTIVE
L0001374,C000880,LP001,BR005,2022-07-30,2022-08-09,2022-08-12,211948,14.5,44,ACTIVE
L0001375,C000462,LP005,BR008,2024-02-09,2024-02-14,2024-02-19,521515,12.0,32,CLOSED
L0001376,C000454,LP002,BR007,2023-12-31,2024-01-08,2024-01-11,890015,10.5,19,ACTIVE
L0001377,C000559,LP003,BR006,2022-10-09,2022-10-12,2022-10-14,2388038,8.5,191,ACTIVE
L0001378,C000943,LP002,BR003,2025-06-09,2025-06-12,2025-06-16,921680,10.5,50,CLOSED
L0001379,C000392,LP003,BR009,2021-10-11,2021-10-12,2021-10-17,3790729,8.5,98,ACTIVE
L0001380,C000332,LP001,BR002,2023-09-09,2023-09-17,2023-09-20,447260,14.5,37,ACTIVE
L0001381,C000560,LP001,BR002,2022-06-23,2022-06-25,2022-06-30,431028,14.5,30,ACTIVE
L0001382,C000479,LP003,BR010,2022-12-28,2023-01-01,2023-01-06,3803202,8.5,36,CLOSED
L0001383,C000622,LP005,BR001,2021-10-31,2021-11-06,2021-11-11,927915,12.0,13,ACTIVE
L0001384,C000653,LP005,BR001,2025-11-27,2025-12-05,2025-12-07,625193,12.0,16,ACTIVE
L0001385,C000210,LP002,BR006,2023-07-22,2023-07-30,2023-08-02,403715,10.5,38,CLOSED
L0001386,C000924,LP002,BR004,2024-08-13,2024-08-17,2024-08-18,859642,10.5,25,CLOSED
L0001387,C000407,LP001,BR001,2025-04-13,2025-04-20,2025-04-24,406224,14.5,22,ACTIVE
L0001388,C000108,LP004,BR004,2024-05-11,2024-05-13,2024-05-16,1093789,16.0,34,ACTIVE
L0001389,C000961,LP002,BR008,2025-12-12,2025-12-14,2025-12-19,1463353,10.5,55,DEFAULT
L0001390,C000021,LP001,BR001,2024-11-12,2024-11-19,2024-11-21,378714,14.5,58,ACTIVE
L0001391,C000575,LP003,BR010,2025-08-26,2025-08-30,2025-08-31,1496587,8.5,73,ACTIVE
L0001392,C000203,LP002,BR002,2021-12-23,2021-12-31,2022-01-03,1350228,10.5,34,ACTIVE
L0001393,C000669,LP004,BR001,2024-07-08,2024-07-10,2024-07-14,1913817,16.0,116,ACTIVE
L0001394,C000903,LP005,BR001,2022-05-23,2022-05-28,2022-06-01,405166,12.0,12,ACTIVE
L0001395,C000413,LP002,BR001,2022-12-13,2022-12-15,2022-12-16,355960,10.5,74,DEFAULT
L0001396,C000401,LP004,BR010,2022-03-09,2022-03-13,2022-03-14,1330714,16.0,85,DEFAULT
L0001397,C000716,LP002,BR008,2023-12-22,2023-12-30,2024-01-02,298292,10.5,35,ACTIVE
L0001398,C000753,LP005,BR001,2025-01-17,2025-01-25,2025-01-29,332856,12.0,30,CLOSED
L0001399,C000293,LP001,BR005,2022-04-25,2022-04-27,2022-04-30,83291,14.5,57,DEFAULT
L0001400,C000456,LP003,BR008,2026-04-30,2026-05-03,2026-05-07,665644,8.5,112,DEFAULT
L0001401,C000364,LP004,BR001,2025-09-15,2025-09-24,2025-09-29,1124591,16.0,20,DEFAULT
L0001402,C000191,LP004,BR008,2023-04-03,2023-04-13,2023-04-18,1596840,16.0,116,ACTIVE
L0001403,C000692,LP001,BR007,2023-05-06,2023-05-10,2023-05-11,144720,14.5,50,CLOSED
L0001404,C000867,LP002,BR008,2023-11-01,2023-11-02,2023-11-07,1037915,10.5,52,ACTIVE
L0001405,C000593,LP005,BR005,2024-12-14,2024-12-15,2024-12-17,623016,12.0,18,CLOSED
L0001406,C000810,LP004,BR005,2021-10-25,2021-10-27,2021-11-01,638465,16.0,120,ACTIVE
L0001407,C000931,LP002,BR009,2022-09-29,2022-10-01,2022-10-02,1161469,10.5,50,ACTIVE
L0001408,C000234,LP004,BR007,2023-10-29,2023-11-07,2023-11-09,987202,16.0,96,ACTIVE
L0001409,C000488,LP002,BR003,2024-12-24,2024-12-28,2024-12-31,196817,10.5,78,ACTIVE
L0001410,C000657,LP004,BR005,2025-06-23,2025-07-02,2025-07-06,393297,16.0,85,ACTIVE
L0001411,C000229,LP004,BR004,2023-10-23,2023-10-29,2023-11-03,838443,16.0,89,DEFAULT
L0001412,C000634,LP005,BR002,2021-12-29,2022-01-07,2022-01-09,741347,12.0,15,ACTIVE
L0001413,C000128,LP004,BR004,2023-05-27,2023-05-31,2023-06-01,494419,16.0,30,ACTIVE
L0001414,C000576,LP003,BR002,2025-08-17,2025-08-21,2025-08-23,2312274,8.5,163,ACTIVE
L0001415,C000510,LP001,BR007,2022-07-04,2022-07-09,2022-07-11,432260,14.5,51,ACTIVE
L0001416,C000228,LP002,BR008,2026-02-21,2026-02-23,2026-02-28,634705,10.5,45,ACTIVE
L0001417,C000952,LP005,BR006,2023-06-25,2023-06-28,2023-07-02,498221,12.0,14,ACTIVE
L0001418,C000671,LP002,BR003,2025-09-24,2025-10-01,2025-10-03,1223872,10.5,38,ACTIVE
L0001419,C000188,LP004,BR008,2025-01-06,2025-01-11,2025-01-13,1598299,16.0,59,DEFAULT
L0001420,C000310,LP005,BR007,2024-05-12,2024-05-21,2024-05-26,192011,12.0,25,CLOSED
L0001421,C000600,LP004,BR010,2024-06-15,2024-06-21,2024-06-25,894698,16.0,15,DEFAULT
L0001422,C000095,LP003,BR002,2023-01-21,2023-01-25,2023-01-26,2765974,8.5,43,DEFAULT
L0001423,C000808,LP003,BR008,2022-01-25,2022-01-27,2022-02-01,3912328,8.5,28,ACTIVE
L0001424,C001000,LP004,BR002,2026-05-20,2026-05-22,2026-05-25,799436,16.0,111,ACTIVE
L0001425,C000084,LP004,BR005,2026-02-20,2026-02-23,2026-02-25,673878,16.0,13,ACTIVE
L0001426,C000690,LP005,BR003,2022-09-30,2022-10-07,2022-10-09,417024,12.0,15,ACTIVE
L0001427,C000152,LP005,BR009,2023-11-12,2023-11-15,2023-11-20,783706,12.0,21,DEFAULT
L0001428,C000343,LP001,BR003,2025-10-20,2025-10-28,2025-10-29,327327,14.5,34,DEFAULT
L0001429,C000431,LP004,BR009,2024-04-01,2024-04-06,2024-04-11,668441,16.0,89,ACTIVE
L0001430,C000037,LP004,BR003,2023-05-26,2023-05-27,2023-05-29,766886,16.0,108,ACTIVE
L0001431,C000222,LP005,BR006,2024-10-09,2024-10-12,2024-10-15,865241,12.0,35,DEFAULT
L0001432,C000745,LP002,BR006,2022-02-24,2022-03-05,2022-03-10,944420,10.5,73,DEFAULT
L0001433,C000112,LP003,BR008,2023-07-24,2023-07-27,2023-07-30,579670,8.5,187,DEFAULT
L0001434,C000949,LP004,BR010,2022-09-01,2022-09-04,2022-09-06,399200,16.0,60,DEFAULT
L0001435,C000953,LP001,BR009,2023-09-19,2023-09-24,2023-09-25,430328,14.5,52,ACTIVE
L0001436,C000461,LP004,BR001,2025-05-26,2025-05-30,2025-06-04,977120,16.0,102,ACTIVE
L0001437,C000527,LP004,BR007,2024-06-20,2024-06-23,2024-06-27,842394,16.0,114,ACTIVE
L0001438,C000778,LP005,BR007,2021-11-01,2021-11-10,2021-11-13,309221,12.0,25,DEFAULT
L0001439,C000725,LP005,BR007,2023-02-17,2023-02-21,2023-02-24,686511,12.0,14,ACTIVE
L0001440,C000800,LP005,BR008,2024-01-21,2024-01-28,2024-01-31,906304,12.0,14,ACTIVE
L0001441,C000946,LP001,BR009,2022-09-22,2022-09-24,2022-09-26,99090,14.5,22,DEFAULT
L0001442,C000816,LP002,BR008,2025-01-27,2025-01-28,2025-01-29,699472,10.5,82,ACTIVE
L0001443,C000267,LP004,BR003,2023-10-11,2023-10-12,2023-10-16,1519841,16.0,77,CLOSED
L0001444,C000607,LP004,BR008,2021-10-13,2021-10-21,2021-10-25,1180057,16.0,99,DEFAULT
L0001445,C000060,LP004,BR009,2022-01-24,2022-01-26,2022-01-30,129150,16.0,90,CLOSED
L0001446,C000934,LP004,BR009,2025-10-01,2025-10-02,2025-10-06,1573441,16.0,80,ACTIVE
L0001447,C000527,LP001,BR008,2023-01-10,2023-01-14,2023-01-19,408653,14.5,50,ACTIVE
L0001448,C000958,LP005,BR002,2024-11-12,2024-11-22,2024-11-26,196718,12.0,33,DEFAULT
L0001449,C000638,LP001,BR007,2022-06-21,2022-06-25,2022-06-27,89385,14.5,35,CLOSED
L0001450,C000870,LP003,BR004,2023-10-28,2023-11-06,2023-11-09,927035,8.5,120,ACTIVE
L0001451,C000228,LP003,BR002,2023-01-18,2023-01-25,2023-01-27,3631330,8.5,40,ACTIVE
L0001452,C000885,LP001,BR007,2025-12-17,2025-12-21,2025-12-26,496052,14.5,19,ACTIVE
L0001453,C000889,LP002,BR007,2022-06-26,2022-07-01,2022-07-05,715608,10.5,45,CLOSED
L0001454,C000743,LP005,BR005,2024-08-02,2024-08-03,2024-08-08,432742,12.0,18,ACTIVE
L0001455,C000836,LP005,BR006,2022-03-21,2022-03-30,2022-03-31,505550,12.0,31,ACTIVE
L0001456,C000490,LP004,BR008,2022-03-20,2022-03-21,2022-03-24,112354,16.0,90,ACTIVE
L0001457,C000637,LP004,BR008,2024-09-24,2024-09-30,2024-10-03,842166,16.0,25,ACTIVE
L0001458,C000568,LP002,BR003,2023-01-07,2023-01-13,2023-01-15,943197,10.5,57,ACTIVE
L0001459,C000859,LP005,BR009,2026-04-09,2026-04-11,2026-04-15,535947,12.0,18,ACTIVE
L0001460,C000511,LP002,BR009,2022-08-15,2022-08-24,2022-08-29,422354,10.5,64,ACTIVE
L0001461,C000115,LP002,BR004,2022-10-11,2022-10-19,2022-10-20,426380,10.5,44,CLOSED
L0001462,C000192,LP001,BR010,2025-11-09,2025-11-17,2025-11-21,246245,14.5,31,ACTIVE
L0001463,C000787,LP005,BR003,2023-09-08,2023-09-15,2023-09-17,582484,12.0,20,ACTIVE
L0001464,C000179,LP004,BR007,2024-05-27,2024-06-04,2024-06-08,439391,16.0,29,ACTIVE
L0001465,C000849,LP004,BR009,2026-06-16,2026-06-23,2026-06-24,853374,16.0,102,CLOSED
L0001466,C000970,LP001,BR006,2024-08-30,2024-09-01,2024-09-03,199369,14.5,14,CLOSED
L0001467,C000556,LP004,BR009,2025-06-10,2025-06-17,2025-06-21,1660121,16.0,54,ACTIVE
L0001468,C000132,LP005,BR005,2023-05-08,2023-05-11,2023-05-13,522577,12.0,33,ACTIVE
L0001469,C000631,LP005,BR002,2021-11-21,2021-11-23,2021-11-27,532824,12.0,29,ACTIVE
L0001470,C000652,LP004,BR010,2024-12-02,2024-12-05,2024-12-08,1675149,16.0,109,ACTIVE
L0001471,C000459,LP005,BR010,2024-10-02,2024-10-11,2024-10-15,157801,12.0,15,ACTIVE
L0001472,C000973,LP004,BR001,2022-11-08,2022-11-09,2022-11-11,426195,16.0,56,DEFAULT
L0001473,C000679,LP002,BR005,2023-11-03,2023-11-04,2023-11-06,209135,10.5,55,ACTIVE
L0001474,C000729,LP005,BR004,2022-01-16,2022-01-26,2022-01-27,475426,12.0,27,ACTIVE
L0001475,C000410,LP004,BR001,2025-11-01,2025-11-06,2025-11-10,273255,16.0,109,ACTIVE
L0001476,C000848,LP003,BR001,2025-06-06,2025-06-10,2025-06-15,1779226,8.5,198,DEFAULT
L0001477,C000333,LP003,BR001,2026-06-18,2026-06-21,2026-06-23,2858363,8.5,208,ACTIVE
L0001478,C000191,LP001,BR006,2024-03-19,2024-03-24,2024-03-26,399349,14.5,39,CLOSED
L0001479,C000433,LP001,BR009,2026-04-29,2026-05-07,2026-05-08,417601,14.5,58,DEFAULT
L0001480,C000417,LP005,BR007,2025-11-16,2025-11-26,2025-11-28,217833,12.0,30,CLOSED
L0001481,C000933,LP004,BR006,2023-04-28,2023-05-02,2023-05-03,377444,16.0,63,ACTIVE
L0001482,C000010,LP002,BR005,2026-07-12,2026-07-17,2026-07-19,406622,10.5,66,ACTIVE
L0001483,C000430,LP005,BR001,2023-04-18,2023-04-28,2023-04-30,115352,12.0,13,ACTIVE
L0001484,C000001,LP002,BR008,2026-05-01,2026-05-08,2026-05-13,742663,10.5,41,CLOSED
L0001485,C000797,LP002,BR007,2024-08-31,2024-09-06,2024-09-10,1104945,10.5,19,DEFAULT
L0001486,C000837,LP004,BR001,2024-06-17,2024-06-24,2024-06-25,738142,16.0,26,ACTIVE
L0001487,C000540,LP005,BR004,2025-09-10,2025-09-16,2025-09-19,388075,12.0,34,ACTIVE
L0001488,C000642,LP002,BR002,2024-01-19,2024-01-23,2024-01-26,199732,10.5,35,ACTIVE
L0001489,C000471,LP003,BR005,2026-06-04,2026-06-05,2026-06-06,3198108,8.5,66,ACTIVE
L0001490,C000330,LP003,BR001,2023-01-27,2023-02-04,2023-02-07,1345250,8.5,122,CLOSED
L0001491,C000364,LP003,BR001,2022-04-17,2022-04-22,2022-04-26,3549940,8.5,97,ACTIVE
L0001492,C000650,LP001,BR008,2026-03-24,2026-03-26,2026-03-27,400721,14.5,12,DEFAULT
L0001493,C000249,LP004,BR004,2023-01-10,2023-01-13,2023-01-16,856167,16.0,106,ACTIVE
L0001494,C000378,LP004,BR002,2025-07-13,2025-07-23,2025-07-28,1368176,16.0,59,CLOSED
L0001495,C000823,LP001,BR008,2024-03-22,2024-03-27,2024-03-29,356355,14.5,36,ACTIVE
L0001496,C000791,LP004,BR001,2023-12-13,2023-12-15,2023-12-17,1420280,16.0,107,DEFAULT
L0001497,C000647,LP002,BR008,2026-04-25,2026-04-27,2026-04-28,1330108,10.5,36,CLOSED
L0001498,C000545,LP004,BR006,2024-10-30,2024-11-07,2024-11-08,257033,16.0,81,DEFAULT
L0001499,C000525,LP001,BR010,2025-07-27,2025-08-02,2025-08-05,430292,14.5,42,CLOSED
L0001500,C000032,LP001,BR010,2021-09-18,2021-09-27,2021-09-29,72969,14.5,20,CLOSED
L0001501,C000440,LP002,BR006,2026-01-04,2026-01-11,2026-01-16,629584,10.5,83,ACTIVE
L0001502,C000249,LP004,BR004,2024-12-06,2024-12-12,2024-12-16,1420921,16.0,103,ACTIVE
L0001503,C000204,LP003,BR007,2023-04-15,2023-04-22,2023-04-23,4550192,8.5,119,DEFAULT
L0001504,C000528,LP004,BR008,2021-11-13,2021-11-22,2021-11-23,450088,16.0,88,ACTIVE
L0001505,C000907,LP005,BR001,2024-10-21,2024-10-24,2024-10-27,67652,12.0,30,ACTIVE
L0001506,C000844,LP005,BR002,2023-09-27,2023-10-01,2023-10-05,539072,12.0,33,DEFAULT
L0001507,C000486,LP004,BR005,2024-06-08,2024-06-17,2024-06-18,447116,16.0,68,DEFAULT
L0001508,C000390,LP001,BR001,2022-03-31,2022-04-07,2022-04-12,458615,14.5,36,ACTIVE
L0001509,C000070,LP001,BR003,2026-04-17,2026-04-27,2026-04-30,158488,14.5,23,ACTIVE
L0001510,C000036,LP004,BR005,2025-01-01,2025-01-04,2025-01-09,556775,16.0,87,ACTIVE
L0001511,C000085,LP001,BR006,2023-04-28,2023-05-07,2023-05-11,314145,14.5,57,DEFAULT
L0001512,C000452,LP005,BR008,2026-03-02,2026-03-07,2026-03-10,913884,12.0,19,ACTIVE
L0001513,C000884,LP002,BR006,2025-12-09,2025-12-14,2025-12-19,349777,10.5,33,CLOSED
L0001514,C000990,LP003,BR005,2026-05-26,2026-05-27,2026-06-01,2498307,8.5,86,ACTIVE
L0001515,C000712,LP003,BR009,2023-01-07,2023-01-10,2023-01-13,1615444,8.5,81,ACTIVE
L0001516,C000365,LP002,BR003,2024-02-12,2024-02-16,2024-02-18,1221126,10.5,26,ACTIVE
L0001517,C000583,LP005,BR005,2024-06-14,2024-06-20,2024-06-25,407040,12.0,22,ACTIVE
L0001518,C000177,LP004,BR010,2025-03-12,2025-03-21,2025-03-24,1614310,16.0,29,ACTIVE
L0001519,C000770,LP001,BR003,2024-06-12,2024-06-22,2024-06-25,220202,14.5,15,ACTIVE
L0001520,C000469,LP004,BR008,2022-08-25,2022-08-31,2022-09-02,1631920,16.0,47,CLOSED
L0001521,C000336,LP005,BR001,2022-07-12,2022-07-17,2022-07-18,583492,12.0,33,DEFAULT
L0001522,C000102,LP004,BR004,2026-02-27,2026-03-01,2026-03-05,1471169,16.0,44,DEFAULT
L0001523,C000278,LP002,BR005,2022-04-11,2022-04-20,2022-04-22,1027328,10.5,40,ACTIVE
L0001524,C000944,LP003,BR001,2022-01-30,2022-02-04,2022-02-06,3817387,8.5,51,ACTIVE
L0001525,C000368,LP003,BR001,2022-10-24,2022-10-28,2022-11-01,3592376,8.5,49,ACTIVE
L0001526,C000244,LP001,BR006,2023-03-25,2023-03-27,2023-03-31,145165,14.5,41,CLOSED
L0001527,C000278,LP001,BR010,2021-12-22,2021-12-25,2021-12-27,348664,14.5,43,CLOSED
L0001528,C000935,LP003,BR006,2023-06-05,2023-06-10,2023-06-11,3101812,8.5,53,CLOSED
L0001529,C000134,LP005,BR009,2022-08-14,2022-08-21,2022-08-26,216972,12.0,14,CLOSED
L0001530,C000532,LP003,BR003,2025-11-01,2025-11-03,2025-11-07,2557338,8.5,128,ACTIVE
L0001531,C000614,LP004,BR001,2023-05-04,2023-05-06,2023-05-11,387920,16.0,105,ACTIVE
L0001532,C000656,LP002,BR002,2022-07-19,2022-07-29,2022-07-30,892461,10.5,61,ACTIVE
L0001533,C000373,LP002,BR003,2021-12-23,2021-12-25,2021-12-26,1451576,10.5,17,CLOSED
L0001534,C000835,LP001,BR002,2026-07-26,2026-07-30,2026-07-31,190329,14.5,21,DEFAULT
L0001535,C000455,LP002,BR008,2025-01-05,2025-01-06,2025-01-07,323008,10.5,81,ACTIVE
L0001536,C000749,LP005,BR008,2025-11-16,2025-11-18,2025-11-20,165993,12.0,27,DEFAULT
L0001537,C000293,LP003,BR008,2026-03-07,2026-03-15,2026-03-17,3078532,8.5,96,ACTIVE
L0001538,C000988,LP004,BR010,2023-11-20,2023-11-23,2023-11-25,217179,16.0,81,ACTIVE
L0001539,C000120,LP004,BR010,2022-02-15,2022-02-24,2022-02-25,144476,16.0,117,ACTIVE
L0001540,C000358,LP002,BR006,2024-10-28,2024-10-30,2024-11-04,722305,10.5,25,DEFAULT
L0001541,C000652,LP003,BR004,2023-08-02,2023-08-09,2023-08-11,510153,8.5,69,ACTIVE
L0001542,C000107,LP002,BR004,2022-04-24,2022-04-28,2022-05-02,908206,10.5,30,ACTIVE
L0001543,C000572,LP002,BR009,2021-10-26,2021-10-31,2021-11-02,906866,10.5,26,ACTIVE
L0001544,C000109,LP003,BR008,2023-06-26,2023-06-29,2023-06-30,2383430,8.5,38,ACTIVE
L0001545,C000966,LP001,BR005,2025-11-20,2025-11-26,2025-11-27,372802,14.5,33,ACTIVE
L0001546,C000590,LP001,BR001,2022-05-22,2022-05-28,2022-05-29,72726,14.5,50,CLOSED
L0001547,C000808,LP005,BR001,2025-09-09,2025-09-12,2025-09-16,576249,12.0,22,DEFAULT
L0001548,C000356,LP001,BR007,2022-03-23,2022-03-26,2022-03-30,128758,14.5,54,ACTIVE
L0001549,C000106,LP001,BR004,2024-10-11,2024-10-21,2024-10-24,232654,14.5,18,ACTIVE
L0001550,C000256,LP001,BR003,2026-06-15,2026-06-23,2026-06-26,189146,14.5,57,ACTIVE
L0001551,C000884,LP002,BR002,2025-03-31,2025-04-01,2025-04-03,1475425,10.5,30,ACTIVE
L0001552,C000036,LP004,BR001,2024-11-05,2024-11-08,2024-11-12,1036788,16.0,104,ACTIVE
L0001553,C000570,LP002,BR007,2022-03-16,2022-03-18,2022-03-19,1311824,10.5,66,ACTIVE
L0001554,C000835,LP005,BR002,2023-12-20,2023-12-23,2023-12-24,358746,12.0,16,CLOSED
L0001555,C000999,LP004,BR005,2026-03-17,2026-03-24,2026-03-27,769653,16.0,75,ACTIVE
L0001556,C000287,LP002,BR008,2022-01-20,2022-01-28,2022-02-01,1361946,10.5,54,CLOSED
L0001557,C000743,LP005,BR007,2022-04-22,2022-04-26,2022-04-30,458996,12.0,29,ACTIVE
L0001558,C000275,LP002,BR006,2024-04-17,2024-04-26,2024-05-01,1133060,10.5,80,DEFAULT
L0001559,C000439,LP004,BR005,2022-05-16,2022-05-20,2022-05-24,275359,16.0,86,ACTIVE
L0001560,C000978,LP001,BR008,2023-07-18,2023-07-27,2023-08-01,457158,14.5,56,CLOSED
L0001561,C000604,LP004,BR007,2026-02-15,2026-02-17,2026-02-19,858559,16.0,12,CLOSED
L0001562,C000032,LP002,BR008,2022-07-14,2022-07-15,2022-07-18,1270996,10.5,72,CLOSED
L0001563,C000022,LP001,BR010,2022-07-27,2022-07-29,2022-07-30,233158,14.5,35,CLOSED
L0001564,C000529,LP001,BR010,2023-09-03,2023-09-08,2023-09-12,125570,14.5,47,ACTIVE
L0001565,C000794,LP003,BR002,2026-03-25,2026-03-29,2026-03-31,2383973,8.5,26,CLOSED
L0001566,C000310,LP003,BR006,2024-12-26,2024-12-28,2024-12-30,3666370,8.5,199,ACTIVE
L0001567,C000845,LP002,BR002,2023-04-27,2023-05-04,2023-05-07,213420,10.5,25,DEFAULT
L0001568,C000157,LP002,BR004,2023-05-09,2023-05-11,2023-05-15,1345552,10.5,32,ACTIVE
L0001569,C000630,LP004,BR002,2026-03-08,2026-03-11,2026-03-14,396280,16.0,22,CLOSED
L0001570,C000885,LP005,BR003,2023-10-28,2023-10-30,2023-10-31,616831,12.0,25,CLOSED
L0001571,C000756,LP004,BR003,2026-07-23,2026-07-26,2026-07-30,1659354,16.0,29,DEFAULT
L0001572,C000654,LP002,BR006,2023-03-25,2023-03-30,2023-04-03,963025,10.5,55,ACTIVE
L0001573,C000917,LP002,BR008,2026-06-16,2026-06-17,2026-06-20,333343,10.5,31,ACTIVE
L0001574,C000230,LP002,BR005,2026-06-16,2026-06-17,2026-06-22,464024,10.5,76,CLOSED
L0001575,C000285,LP004,BR005,2025-03-28,2025-03-29,2025-04-02,1846256,16.0,66,ACTIVE
L0001576,C000256,LP005,BR009,2022-08-09,2022-08-18,2022-08-21,983798,12.0,30,DEFAULT
L0001577,C000590,LP001,BR001,2026-08-12,2026-08-17,2026-08-19,272125,14.5,22,ACTIVE
L0001578,C000542,LP003,BR009,2024-10-02,2024-10-04,2024-10-09,3667205,8.5,44,CLOSED
L0001579,C000517,LP001,BR004,2025-08-11,2025-08-18,2025-08-23,79358,14.5,26,ACTIVE
L0001580,C000320,LP002,BR001,2025-05-04,2025-05-07,2025-05-12,1368951,10.5,21,ACTIVE
L0001581,C000088,LP005,BR010,2022-08-05,2022-08-13,2022-08-16,704405,12.0,32,ACTIVE
L0001582,C000742,LP003,BR002,2023-02-16,2023-02-23,2023-02-25,958619,8.5,217,ACTIVE
L0001583,C000281,LP001,BR004,2023-03-30,2023-04-06,2023-04-08,191515,14.5,18,ACTIVE
L0001584,C000878,LP002,BR002,2026-05-21,2026-05-23,2026-05-26,1364981,10.5,54,ACTIVE
L0001585,C000867,LP005,BR002,2025-02-14,2025-02-18,2025-02-21,190666,12.0,29,ACTIVE
L0001586,C000295,LP004,BR001,2026-01-01,2026-01-03,2026-01-05,1352232,16.0,13,ACTIVE
L0001587,C000436,LP002,BR003,2024-07-30,2024-08-03,2024-08-08,523049,10.5,16,CLOSED
L0001588,C000961,LP001,BR008,2023-01-20,2023-01-25,2023-01-26,348908,14.5,48,ACTIVE
L0001589,C000319,LP001,BR001,2026-04-01,2026-04-11,2026-04-15,73949,14.5,15,ACTIVE
L0001590,C000426,LP004,BR003,2025-06-23,2025-06-25,2025-06-28,117781,16.0,57,ACTIVE
L0001591,C000991,LP003,BR006,2024-09-14,2024-09-21,2024-09-26,2134803,8.5,92,ACTIVE
L0001592,C000672,LP002,BR001,2024-05-22,2024-05-28,2024-05-30,304220,10.5,54,ACTIVE
L0001593,C000658,LP003,BR001,2026-05-22,2026-05-31,2026-06-01,4712566,8.5,218,CLOSED
L0001594,C000109,LP004,BR002,2024-06-20,2024-06-21,2024-06-26,1769478,16.0,60,ACTIVE
L0001595,C000239,LP004,BR009,2024-11-13,2024-11-23,2024-11-24,708424,16.0,32,CLOSED
L0001596,C000215,LP005,BR004,2025-03-20,2025-03-28,2025-03-29,948203,12.0,32,ACTIVE
L0001597,C000355,LP005,BR005,2025-05-15,2025-05-19,2025-05-21,866699,12.0,33,CLOSED
L0001598,C000783,LP001,BR002,2024-06-16,2024-06-19,2024-06-24,320690,14.5,58,DEFAULT
L0001599,C000499,LP001,BR010,2023-10-03,2023-10-12,2023-10-15,284608,14.5,20,ACTIVE
L0001600,C000922,LP003,BR002,2026-07-01,2026-07-06,2026-07-09,4114663,8.5,22,ACTIVE
L0001601,C000446,LP003,BR005,2026-05-08,2026-05-12,2026-05-14,1129131,8.5,51,DEFAULT
L0001602,C000192,LP002,BR008,2023-07-12,2023-07-20,2023-07-21,131335,10.5,30,ACTIVE
L0001603,C000997,LP003,BR009,2024-11-24,2024-12-03,2024-12-04,4685179,8.5,36,ACTIVE
L0001604,C000384,LP003,BR007,2026-05-22,2026-05-28,2026-05-30,2979741,8.5,53,ACTIVE
L0001605,C000257,LP004,BR003,2023-11-14,2023-11-19,2023-11-24,861954,16.0,57,ACTIVE
L0001606,C000087,LP003,BR001,2024-10-08,2024-10-10,2024-10-12,4364976,8.5,78,ACTIVE
L0001607,C000040,LP002,BR008,2025-07-22,2025-07-27,2025-07-31,1463761,10.5,29,ACTIVE
L0001608,C000206,LP003,BR010,2025-07-07,2025-07-17,2025-07-21,832127,8.5,105,ACTIVE
L0001609,C000773,LP005,BR005,2025-01-31,2025-02-07,2025-02-11,918630,12.0,31,CLOSED
L0001610,C000393,LP003,BR010,2021-09-16,2021-09-24,2021-09-27,4798987,8.5,228,DEFAULT
L0001611,C000556,LP004,BR005,2022-01-01,2022-01-07,2022-01-10,275092,16.0,99,ACTIVE
L0001612,C000022,LP004,BR002,2024-02-16,2024-02-25,2024-02-29,651189,16.0,99,ACTIVE
L0001613,C000564,LP004,BR006,2021-11-05,2021-11-15,2021-11-16,1654078,16.0,113,CLOSED
L0001614,C000022,LP001,BR009,2026-02-10,2026-02-19,2026-02-20,131035,14.5,18,ACTIVE
L0001615,C000237,LP002,BR003,2022-11-09,2022-11-16,2022-11-18,1295657,10.5,63,ACTIVE
L0001616,C000337,LP003,BR006,2024-04-10,2024-04-14,2024-04-18,4377873,8.5,183,ACTIVE
L0001617,C000757,LP005,BR003,2021-10-06,2021-10-12,2021-10-16,511246,12.0,32,DEFAULT
L0001618,C000059,LP003,BR007,2024-04-06,2024-04-14,2024-04-15,1219931,8.5,58,ACTIVE
L0001619,C000314,LP004,BR001,2023-08-06,2023-08-13,2023-08-17,518321,16.0,63,ACTIVE
L0001620,C000031,LP005,BR003,2023-07-15,2023-07-17,2023-07-20,379057,12.0,31,ACTIVE
L0001621,C000513,LP001,BR009,2024-05-21,2024-05-25,2024-05-29,109939,14.5,29,ACTIVE
L0001622,C000644,LP005,BR002,2021-11-22,2021-11-23,2021-11-28,183306,12.0,27,CLOSED
L0001623,C000796,LP004,BR010,2024-01-21,2024-01-25,2024-01-28,1291615,16.0,16,DEFAULT
L0001624,C000482,LP004,BR003,2026-06-02,2026-06-09,2026-06-10,1795617,16.0,58,ACTIVE
L0001625,C000037,LP005,BR001,2026-01-21,2026-01-29,2026-01-31,76704,12.0,18,ACTIVE
L0001626,C000963,LP004,BR002,2026-06-10,2026-06-17,2026-06-20,628631,16.0,93,CLOSED
L0001627,C000417,LP003,BR001,2026-07-25,2026-07-27,2026-07-29,1080987,8.5,82,ACTIVE
L0001628,C000942,LP002,BR004,2026-07-27,2026-07-29,2026-08-01,1046698,10.5,65,DEFAULT
L0001629,C000598,LP005,BR003,2023-01-09,2023-01-13,2023-01-16,213020,12.0,13,ACTIVE
L0001630,C000730,LP002,BR001,2022-07-05,2022-07-12,2022-07-15,722654,10.5,33,CLOSED
L0001631,C000556,LP004,BR003,2022-01-11,2022-01-17,2022-01-21,1110041,16.0,72,DEFAULT
L0001632,C000059,LP003,BR004,2025-08-16,2025-08-19,2025-08-23,3475375,8.5,189,DEFAULT
L0001633,C000494,LP003,BR010,2024-09-24,2024-10-01,2024-10-02,2165641,8.5,31,DEFAULT
L0001634,C000599,LP003,BR002,2023-01-14,2023-01-24,2023-01-26,3215665,8.5,182,ACTIVE
L0001635,C000600,LP001,BR004,2022-11-20,2022-11-21,2022-11-23,290469,14.5,21,ACTIVE
L0001636,C000591,LP001,BR002,2023-12-18,2023-12-24,2023-12-25,465244,14.5,55,ACTIVE
L0001637,C000236,LP004,BR009,2024-10-30,2024-11-04,2024-11-09,1614743,16.0,12,ACTIVE
L0001638,C000294,LP002,BR002,2023-11-01,2023-11-04,2023-11-08,1439904,10.5,24,ACTIVE
L0001639,C000613,LP001,BR004,2023-09-09,2023-09-13,2023-09-15,270293,14.5,56,DEFAULT
L0001640,C000716,LP004,BR003,2023-11-21,2023-11-24,2023-11-29,891793,16.0,39,ACTIVE
L0001641,C000435,LP005,BR001,2024-04-06,2024-04-10,2024-04-12,732641,12.0,30,ACTIVE
L0001642,C000399,LP002,BR005,2022-06-28,2022-07-04,2022-07-07,133955,10.5,50,ACTIVE
L0001643,C000408,LP005,BR005,2026-07-24,2026-08-02,2026-08-03,753287,12.0,27,ACTIVE
L0001644,C000706,LP004,BR007,2025-02-09,2025-02-16,2025-02-20,837629,16.0,57,DEFAULT
L0001645,C000486,LP003,BR005,2026-07-20,2026-07-27,2026-08-01,3317117,8.5,41,CLOSED
L0001646,C000346,LP003,BR002,2023-07-23,2023-07-31,2023-08-04,3629969,8.5,57,DEFAULT
L0001647,C000199,LP004,BR010,2022-05-13,2022-05-23,2022-05-25,1238256,16.0,67,ACTIVE
L0001648,C000431,LP005,BR001,2024-06-20,2024-06-25,2024-06-29,684909,12.0,21,DEFAULT
L0001649,C000841,LP001,BR009,2025-10-24,2025-10-26,2025-10-27,472544,14.5,18,ACTIVE
L0001650,C000805,LP002,BR009,2023-03-07,2023-03-08,2023-03-13,962515,10.5,25,ACTIVE
L0001651,C000392,LP002,BR010,2025-11-11,2025-11-21,2025-11-26,309090,10.5,68,DEFAULT
L0001652,C000764,LP001,BR009,2026-08-11,2026-08-21,2026-08-22,400072,14.5,30,ACTIVE
L0001653,C000829,LP003,BR007,2022-07-09,2022-07-13,2022-07-15,4313711,8.5,153,ACTIVE
L0001654,C000951,LP004,BR009,2024-04-06,2024-04-08,2024-04-10,1895880,16.0,72,ACTIVE
L0001655,C000506,LP001,BR002,2022-01-10,2022-01-16,2022-01-20,266496,14.5,53,ACTIVE
L0001656,C000304,LP003,BR010,2026-08-11,2026-08-12,2026-08-15,2378516,8.5,141,ACTIVE
L0001657,C000732,LP005,BR008,2024-12-14,2024-12-19,2024-12-22,342328,12.0,25,CLOSED
L0001658,C000420,LP005,BR003,2022-05-17,2022-05-18,2022-05-22,54261,12.0,12,ACTIVE
L0001659,C000748,LP003,BR003,2022-03-08,2022-03-11,2022-03-14,4853379,8.5,221,DEFAULT
L0001660,C000312,LP005,BR003,2024-07-20,2024-07-26,2024-07-29,198688,12.0,30,ACTIVE
L0001661,C000406,LP004,BR005,2024-08-31,2024-09-04,2024-09-09,920746,16.0,36,DEFAULT
L0001662,C000036,LP001,BR001,2025-05-27,2025-06-03,2025-06-04,470128,14.5,48,ACTIVE
L0001663,C000565,LP003,BR007,2025-04-02,2025-04-05,2025-04-09,1957246,8.5,115,ACTIVE
L0001664,C000631,LP003,BR009,2022-09-25,2022-10-04,2022-10-06,4169190,8.5,71,ACTIVE
L0001665,C000945,LP005,BR009,2023-08-21,2023-08-24,2023-08-29,144122,12.0,32,DEFAULT
L0001666,C000830,LP001,BR004,2021-10-21,2021-10-28,2021-10-31,489006,14.5,47,CLOSED
L0001667,C000959,LP002,BR001,2024-12-17,2024-12-23,2024-12-25,295568,10.5,23,ACTIVE
L0001668,C000385,LP002,BR009,2022-03-03,2022-03-10,2022-03-11,1418886,10.5,31,ACTIVE
L0001669,C000877,LP005,BR002,2024-04-19,2024-04-29,2024-05-04,985313,12.0,14,DEFAULT
L0001670,C000387,LP001,BR010,2026-03-03,2026-03-10,2026-03-11,439199,14.5,58,CLOSED
L0001671,C000024,LP001,BR005,2022-01-21,2022-01-29,2022-02-01,147808,14.5,27,CLOSED
L0001672,C000983,LP004,BR002,2024-06-04,2024-06-09,2024-06-11,1222851,16.0,119,CLOSED
L0001673,C000405,LP001,BR009,2026-04-20,2026-04-27,2026-04-30,395640,14.5,15,ACTIVE
L0001674,C000389,LP004,BR004,2026-07-07,2026-07-09,2026-07-11,1415832,16.0,14,DEFAULT
L0001675,C000109,LP004,BR009,2022-12-24,2022-12-26,2022-12-27,1062860,16.0,88,ACTIVE
L0001676,C000620,LP002,BR008,2024-06-27,2024-06-29,2024-07-01,692367,10.5,45,CLOSED
L0001677,C000322,LP004,BR010,2025-12-24,2025-12-26,2025-12-27,1136506,16.0,120,ACTIVE
L0001678,C000442,LP005,BR010,2023-08-02,2023-08-06,2023-08-10,125561,12.0,27,ACTIVE
L0001679,C000387,LP002,BR003,2023-01-04,2023-01-11,2023-01-12,1120300,10.5,21,CLOSED
L0001680,C000935,LP002,BR009,2022-02-19,2022-02-26,2022-03-02,757635,10.5,69,CLOSED
L0001681,C000754,LP001,BR006,2025-01-18,2025-01-21,2025-01-24,55316,14.5,23,DEFAULT
L0001682,C000022,LP004,BR001,2025-07-01,2025-07-11,2025-07-12,345801,16.0,55,ACTIVE
L0001683,C000979,LP005,BR005,2026-08-08,2026-08-16,2026-08-21,649138,12.0,29,ACTIVE
L0001684,C000177,LP004,BR001,2026-01-01,2026-01-04,2026-01-09,1655450,16.0,44,ACTIVE
L0001685,C000902,LP001,BR006,2022-06-22,2022-06-26,2022-07-01,65495,14.5,46,ACTIVE
L0001686,C000881,LP002,BR010,2023-08-06,2023-08-15,2023-08-20,419492,10.5,39,ACTIVE
L0001687,C000465,LP001,BR002,2025-05-19,2025-05-21,2025-05-23,65465,14.5,32,CLOSED
L0001688,C000623,LP002,BR007,2024-03-04,2024-03-08,2024-03-09,365458,10.5,46,ACTIVE
L0001689,C000973,LP003,BR003,2025-01-23,2025-01-31,2025-02-02,1271498,8.5,101,DEFAULT
L0001690,C000432,LP001,BR006,2022-12-19,2022-12-24,2022-12-28,440696,14.5,43,ACTIVE
L0001691,C000725,LP001,BR001,2022-10-31,2022-11-09,2022-11-13,151216,14.5,28,CLOSED
L0001692,C000818,LP004,BR008,2024-07-26,2024-07-30,2024-08-02,923815,16.0,25,DEFAULT
L0001693,C000403,LP002,BR002,2022-05-30,2022-06-09,2022-06-12,447399,10.5,38,ACTIVE
L0001694,C000950,LP004,BR010,2025-10-03,2025-10-10,2025-10-14,988641,16.0,88,ACTIVE
L0001695,C000893,LP005,BR001,2026-07-27,2026-08-02,2026-08-07,132783,12.0,31,ACTIVE
L0001696,C000765,LP005,BR001,2022-02-16,2022-02-23,2022-02-25,614691,12.0,23,ACTIVE
L0001697,C000664,LP002,BR006,2026-05-16,2026-05-18,2026-05-22,450746,10.5,16,DEFAULT
L0001698,C000463,LP001,BR006,2025-02-07,2025-02-12,2025-02-17,264857,14.5,30,DEFAULT
L0001699,C000852,LP003,BR003,2023-12-10,2023-12-19,2023-12-22,3841238,8.5,19,ACTIVE
L0001700,C000254,LP003,BR004,2022-06-07,2022-06-10,2022-06-13,4101957,8.5,214,CLOSED
L0001701,C000492,LP004,BR007,2025-02-05,2025-02-11,2025-02-13,252337,16.0,39,ACTIVE
L0001702,C000562,LP002,BR001,2025-12-23,2025-12-29,2025-12-31,759455,10.5,27,ACTIVE
L0001703,C000565,LP001,BR009,2025-05-27,2025-06-02,2025-06-03,425811,14.5,33,CLOSED
L0001704,C000652,LP002,BR006,2022-10-26,2022-11-03,2022-11-08,774362,10.5,41,DEFAULT
L0001705,C000710,LP002,BR006,2022-11-09,2022-11-11,2022-11-15,694782,10.5,39,DEFAULT
L0001706,C000994,LP004,BR002,2025-10-19,2025-10-23,2025-10-24,1276415,16.0,47,DEFAULT
L0001707,C000904,LP003,BR007,2026-06-19,2026-06-21,2026-06-26,4037896,8.5,186,ACTIVE
L0001708,C000730,LP005,BR007,2023-05-24,2023-05-30,2023-06-02,227775,12.0,18,ACTIVE
L0001709,C000525,LP002,BR001,2025-11-09,2025-11-17,2025-11-21,198129,10.5,47,ACTIVE
L0001710,C000314,LP004,BR004,2025-01-26,2025-01-28,2025-01-29,1049559,16.0,33,DEFAULT
L0001711,C000723,LP002,BR001,2026-07-27,2026-08-02,2026-08-07,902910,10.5,42,DEFAULT
L0001712,C000957,LP004,BR004,2023-05-18,2023-05-19,2023-05-22,137405,16.0,94,DEFAULT
L0001713,C000387,LP002,BR007,2026-06-25,2026-06-26,2026-06-30,696358,10.5,28,ACTIVE
L0001714,C000577,LP002,BR002,2026-03-02,2026-03-03,2026-03-08,1206276,10.5,17,ACTIVE
L0001715,C000987,LP004,BR002,2023-10-21,2023-10-22,2023-10-23,1085437,16.0,24,ACTIVE
L0001716,C000246,LP004,BR001,2023-10-08,2023-10-13,2023-10-16,765194,16.0,108,ACTIVE
L0001717,C000206,LP002,BR009,2022-04-26,2022-05-03,2022-05-04,1266960,10.5,52,ACTIVE
L0001718,C000715,LP002,BR008,2023-12-22,2024-01-01,2024-01-02,924867,10.5,50,ACTIVE
L0001719,C000904,LP003,BR005,2025-05-14,2025-05-22,2025-05-23,3636551,8.5,170,ACTIVE
L0001720,C000584,LP003,BR007,2024-06-16,2024-06-17,2024-06-19,901262,8.5,223,ACTIVE
L0001721,C000043,LP001,BR001,2026-08-10,2026-08-13,2026-08-14,219271,14.5,56,ACTIVE
L0001722,C000323,LP002,BR003,2022-06-21,2022-06-25,2022-06-27,284584,10.5,36,ACTIVE
L0001723,C000998,LP005,BR001,2022-08-31,2022-09-09,2022-09-10,999485,12.0,34,ACTIVE
L0001724,C000475,LP003,BR010,2025-03-23,2025-03-28,2025-03-29,1429487,8.5,24,ACTIVE
L0001725,C000098,LP005,BR004,2025-04-23,2025-04-25,2025-04-28,365326,12.0,34,DEFAULT
L0001726,C000870,LP003,BR008,2024-10-24,2024-10-31,2024-11-03,1928903,8.5,47,DEFAULT
L0001727,C000562,LP004,BR010,2024-09-02,2024-09-10,2024-09-11,364846,16.0,52,CLOSED
L0001728,C000548,LP003,BR008,2023-04-30,2023-05-10,2023-05-14,4247860,8.5,183,ACTIVE
L0001729,C000110,LP005,BR007,2024-06-08,2024-06-17,2024-06-22,272207,12.0,30,ACTIVE
L0001730,C000025,LP004,BR004,2024-08-21,2024-08-29,2024-09-01,775097,16.0,110,ACTIVE
L0001731,C000689,LP002,BR004,2021-11-30,2021-12-04,2021-12-05,653253,10.5,49,ACTIVE
L0001732,C000071,LP005,BR004,2024-04-20,2024-04-26,2024-05-01,896129,12.0,19,CLOSED
L0001733,C000143,LP004,BR009,2023-02-23,2023-02-25,2023-02-26,1137263,16.0,19,CLOSED
L0001734,C000901,LP003,BR004,2024-09-06,2024-09-07,2024-09-09,4427130,8.5,221,ACTIVE
L0001735,C000474,LP002,BR003,2025-06-20,2025-06-24,2025-06-28,319225,10.5,55,CLOSED
L0001736,C000630,LP005,BR006,2022-12-13,2022-12-23,2022-12-28,558891,12.0,22,ACTIVE
L0001737,C000119,LP003,BR002,2025-06-15,2025-06-23,2025-06-25,4732148,8.5,39,CLOSED
L0001738,C000338,LP003,BR002,2022-02-02,2022-02-06,2022-02-09,3734443,8.5,127,DEFAULT
L0001739,C000530,LP003,BR007,2023-09-11,2023-09-20,2023-09-22,3857162,8.5,60,ACTIVE
L0001740,C000448,LP003,BR004,2023-05-29,2023-06-03,2023-06-07,1877378,8.5,187,ACTIVE
L0001741,C000345,LP001,BR001,2024-11-20,2024-11-30,2024-12-01,127222,14.5,41,ACTIVE
L0001742,C000723,LP002,BR004,2023-01-13,2023-01-15,2023-01-17,134787,10.5,70,CLOSED
L0001743,C000010,LP004,BR006,2022-06-09,2022-06-14,2022-06-15,1098748,16.0,96,DEFAULT
L0001744,C000524,LP002,BR007,2022-08-31,2022-09-08,2022-09-11,656958,10.5,27,DEFAULT
L0001745,C000840,LP004,BR005,2022-03-04,2022-03-06,2022-03-09,1004865,16.0,39,CLOSED
L0001746,C000428,LP001,BR009,2023-10-11,2023-10-18,2023-10-23,275888,14.5,44,ACTIVE
L0001747,C000419,LP005,BR008,2022-12-18,2022-12-19,2022-12-23,305830,12.0,23,ACTIVE
L0001748,C000488,LP005,BR010,2024-02-26,2024-02-27,2024-03-02,787559,12.0,25,CLOSED
L0001749,C000877,LP002,BR007,2021-10-28,2021-11-02,2021-11-04,944506,10.5,34,DEFAULT
L0001750,C000870,LP003,BR004,2024-08-17,2024-08-22,2024-08-27,4640753,8.5,144,ACTIVE
L0001751,C000793,LP001,BR009,2022-08-27,2022-08-29,2022-08-30,388870,14.5,27,ACTIVE
L0001752,C000545,LP003,BR002,2024-04-20,2024-04-24,2024-04-25,945751,8.5,21,DEFAULT
L0001753,C000687,LP001,BR006,2025-07-15,2025-07-20,2025-07-22,84522,14.5,46,ACTIVE
L0001754,C000004,LP003,BR006,2025-09-18,2025-09-23,2025-09-25,3893690,8.5,112,ACTIVE
L0001755,C000655,LP004,BR003,2021-11-25,2021-11-27,2021-11-29,1639150,16.0,117,ACTIVE
L0001756,C000518,LP002,BR007,2024-07-13,2024-07-21,2024-07-23,458674,10.5,38,ACTIVE
L0001757,C000946,LP004,BR009,2023-06-27,2023-07-02,2023-07-07,703934,16.0,105,ACTIVE
L0001758,C000070,LP003,BR006,2026-04-14,2026-04-16,2026-04-18,4721484,8.5,191,DEFAULT
L0001759,C000669,LP002,BR005,2023-07-06,2023-07-14,2023-07-17,600421,10.5,33,ACTIVE
L0001760,C000940,LP003,BR004,2023-06-11,2023-06-13,2023-06-15,2071558,8.5,97,ACTIVE
L0001761,C000103,LP002,BR002,2026-05-10,2026-05-13,2026-05-14,1496769,10.5,72,ACTIVE
L0001762,C000176,LP003,BR005,2026-02-27,2026-03-05,2026-03-06,1989104,8.5,79,ACTIVE
L0001763,C000745,LP002,BR002,2023-11-28,2023-12-01,2023-12-02,1345719,10.5,57,ACTIVE
L0001764,C000379,LP004,BR003,2026-05-18,2026-05-28,2026-05-29,1124054,16.0,43,ACTIVE
L0001765,C000485,LP001,BR002,2025-10-25,2025-10-27,2025-10-28,479353,14.5,13,DEFAULT
L0001766,C000223,LP005,BR002,2022-11-29,2022-12-04,2022-12-06,570784,12.0,28,CLOSED
L0001767,C000830,LP002,BR002,2021-11-12,2021-11-15,2021-11-16,309699,10.5,50,ACTIVE
L0001768,C000574,LP005,BR001,2024-11-29,2024-12-07,2024-12-11,790509,12.0,23,DEFAULT
L0001769,C000190,LP001,BR006,2026-03-10,2026-03-15,2026-03-19,182926,14.5,35,ACTIVE
L0001770,C000449,LP005,BR001,2022-01-29,2022-01-30,2022-02-02,335761,12.0,34,ACTIVE
L0001771,C000052,LP005,BR010,2023-11-18,2023-11-27,2023-12-02,527882,12.0,15,ACTIVE
L0001772,C000131,LP004,BR002,2023-02-27,2023-03-08,2023-03-09,410169,16.0,64,CLOSED
L0001773,C000994,LP002,BR006,2022-03-21,2022-03-24,2022-03-27,1144029,10.5,15,CLOSED
L0001774,C000248,LP003,BR001,2024-02-15,2024-02-25,2024-02-29,3515032,8.5,64,ACTIVE
L0001775,C000249,LP003,BR005,2023-06-01,2023-06-05,2023-06-09,1405396,8.5,82,DEFAULT
L0001776,C000279,LP002,BR010,2024-01-06,2024-01-14,2024-01-19,466901,10.5,45,ACTIVE
L0001777,C000945,LP002,BR007,2022-02-27,2022-03-05,2022-03-09,1335532,10.5,65,ACTIVE
L0001778,C000403,LP002,BR008,2025-08-30,2025-09-04,2025-09-06,186192,10.5,78,ACTIVE
L0001779,C000128,LP005,BR009,2021-10-11,2021-10-21,2021-10-22,474515,12.0,26,DEFAULT
L0001780,C000618,LP004,BR008,2022-04-10,2022-04-16,2022-04-19,331086,16.0,13,ACTIVE
L0001781,C000749,LP002,BR001,2025-01-05,2025-01-08,2025-01-12,415050,10.5,78,ACTIVE
L0001782,C000842,LP001,BR002,2024-01-06,2024-01-16,2024-01-21,398295,14.5,22,ACTIVE
L0001783,C000001,LP003,BR003,2024-10-09,2024-10-17,2024-10-20,1042042,8.5,216,ACTIVE
L0001784,C000781,LP002,BR008,2022-08-17,2022-08-18,2022-08-22,185884,10.5,39,ACTIVE
L0001785,C000271,LP001,BR007,2021-11-14,2021-11-24,2021-11-25,77888,14.5,43,ACTIVE
L0001786,C000965,LP003,BR004,2024-03-12,2024-03-13,2024-03-17,3454933,8.5,181,ACTIVE
L0001787,C000230,LP003,BR002,2024-12-29,2024-12-30,2025-01-02,1655268,8.5,101,ACTIVE
L0001788,C000485,LP004,BR006,2023-09-04,2023-09-13,2023-09-18,425136,16.0,23,ACTIVE
L0001789,C000575,LP003,BR008,2024-12-11,2024-12-14,2024-12-16,4124304,8.5,161,ACTIVE
L0001790,C000528,LP001,BR006,2026-01-12,2026-01-17,2026-01-19,66848,14.5,42,ACTIVE
L0001791,C000477,LP001,BR008,2022-07-22,2022-07-26,2022-07-30,271544,14.5,37,ACTIVE
L0001792,C000883,LP005,BR007,2024-05-23,2024-05-28,2024-05-31,646040,12.0,21,CLOSED
L0001793,C000511,LP001,BR006,2025-10-30,2025-11-09,2025-11-13,405951,14.5,32,DEFAULT
L0001794,C000934,LP002,BR002,2026-03-25,2026-03-28,2026-03-30,624330,10.5,29,ACTIVE
L0001795,C000170,LP002,BR005,2022-06-16,2022-06-25,2022-06-27,731373,10.5,51,ACTIVE
L0001796,C000458,LP002,BR009,2023-04-18,2023-04-23,2023-04-28,1417680,10.5,71,DEFAULT
L0001797,C000579,LP004,BR002,2023-05-26,2023-05-29,2023-06-02,1740823,16.0,118,ACTIVE
L0001798,C000629,LP001,BR006,2025-12-19,2025-12-21,2025-12-23,326075,14.5,40,ACTIVE
L0001799,C000586,LP003,BR005,2025-08-08,2025-08-17,2025-08-20,4429046,8.5,102,ACTIVE
L0001800,C000203,LP002,BR003,2026-06-23,2026-07-01,2026-07-05,960374,10.5,71,ACTIVE
L0001801,C000666,LP003,BR007,2021-11-21,2021-11-30,2021-12-01,4030921,8.5,34,CLOSED
L0001802,C000793,LP002,BR006,2022-01-17,2022-01-27,2022-01-30,608864,10.5,77,ACTIVE
L0001803,C000810,LP004,BR001,2023-10-24,2023-10-27,2023-11-01,1239318,16.0,84,ACTIVE
L0001804,C000492,LP003,BR001,2026-03-18,2026-03-19,2026-03-23,1556426,8.5,115,ACTIVE
L0001805,C000065,LP005,BR008,2024-04-20,2024-04-28,2024-05-03,502576,12.0,13,ACTIVE
L0001806,C000039,LP003,BR008,2024-07-18,2024-07-19,2024-07-22,1397991,8.5,97,DEFAULT
L0001807,C000534,LP001,BR003,2025-11-16,2025-11-18,2025-11-21,346455,14.5,42,ACTIVE
L0001808,C000424,LP001,BR001,2025-01-20,2025-01-21,2025-01-22,438221,14.5,49,DEFAULT
L0001809,C000763,LP005,BR009,2023-01-16,2023-01-17,2023-01-19,561342,12.0,16,DEFAULT
L0001810,C000288,LP001,BR006,2021-11-12,2021-11-20,2021-11-22,167201,14.5,55,CLOSED
L0001811,C000236,LP002,BR007,2024-08-28,2024-09-02,2024-09-05,113528,10.5,74,DEFAULT
L0001812,C000375,LP003,BR008,2024-09-13,2024-09-17,2024-09-18,1063228,8.5,12,CLOSED
L0001813,C000767,LP003,BR005,2024-09-24,2024-10-04,2024-10-05,4860587,8.5,36,CLOSED
L0001814,C000048,LP001,BR010,2024-04-12,2024-04-16,2024-04-17,298377,14.5,13,DEFAULT
L0001815,C000069,LP002,BR002,2023-09-19,2023-09-27,2023-10-01,216713,10.5,27,ACTIVE
L0001816,C000972,LP004,BR004,2025-12-21,2025-12-28,2026-01-01,485968,16.0,116,CLOSED
L0001817,C000096,LP002,BR010,2024-01-21,2024-01-30,2024-02-02,1385050,10.5,68,DEFAULT
L0001818,C000906,LP002,BR010,2022-03-27,2022-03-29,2022-04-02,406700,10.5,14,CLOSED
L0001819,C000484,LP004,BR002,2023-11-25,2023-11-28,2023-11-30,458142,16.0,77,DEFAULT
L0001820,C000831,LP003,BR005,2024-12-31,2025-01-04,2025-01-08,4530444,8.5,86,ACTIVE
L0001821,C000482,LP003,BR007,2021-12-16,2021-12-18,2021-12-23,4635282,8.5,106,ACTIVE
L0001822,C000447,LP001,BR005,2026-06-06,2026-06-13,2026-06-17,415770,14.5,18,ACTIVE
L0001823,C000938,LP004,BR010,2024-02-03,2024-02-10,2024-02-14,410727,16.0,15,ACTIVE
L0001824,C000112,LP004,BR007,2023-08-17,2023-08-25,2023-08-26,1283232,16.0,61,ACTIVE
L0001825,C000729,LP001,BR008,2022-12-31,2023-01-10,2023-01-13,67869,14.5,53,DEFAULT
L0001826,C000021,LP004,BR010,2024-08-12,2024-08-20,2024-08-21,843916,16.0,29,ACTIVE
L0001827,C000581,LP001,BR002,2025-01-18,2025-01-26,2025-01-29,54781,14.5,22,ACTIVE
L0001828,C000412,LP003,BR005,2022-11-16,2022-11-25,2022-11-30,2268151,8.5,101,DEFAULT
L0001829,C000130,LP005,BR004,2022-06-15,2022-06-22,2022-06-27,85814,12.0,17,CLOSED
L0001830,C000482,LP001,BR009,2024-12-16,2024-12-22,2024-12-27,227886,14.5,41,CLOSED
L0001831,C000648,LP002,BR010,2026-02-19,2026-02-24,2026-02-27,926128,10.5,20,ACTIVE
L0001832,C000388,LP004,BR002,2023-08-23,2023-08-30,2023-09-03,1370542,16.0,96,CLOSED
L0001833,C000435,LP005,BR008,2025-04-04,2025-04-14,2025-04-19,833063,12.0,33,DEFAULT
L0001834,C000088,LP002,BR009,2023-10-02,2023-10-07,2023-10-09,779637,10.5,56,DEFAULT
L0001835,C000424,LP001,BR007,2026-07-31,2026-08-10,2026-08-14,85426,14.5,14,ACTIVE
L0001836,C000260,LP005,BR003,2023-01-03,2023-01-06,2023-01-08,121229,12.0,33,ACTIVE
L0001837,C000640,LP005,BR004,2025-05-02,2025-05-10,2025-05-14,359381,12.0,36,CLOSED
L0001838,C000434,LP004,BR002,2024-05-13,2024-05-17,2024-05-18,1987005,16.0,34,ACTIVE
L0001839,C000843,LP001,BR003,2024-07-05,2024-07-12,2024-07-13,82467,14.5,51,ACTIVE
L0001840,C000253,LP004,BR006,2025-07-12,2025-07-14,2025-07-15,1875872,16.0,107,ACTIVE
L0001841,C000377,LP005,BR001,2026-04-27,2026-05-05,2026-05-08,655996,12.0,32,ACTIVE
L0001842,C000309,LP002,BR001,2022-10-30,2022-11-02,2022-11-05,325781,10.5,69,ACTIVE
L0001843,C000502,LP002,BR007,2023-06-20,2023-06-23,2023-06-28,1266998,10.5,37,CLOSED
L0001844,C000589,LP003,BR010,2022-11-20,2022-11-25,2022-11-29,4170140,8.5,185,ACTIVE
L0001845,C000653,LP003,BR002,2026-04-24,2026-04-28,2026-04-30,1859705,8.5,123,DEFAULT
L0001846,C000307,LP002,BR006,2023-06-06,2023-06-10,2023-06-11,1320768,10.5,15,ACTIVE
L0001847,C000411,LP003,BR003,2022-11-19,2022-11-23,2022-11-24,1679124,8.5,240,ACTIVE
L0001848,C000659,LP005,BR004,2024-05-03,2024-05-09,2024-05-13,615900,12.0,29,ACTIVE
L0001849,C000174,LP003,BR005,2026-03-01,2026-03-07,2026-03-09,4930481,8.5,139,CLOSED
L0001850,C000194,LP005,BR008,2022-11-10,2022-11-14,2022-11-19,887776,12.0,27,DEFAULT
L0001851,C000501,LP001,BR010,2025-05-14,2025-05-20,2025-05-23,374261,14.5,47,CLOSED
L0001852,C000563,LP003,BR003,2022-12-10,2022-12-12,2022-12-16,4086228,8.5,172,ACTIVE
L0001853,C000177,LP001,BR001,2026-07-06,2026-07-08,2026-07-13,90969,14.5,20,DEFAULT
L0001854,C000207,LP001,BR008,2023-01-20,2023-01-25,2023-01-26,111827,14.5,43,CLOSED
L0001855,C000216,LP004,BR007,2024-05-29,2024-05-30,2024-06-04,1233590,16.0,54,ACTIVE
L0001856,C000405,LP005,BR009,2022-04-14,2022-04-18,2022-04-21,987073,12.0,20,ACTIVE
L0001857,C000799,LP002,BR007,2026-06-13,2026-06-19,2026-06-20,431062,10.5,48,ACTIVE
L0001858,C000675,LP003,BR001,2026-03-29,2026-04-07,2026-04-12,2524996,8.5,230,DEFAULT
L0001859,C000431,LP004,BR006,2022-09-18,2022-09-28,2022-10-03,754813,16.0,63,DEFAULT
L0001860,C000032,LP001,BR009,2023-04-11,2023-04-12,2023-04-17,415700,14.5,19,DEFAULT
L0001861,C000469,LP002,BR006,2024-05-29,2024-06-06,2024-06-09,1469926,10.5,15,ACTIVE
L0001862,C000811,LP001,BR005,2022-12-12,2022-12-18,2022-12-22,186776,14.5,24,ACTIVE
L0001863,C000046,LP004,BR009,2021-12-16,2021-12-17,2021-12-19,528308,16.0,82,ACTIVE
L0001864,C000856,LP004,BR005,2024-06-02,2024-06-03,2024-06-05,1135060,16.0,21,DEFAULT
L0001865,C000862,LP005,BR005,2025-03-25,2025-04-04,2025-04-05,382645,12.0,14,ACTIVE
L0001866,C000520,LP001,BR003,2025-03-16,2025-03-26,2025-03-31,92254,14.5,47,ACTIVE
L0001867,C000772,LP001,BR008,2024-04-15,2024-04-18,2024-04-21,429233,14.5,14,ACTIVE
L0001868,C000336,LP005,BR005,2025-06-23,2025-06-24,2025-06-28,552261,12.0,19,ACTIVE
L0001869,C000839,LP003,BR009,2024-01-14,2024-01-21,2024-01-25,3045257,8.5,212,CLOSED
L0001870,C000415,LP004,BR002,2023-01-01,2023-01-02,2023-01-03,155267,16.0,111,CLOSED
L0001871,C000539,LP005,BR003,2023-04-22,2023-05-01,2023-05-06,922084,12.0,24,ACTIVE
L0001872,C000826,LP001,BR009,2022-08-13,2022-08-22,2022-08-26,77336,14.5,36,ACTIVE
L0001873,C000668,LP003,BR002,2022-10-29,2022-11-01,2022-11-05,4080539,8.5,152,CLOSED
L0001874,C000636,LP003,BR009,2023-04-12,2023-04-14,2023-04-18,1489793,8.5,169,ACTIVE
L0001875,C000512,LP001,BR006,2021-12-06,2021-12-12,2021-12-14,229896,14.5,39,ACTIVE
L0001876,C000705,LP005,BR010,2023-12-24,2023-12-28,2023-12-30,116459,12.0,30,ACTIVE
L0001877,C000521,LP001,BR003,2026-07-13,2026-07-17,2026-07-21,441892,14.5,60,DEFAULT
L0001878,C000750,LP002,BR001,2023-09-03,2023-09-13,2023-09-14,131244,10.5,43,ACTIVE
L0001879,C000063,LP005,BR006,2023-09-07,2023-09-09,2023-09-10,152871,12.0,26,CLOSED
L0001880,C000409,LP004,BR004,2023-09-03,2023-09-08,2023-09-09,758769,16.0,56,DEFAULT
L0001881,C000125,LP001,BR002,2021-12-06,2021-12-10,2021-12-13,118008,14.5,50,ACTIVE
L0001882,C000336,LP005,BR008,2024-10-06,2024-10-14,2024-10-15,708484,12.0,14,ACTIVE
L0001883,C000767,LP004,BR002,2022-05-20,2022-05-25,2022-05-30,531721,16.0,75,ACTIVE
L0001884,C000546,LP001,BR008,2025-10-05,2025-10-09,2025-10-13,423887,14.5,31,ACTIVE
L0001885,C000666,LP004,BR008,2022-11-06,2022-11-15,2022-11-18,1922364,16.0,95,CLOSED
L0001886,C000816,LP004,BR002,2025-12-24,2026-01-02,2026-01-05,768695,16.0,101,DEFAULT
L0001887,C000844,LP001,BR005,2025-09-11,2025-09-20,2025-09-21,78310,14.5,34,ACTIVE
L0001888,C000201,LP002,BR010,2024-11-20,2024-11-30,2024-12-04,686749,10.5,22,CLOSED
L0001889,C000139,LP003,BR008,2023-04-10,2023-04-13,2023-04-18,2433875,8.5,90,DEFAULT
L0001890,C000834,LP003,BR006,2025-01-01,2025-01-05,2025-01-06,3623833,8.5,197,CLOSED
L0001891,C000025,LP004,BR010,2025-11-20,2025-11-21,2025-11-23,1564529,16.0,68,ACTIVE
L0001892,C000402,LP002,BR003,2025-09-27,2025-09-29,2025-09-30,1146284,10.5,16,ACTIVE
L0001893,C000863,LP002,BR008,2022-11-17,2022-11-22,2022-11-27,905676,10.5,50,ACTIVE
L0001894,C000422,LP001,BR002,2023-02-06,2023-02-07,2023-02-10,498043,14.5,51,ACTIVE
L0001895,C000212,LP005,BR004,2023-05-09,2023-05-17,2023-05-18,924682,12.0,24,ACTIVE
L0001896,C000090,LP003,BR003,2023-08-20,2023-08-28,2023-08-29,2382810,8.5,64,ACTIVE
L0001897,C000864,LP005,BR006,2021-12-25,2021-12-28,2022-01-01,578358,12.0,13,ACTIVE
L0001898,C000218,LP005,BR007,2025-03-08,2025-03-09,2025-03-14,820059,12.0,23,ACTIVE
L0001899,C000953,LP003,BR004,2021-11-01,2021-11-11,2021-11-14,2702284,8.5,219,DEFAULT
L0001900,C000723,LP005,BR005,2024-01-02,2024-01-06,2024-01-07,377506,12.0,35,DEFAULT
L0001901,C000695,LP003,BR009,2025-03-22,2025-03-29,2025-04-02,979145,8.5,218,ACTIVE
L0001902,C000137,LP004,BR009,2023-08-08,2023-08-17,2023-08-21,1612669,16.0,98,ACTIVE
L0001903,C000002,LP001,BR008,2023-06-08,2023-06-17,2023-06-21,272211,14.5,48,DEFAULT
L0001904,C000211,LP004,BR006,2023-06-13,2023-06-22,2023-06-25,440889,16.0,60,ACTIVE
L0001905,C000874,LP001,BR003,2022-04-09,2022-04-13,2022-04-15,57960,14.5,29,ACTIVE
L0001906,C000554,LP005,BR007,2023-03-20,2023-03-22,2023-03-24,828807,12.0,29,ACTIVE
L0001907,C000899,LP002,BR005,2025-06-11,2025-06-17,2025-06-22,927538,10.5,16,DEFAULT
L0001908,C000342,LP002,BR001,2025-11-16,2025-11-21,2025-11-24,663604,10.5,44,DEFAULT
L0001909,C000833,LP003,BR010,2024-06-21,2024-06-22,2024-06-23,3074423,8.5,157,ACTIVE
L0001910,C000185,LP003,BR008,2025-08-07,2025-08-12,2025-08-14,4222937,8.5,130,ACTIVE
L0001911,C000284,LP004,BR005,2023-10-22,2023-10-30,2023-10-31,1078194,16.0,16,ACTIVE
L0001912,C000804,LP001,BR002,2025-05-06,2025-05-14,2025-05-19,164212,14.5,38,ACTIVE
L0001913,C000369,LP002,BR001,2025-02-24,2025-03-06,2025-03-07,679748,10.5,82,ACTIVE
L0001914,C000231,LP003,BR008,2022-01-23,2022-01-25,2022-01-29,2008304,8.5,78,ACTIVE
L0001915,C000548,LP002,BR003,2024-12-10,2024-12-15,2024-12-19,366804,10.5,41,CLOSED
L0001916,C000745,LP005,BR003,2024-05-15,2024-05-18,2024-05-23,707842,12.0,13,CLOSED
L0001917,C000424,LP005,BR005,2025-01-22,2025-01-24,2025-01-25,213205,12.0,33,DEFAULT
L0001918,C000841,LP001,BR009,2026-07-28,2026-08-05,2026-08-10,216374,14.5,14,DEFAULT
L0001919,C000153,LP004,BR006,2026-04-08,2026-04-12,2026-04-13,1598519,16.0,45,ACTIVE
L0001920,C000998,LP005,BR004,2026-03-05,2026-03-06,2026-03-09,586693,12.0,34,ACTIVE
L0001921,C000113,LP004,BR009,2022-01-13,2022-01-23,2022-01-25,833436,16.0,25,ACTIVE
L0001922,C000793,LP004,BR002,2026-02-19,2026-02-28,2026-03-04,337361,16.0,77,ACTIVE
L0001923,C000235,LP005,BR004,2022-08-21,2022-08-25,2022-08-27,361614,12.0,30,ACTIVE
L0001924,C000312,LP003,BR009,2025-07-20,2025-07-27,2025-07-28,4077534,8.5,236,ACTIVE
L0001925,C000327,LP005,BR009,2025-08-05,2025-08-08,2025-08-09,362402,12.0,31,ACTIVE
L0001926,C000471,LP003,BR001,2022-01-25,2022-01-31,2022-02-04,3643342,8.5,132,ACTIVE
L0001927,C000553,LP005,BR008,2023-10-19,2023-10-29,2023-10-30,188100,12.0,23,ACTIVE
L0001928,C000404,LP003,BR004,2026-02-13,2026-02-18,2026-02-20,714205,8.5,39,DEFAULT
L0001929,C000518,LP003,BR002,2026-04-14,2026-04-18,2026-04-21,4784868,8.5,195,DEFAULT
L0001930,C000850,LP005,BR002,2025-01-27,2025-02-06,2025-02-09,245306,12.0,24,DEFAULT
L0001931,C000218,LP001,BR005,2022-01-15,2022-01-16,2022-01-18,249800,14.5,60,ACTIVE
L0001932,C000863,LP002,BR003,2026-06-14,2026-06-16,2026-06-18,1285734,10.5,76,DEFAULT
L0001933,C000613,LP004,BR005,2025-01-01,2025-01-10,2025-01-14,1230296,16.0,105,ACTIVE
L0001934,C000154,LP002,BR006,2026-02-05,2026-02-14,2026-02-15,1373185,10.5,72,DEFAULT
L0001935,C000816,LP002,BR002,2022-02-16,2022-02-25,2022-03-01,764670,10.5,46,CLOSED
L0001936,C000028,LP002,BR005,2023-04-28,2023-05-08,2023-05-11,611765,10.5,54,CLOSED
L0001937,C000795,LP003,BR007,2024-03-08,2024-03-14,2024-03-16,4323705,8.5,92,ACTIVE
L0001938,C000671,LP001,BR001,2025-06-12,2025-06-16,2025-06-20,434197,14.5,38,ACTIVE
L0001939,C000453,LP002,BR008,2025-02-03,2025-02-05,2025-02-08,1275363,10.5,76,ACTIVE
L0001940,C000806,LP001,BR004,2024-04-19,2024-04-25,2024-04-29,367308,14.5,26,ACTIVE
L0001941,C000314,LP002,BR007,2024-02-21,2024-02-28,2024-03-01,1293997,10.5,28,DEFAULT
L0001942,C000280,LP002,BR002,2025-08-19,2025-08-23,2025-08-27,1326320,10.5,29,DEFAULT
L0001943,C000724,LP001,BR005,2023-02-15,2023-02-20,2023-02-23,229081,14.5,32,ACTIVE
L0001944,C000687,LP005,BR005,2025-04-20,2025-04-22,2025-04-26,461474,12.0,28,CLOSED
L0001945,C000464,LP004,BR004,2024-03-18,2024-03-28,2024-04-01,1426720,16.0,110,CLOSED
L0001946,C000257,LP002,BR004,2022-03-04,2022-03-07,2022-03-11,132531,10.5,33,ACTIVE
L0001947,C000914,LP003,BR010,2026-02-08,2026-02-15,2026-02-18,4441473,8.5,202,ACTIVE
L0001948,C000537,LP001,BR005,2022-12-01,2022-12-04,2022-12-05,487182,14.5,39,ACTIVE
L0001949,C000030,LP003,BR006,2025-08-26,2025-08-29,2025-08-30,1610465,8.5,143,DEFAULT
L0001950,C000134,LP003,BR008,2025-07-20,2025-07-27,2025-07-31,3472652,8.5,44,ACTIVE
L0001951,C000500,LP001,BR010,2022-06-23,2022-07-02,2022-07-04,423284,14.5,30,ACTIVE
L0001952,C000309,LP001,BR006,2025-12-19,2025-12-25,2025-12-28,360104,14.5,50,DEFAULT
L0001953,C000530,LP005,BR003,2022-09-02,2022-09-04,2022-09-05,97335,12.0,35,ACTIVE
L0001954,C000702,LP005,BR002,2023-03-28,2023-04-05,2023-04-09,681475,12.0,26,ACTIVE
L0001955,C000584,LP003,BR002,2026-05-10,2026-05-15,2026-05-19,1629153,8.5,199,CLOSED
L0001956,C000927,LP005,BR002,2022-11-10,2022-11-20,2022-11-25,107859,12.0,16,ACTIVE
L0001957,C000608,LP001,BR002,2025-01-19,2025-01-29,2025-02-03,243920,14.5,55,ACTIVE
L0001958,C000156,LP005,BR005,2025-03-23,2025-03-30,2025-04-02,479891,12.0,17,DEFAULT
L0001959,C000106,LP004,BR002,2024-06-16,2024-06-26,2024-06-29,1721111,16.0,24,CLOSED
L0001960,C000304,LP005,BR010,2025-07-17,2025-07-22,2025-07-26,377687,12.0,13,DEFAULT
L0001961,C000294,LP004,BR001,2021-12-02,2021-12-11,2021-12-16,1315987,16.0,77,ACTIVE
L0001962,C000107,LP001,BR009,2023-03-25,2023-03-30,2023-04-02,251362,14.5,32,CLOSED
L0001963,C000293,LP001,BR003,2025-07-26,2025-07-29,2025-07-30,476763,14.5,59,CLOSED
L0001964,C000261,LP002,BR007,2023-06-05,2023-06-12,2023-06-17,683545,10.5,52,ACTIVE
L0001965,C000114,LP005,BR006,2025-07-29,2025-08-04,2025-08-07,193636,12.0,15,ACTIVE
L0001966,C000567,LP001,BR004,2022-06-23,2022-06-28,2022-07-02,280118,14.5,26,CLOSED
L0001967,C000014,LP002,BR007,2023-11-01,2023-11-06,2023-11-09,1371231,10.5,25,CLOSED
L0001968,C000207,LP004,BR007,2024-06-18,2024-06-23,2024-06-25,301276,16.0,38,DEFAULT
L0001969,C000781,LP004,BR008,2023-02-07,2023-02-16,2023-02-18,157357,16.0,88,ACTIVE
L0001970,C000077,LP004,BR004,2022-10-04,2022-10-13,2022-10-18,1775607,16.0,36,ACTIVE
L0001971,C000120,LP003,BR009,2022-06-26,2022-07-04,2022-07-05,3599930,8.5,64,ACTIVE
L0001972,C000262,LP005,BR001,2022-09-05,2022-09-15,2022-09-19,787651,12.0,26,DEFAULT
L0001973,C000737,LP004,BR009,2025-07-13,2025-07-16,2025-07-20,718537,16.0,26,ACTIVE
L0001974,C000130,LP001,BR008,2024-10-17,2024-10-25,2024-10-29,308607,14.5,28,ACTIVE
L0001975,C000074,LP004,BR006,2022-06-08,2022-06-11,2022-06-14,1634347,16.0,97,ACTIVE
L0001976,C000742,LP004,BR009,2026-03-01,2026-03-07,2026-03-08,1660863,16.0,113,CLOSED
L0001977,C000201,LP005,BR001,2024-12-22,2024-12-24,2024-12-27,184340,12.0,28,ACTIVE
L0001978,C000904,LP001,BR008,2026-01-22,2026-01-27,2026-01-31,380628,14.5,59,DEFAULT
L0001979,C000809,LP001,BR003,2023-01-25,2023-01-27,2023-01-30,70110,14.5,39,ACTIVE
L0001980,C000305,LP001,BR003,2024-12-05,2024-12-14,2024-12-17,149823,14.5,47,ACTIVE
L0001981,C000938,LP005,BR007,2026-05-22,2026-05-23,2026-05-25,163523,12.0,30,ACTIVE
L0001982,C000586,LP002,BR004,2024-12-11,2024-12-15,2024-12-17,656345,10.5,72,CLOSED
L0001983,C000538,LP001,BR002,2022-01-30,2022-02-07,2022-02-09,434597,14.5,43,ACTIVE
L0001984,C000265,LP002,BR005,2023-02-28,2023-03-03,2023-03-05,1431214,10.5,23,DEFAULT
L0001985,C000747,LP001,BR010,2024-07-23,2024-07-27,2024-07-28,277708,14.5,16,ACTIVE
L0001986,C000754,LP005,BR008,2026-07-08,2026-07-17,2026-07-22,238677,12.0,34,CLOSED
L0001987,C000888,LP002,BR002,2022-12-26,2022-12-27,2022-12-31,651705,10.5,60,DEFAULT
L0001988,C000999,LP005,BR010,2023-02-01,2023-02-05,2023-02-08,527755,12.0,28,CLOSED
L0001989,C000335,LP004,BR008,2022-12-09,2022-12-14,2022-12-16,1935089,16.0,49,ACTIVE
L0001990,C000588,LP005,BR003,2023-03-25,2023-04-02,2023-04-06,646882,12.0,23,DEFAULT
L0001991,C000010,LP001,BR002,2022-02-22,2022-03-02,2022-03-05,100611,14.5,26,ACTIVE
L0001992,C000632,LP001,BR007,2025-04-11,2025-04-16,2025-04-20,284447,14.5,32,CLOSED
L0001993,C000767,LP003,BR006,2024-04-30,2024-05-07,2024-05-08,1978026,8.5,130,ACTIVE
L0001994,C000289,LP003,BR002,2024-05-04,2024-05-06,2024-05-09,3839415,8.5,192,CLOSED
L0001995,C000851,LP004,BR007,2025-07-03,2025-07-11,2025-07-15,1360511,16.0,64,CLOSED
L0001996,C000976,LP003,BR001,2024-03-01,2024-03-02,2024-03-05,2747508,8.5,141,CLOSED
L0001997,C000789,LP003,BR002,2023-03-31,2023-04-07,2023-04-08,3211131,8.5,78,ACTIVE
L0001998,C000619,LP005,BR007,2022-09-16,2022-09-23,2022-09-27,868330,12.0,26,ACTIVE
L0001999,C000280,LP001,BR009,2022-10-29,2022-11-05,2022-11-08,78643,14.5,29,ACTIVE
L0002000,C000803,LP002,BR005,2023-06-08,2023-06-12,2023-06-15,1434346,10.5,17,ACTIVE
L0002001,C000698,LP001,BR001,2021-09-26,2021-10-04,2021-10-08,166030,14.5,48,CLOSED
L0002002,C000499,LP001,BR004,2023-11-11,2023-11-20,2023-11-22,458709,14.5,52,ACTIVE
L0002003,C000919,LP002,BR003,2021-10-23,2021-11-02,2021-11-07,791397,10.5,28,DEFAULT
L0002004,C000308,LP003,BR005,2025-08-10,2025-08-19,2025-08-20,677148,8.5,217,ACTIVE
L0002005,C000209,LP003,BR002,2025-12-10,2025-12-12,2025-12-15,3458667,8.5,208,DEFAULT
L0002006,C000723,LP004,BR008,2025-12-13,2025-12-15,2025-12-16,1187685,16.0,38,ACTIVE
L0002007,C000847,LP001,BR009,2026-05-01,2026-05-10,2026-05-12,132309,14.5,46,ACTIVE
L0002008,C000166,LP005,BR006,2021-10-03,2021-10-07,2021-10-10,860208,12.0,17,ACTIVE
L0002009,C000856,LP002,BR001,2025-11-27,2025-12-03,2025-12-07,552177,10.5,82,CLOSED
L0002010,C000196,LP004,BR009,2023-09-25,2023-09-26,2023-09-27,1873104,16.0,14,DEFAULT
L0002011,C000056,LP004,BR002,2023-07-21,2023-07-23,2023-07-28,934535,16.0,113,ACTIVE
L0002012,C000612,LP002,BR007,2025-10-02,2025-10-03,2025-10-05,693682,10.5,50,ACTIVE
L0002013,C000649,LP005,BR002,2025-07-26,2025-07-30,2025-08-01,55418,12.0,20,ACTIVE
L0002014,C000614,LP004,BR005,2025-03-13,2025-03-20,2025-03-24,375132,16.0,116,ACTIVE
L0002015,C000341,LP005,BR005,2025-06-19,2025-06-21,2025-06-22,97479,12.0,28,ACTIVE
L0002016,C000553,LP001,BR007,2022-05-20,2022-05-21,2022-05-22,439363,14.5,46,DEFAULT
L0002017,C000101,LP004,BR009,2021-10-06,2021-10-09,2021-10-10,1643238,16.0,87,ACTIVE
L0002018,C000013,LP004,BR001,2023-10-16,2023-10-20,2023-10-25,1902089,16.0,51,ACTIVE
L0002019,C000156,LP003,BR003,2026-05-13,2026-05-20,2026-05-25,696561,8.5,89,ACTIVE
L0002020,C000125,LP001,BR001,2024-01-28,2024-02-05,2024-02-07,102260,14.5,28,DEFAULT
L0002021,C000809,LP004,BR008,2026-06-14,2026-06-22,2026-06-26,710771,16.0,66,ACTIVE
L0002022,C000052,LP005,BR008,2023-06-23,2023-06-27,2023-07-01,608247,12.0,20,ACTIVE
L0002023,C000714,LP001,BR003,2022-02-14,2022-02-19,2022-02-24,315600,14.5,27,ACTIVE
L0002024,C000735,LP005,BR008,2023-04-13,2023-04-14,2023-04-18,782899,12.0,24,ACTIVE
L0002025,C000175,LP004,BR004,2022-12-20,2022-12-29,2022-12-30,1048479,16.0,40,DEFAULT
L0002026,C000111,LP003,BR008,2022-03-06,2022-03-07,2022-03-11,2447126,8.5,126,ACTIVE
L0002027,C000069,LP002,BR010,2024-09-04,2024-09-12,2024-09-17,328481,10.5,51,ACTIVE
L0002028,C000075,LP004,BR007,2022-01-08,2022-01-11,2022-01-12,300045,16.0,83,CLOSED
L0002029,C000552,LP004,BR005,2022-12-11,2022-12-15,2022-12-19,1344469,16.0,43,ACTIVE
L0002030,C000790,LP004,BR002,2021-12-25,2021-12-28,2022-01-01,1392870,16.0,119,ACTIVE
L0002031,C000216,LP002,BR001,2026-08-17,2026-08-26,2026-08-31,587440,10.5,19,ACTIVE
L0002032,C000113,LP002,BR002,2024-03-31,2024-04-05,2024-04-09,753168,10.5,55,CLOSED
L0002033,C000589,LP003,BR005,2024-07-10,2024-07-11,2024-07-14,3910256,8.5,235,ACTIVE
L0002034,C000120,LP005,BR010,2022-06-15,2022-06-20,2022-06-22,811714,12.0,29,ACTIVE
L0002035,C000667,LP005,BR001,2022-02-15,2022-02-24,2022-02-28,348221,12.0,32,CLOSED
L0002036,C000913,LP001,BR002,2022-08-20,2022-08-26,2022-08-30,421651,14.5,42,DEFAULT
L0002037,C000061,LP005,BR010,2025-04-03,2025-04-12,2025-04-13,985980,12.0,15,ACTIVE
L0002038,C000868,LP005,BR004,2023-03-23,2023-03-25,2023-03-29,153465,12.0,36,ACTIVE
L0002039,C000151,LP001,BR010,2023-01-30,2023-02-02,2023-02-07,442245,14.5,19,CLOSED
L0002040,C000344,LP001,BR002,2024-02-16,2024-02-20,2024-02-24,109592,14.5,14,ACTIVE
L0002041,C000739,LP005,BR003,2026-07-30,2026-08-07,2026-08-09,676581,12.0,28,ACTIVE
L0002042,C000084,LP002,BR002,2026-06-28,2026-07-01,2026-07-06,976918,10.5,63,ACTIVE
L0002043,C000399,LP003,BR007,2023-03-21,2023-03-26,2023-03-27,4153065,8.5,87,ACTIVE
L0002044,C000347,LP002,BR006,2025-07-31,2025-08-09,2025-08-12,1389959,10.5,59,DEFAULT
L0002045,C000627,LP004,BR005,2024-10-09,2024-10-12,2024-10-14,708586,16.0,78,CLOSED
L0002046,C000983,LP001,BR008,2022-01-05,2022-01-15,2022-01-18,322304,14.5,50,ACTIVE
L0002047,C000917,LP003,BR002,2022-07-02,2022-07-10,2022-07-14,2266784,8.5,96,CLOSED
L0002048,C000384,LP002,BR005,2024-04-02,2024-04-05,2024-04-10,1093778,10.5,13,ACTIVE
L0002049,C000548,LP001,BR008,2024-06-14,2024-06-21,2024-06-23,128826,14.5,42,ACTIVE
L0002050,C000635,LP003,BR009,2024-11-04,2024-11-05,2024-11-08,2074327,8.5,63,ACTIVE
L0002051,C000781,LP003,BR001,2024-12-06,2024-12-15,2024-12-19,3276923,8.5,36,ACTIVE
L0002052,C000719,LP001,BR005,2022-04-14,2022-04-24,2022-04-28,361665,14.5,22,ACTIVE
L0002053,C000190,LP002,BR005,2025-05-05,2025-05-11,2025-05-16,574018,10.5,56,ACTIVE
L0002054,C000424,LP002,BR007,2026-05-23,2026-05-27,2026-05-30,695984,10.5,66,DEFAULT
L0002055,C000628,LP003,BR009,2022-04-05,2022-04-10,2022-04-13,3882860,8.5,77,DEFAULT
L0002056,C000961,LP004,BR009,2024-03-13,2024-03-22,2024-03-24,262479,16.0,87,CLOSED
L0002057,C000732,LP001,BR002,2025-09-17,2025-09-19,2025-09-21,196793,14.5,23,ACTIVE
L0002058,C000985,LP001,BR007,2022-11-08,2022-11-18,2022-11-19,116429,14.5,45,DEFAULT
L0002059,C000854,LP001,BR002,2022-09-30,2022-10-07,2022-10-10,351809,14.5,49,DEFAULT
L0002060,C000820,LP001,BR006,2024-01-16,2024-01-21,2024-01-26,400484,14.5,42,CLOSED
L0002061,C000242,LP001,BR003,2024-07-04,2024-07-07,2024-07-08,460708,14.5,26,CLOSED
L0002062,C000442,LP004,BR003,2026-03-11,2026-03-13,2026-03-18,407215,16.0,30,CLOSED
L0002063,C000775,LP004,BR005,2025-03-24,2025-04-01,2025-04-02,778088,16.0,21,ACTIVE
L0002064,C000806,LP002,BR006,2026-03-04,2026-03-07,2026-03-12,1022094,10.5,66,ACTIVE
L0002065,C000798,LP001,BR007,2023-06-29,2023-07-05,2023-07-08,312340,14.5,60,ACTIVE
L0002066,C000686,LP002,BR004,2023-06-27,2023-07-01,2023-07-06,924698,10.5,60,ACTIVE
L0002067,C000674,LP005,BR005,2022-03-15,2022-03-23,2022-03-26,346905,12.0,28,ACTIVE
L0002068,C000808,LP005,BR008,2022-08-21,2022-08-30,2022-08-31,946192,12.0,31,CLOSED
L0002069,C000658,LP001,BR010,2026-07-27,2026-07-30,2026-08-02,422951,14.5,21,ACTIVE
L0002070,C000036,LP004,BR008,2026-03-17,2026-03-26,2026-03-30,1127800,16.0,100,ACTIVE
L0002071,C000788,LP005,BR003,2022-06-15,2022-06-17,2022-06-22,963468,12.0,25,ACTIVE
L0002072,C000136,LP001,BR008,2025-10-27,2025-10-30,2025-10-31,241725,14.5,41,ACTIVE
L0002073,C000659,LP002,BR006,2024-02-25,2024-03-03,2024-03-05,1393888,10.5,83,CLOSED
L0002074,C000709,LP004,BR004,2025-05-04,2025-05-11,2025-05-14,475401,16.0,107,ACTIVE
L0002075,C000274,LP004,BR010,2024-05-26,2024-05-30,2024-06-03,857053,16.0,79,CLOSED
L0002076,C000985,LP005,BR001,2023-12-01,2023-12-02,2023-12-07,345468,12.0,22,ACTIVE
L0002077,C000419,LP004,BR001,2026-03-06,2026-03-12,2026-03-15,1154434,16.0,13,DEFAULT
L0002078,C000210,LP001,BR008,2026-08-07,2026-08-12,2026-08-13,389328,14.5,29,ACTIVE
L0002079,C000198,LP005,BR005,2024-09-19,2024-09-26,2024-09-27,749283,12.0,34,ACTIVE
L0002080,C000700,LP003,BR003,2022-10-24,2022-10-29,2022-10-30,755235,8.5,232,ACTIVE
L0002081,C000701,LP004,BR008,2026-06-30,2026-07-10,2026-07-14,1128234,16.0,34,ACTIVE
L0002082,C000728,LP005,BR003,2025-12-06,2025-12-15,2025-12-16,60048,12.0,23,ACTIVE
L0002083,C000384,LP005,BR002,2026-02-16,2026-02-26,2026-02-28,759916,12.0,35,CLOSED
L0002084,C000009,LP003,BR009,2025-12-10,2025-12-13,2025-12-14,4019629,8.5,225,ACTIVE
L0002085,C000832,LP003,BR007,2025-11-24,2025-11-25,2025-11-29,1022823,8.5,92,ACTIVE
L0002086,C000029,LP004,BR009,2023-03-28,2023-04-06,2023-04-09,1887981,16.0,36,DEFAULT
L0002087,C000985,LP003,BR004,2023-09-09,2023-09-10,2023-09-13,3154829,8.5,193,CLOSED
L0002088,C000851,LP002,BR001,2024-03-06,2024-03-16,2024-03-19,1182844,10.5,13,ACTIVE
L0002089,C000083,LP003,BR010,2023-05-10,2023-05-17,2023-05-18,1044881,8.5,61,DEFAULT
L0002090,C000381,LP004,BR001,2021-09-20,2021-09-23,2021-09-26,276095,16.0,34,ACTIVE
L0002091,C000035,LP005,BR005,2022-09-18,2022-09-19,2022-09-22,658088,12.0,18,DEFAULT
L0002092,C000794,LP005,BR004,2021-11-29,2021-12-06,2021-12-08,686160,12.0,35,ACTIVE
L0002093,C000620,LP005,BR006,2025-08-30,2025-09-04,2025-09-07,607789,12.0,23,ACTIVE
L0002094,C000579,LP004,BR009,2022-09-17,2022-09-23,2022-09-27,1291545,16.0,119,ACTIVE
L0002095,C000513,LP002,BR009,2023-06-22,2023-07-02,2023-07-06,284889,10.5,26,ACTIVE
L0002096,C000953,LP004,BR001,2025-03-27,2025-03-30,2025-03-31,489354,16.0,52,DEFAULT
L0002097,C000785,LP004,BR007,2025-03-25,2025-03-26,2025-03-28,1754100,16.0,13,CLOSED
L0002098,C000706,LP001,BR006,2022-02-04,2022-02-10,2022-02-14,92611,14.5,58,CLOSED
L0002099,C000012,LP002,BR007,2024-07-19,2024-07-24,2024-07-26,378365,10.5,51,ACTIVE
L0002100,C000033,LP003,BR005,2024-09-06,2024-09-13,2024-09-16,1993206,8.5,83,CLOSED
L0002101,C000586,LP003,BR009,2026-06-23,2026-07-03,2026-07-06,3972739,8.5,69,CLOSED
L0002102,C000599,LP001,BR010,2023-07-07,2023-07-12,2023-07-14,142857,14.5,30,ACTIVE
L0002103,C000763,LP003,BR008,2021-10-21,2021-10-29,2021-11-01,1275208,8.5,137,ACTIVE
L0002104,C000850,LP002,BR010,2023-06-03,2023-06-13,2023-06-16,831610,10.5,78,ACTIVE
L0002105,C000762,LP002,BR009,2024-02-07,2024-02-10,2024-02-11,1327301,10.5,61,CLOSED
L0002106,C000268,LP005,BR007,2023-11-15,2023-11-24,2023-11-29,240895,12.0,34,ACTIVE
L0002107,C000154,LP005,BR005,2022-04-14,2022-04-20,2022-04-23,237523,12.0,22,DEFAULT
L0002108,C000517,LP003,BR008,2024-04-29,2024-05-08,2024-05-11,1261329,8.5,143,CLOSED
L0002109,C000499,LP002,BR010,2024-04-05,2024-04-10,2024-04-12,1080813,10.5,45,ACTIVE
L0002110,C000515,LP003,BR003,2026-01-07,2026-01-09,2026-01-14,2063850,8.5,133,CLOSED
L0002111,C000629,LP001,BR008,2026-05-21,2026-05-29,2026-06-03,219340,14.5,35,DEFAULT
L0002112,C000640,LP002,BR003,2024-06-18,2024-06-25,2024-06-30,170988,10.5,53,ACTIVE
L0002113,C000935,LP005,BR001,2021-10-05,2021-10-11,2021-10-12,186461,12.0,25,ACTIVE
L0002114,C000282,LP001,BR009,2022-09-04,2022-09-10,2022-09-13,389676,14.5,18,CLOSED
L0002115,C000824,LP003,BR010,2024-07-17,2024-07-23,2024-07-26,1865209,8.5,131,DEFAULT
L0002116,C000086,LP004,BR001,2024-08-11,2024-08-14,2024-08-15,1020667,16.0,115,DEFAULT
L0002117,C000745,LP002,BR001,2025-01-28,2025-02-05,2025-02-10,1307886,10.5,67,ACTIVE
L0002118,C000203,LP003,BR001,2026-07-19,2026-07-27,2026-07-29,2618750,8.5,197,ACTIVE
L0002119,C000512,LP001,BR010,2021-12-15,2021-12-25,2021-12-28,302999,14.5,55,ACTIVE
L0002120,C000859,LP001,BR005,2023-03-15,2023-03-20,2023-03-21,172842,14.5,60,DEFAULT
L0002121,C000080,LP004,BR005,2023-05-11,2023-05-13,2023-05-17,993164,16.0,111,ACTIVE
L0002122,C000975,LP002,BR008,2024-07-08,2024-07-18,2024-07-22,1343770,10.5,15,CLOSED
L0002123,C000818,LP002,BR005,2024-07-31,2024-08-09,2024-08-11,730367,10.5,79,CLOSED
L0002124,C000652,LP005,BR003,2025-10-13,2025-10-23,2025-10-25,156200,12.0,33,ACTIVE
L0002125,C000545,LP001,BR006,2025-09-29,2025-09-30,2025-10-01,212148,14.5,21,ACTIVE
L0002126,C000509,LP001,BR002,2022-01-04,2022-01-12,2022-01-16,136686,14.5,41,ACTIVE
L0002127,C000061,LP003,BR007,2022-11-11,2022-11-14,2022-11-16,1943414,8.5,89,ACTIVE
L0002128,C000716,LP004,BR003,2025-10-20,2025-10-22,2025-10-24,595312,16.0,38,ACTIVE
L0002129,C000776,LP005,BR009,2023-01-11,2023-01-13,2023-01-15,181625,12.0,33,DEFAULT
L0002130,C000160,LP003,BR001,2025-08-17,2025-08-23,2025-08-24,4504252,8.5,52,ACTIVE
L0002131,C000677,LP002,BR007,2026-04-11,2026-04-13,2026-04-17,1253075,10.5,62,CLOSED
L0002132,C000554,LP002,BR009,2024-07-23,2024-07-31,2024-08-04,1071996,10.5,43,ACTIVE
L0002133,C000103,LP002,BR001,2025-08-22,2025-08-29,2025-08-31,767642,10.5,29,ACTIVE
L0002134,C000124,LP004,BR010,2025-03-25,2025-03-31,2025-04-03,1819226,16.0,98,ACTIVE
L0002135,C000194,LP002,BR009,2022-03-09,2022-03-19,2022-03-23,1220120,10.5,21,ACTIVE
L0002136,C000308,LP002,BR010,2026-02-20,2026-02-28,2026-03-05,156405,10.5,40,DEFAULT
L0002137,C000751,LP001,BR005,2024-04-03,2024-04-06,2024-04-08,243531,14.5,35,ACTIVE
L0002138,C000493,LP002,BR010,2026-07-07,2026-07-16,2026-07-17,1380450,10.5,62,ACTIVE
L0002139,C000982,LP001,BR006,2024-05-23,2024-05-27,2024-05-29,312117,14.5,24,ACTIVE
L0002140,C000571,LP001,BR003,2026-06-06,2026-06-10,2026-06-13,278275,14.5,17,ACTIVE
L0002141,C000928,LP005,BR004,2026-04-07,2026-04-14,2026-04-16,466390,12.0,16,ACTIVE
L0002142,C000033,LP005,BR003,2021-11-13,2021-11-18,2021-11-22,728074,12.0,27,ACTIVE
L0002143,C000708,LP004,BR001,2023-06-25,2023-06-30,2023-07-04,476476,16.0,32,ACTIVE
L0002144,C000637,LP001,BR008,2026-08-14,2026-08-23,2026-08-24,293753,14.5,17,ACTIVE
L0002145,C000273,LP005,BR010,2024-07-12,2024-07-14,2024-07-18,862583,12.0,12,CLOSED
L0002146,C000387,LP005,BR002,2024-09-18,2024-09-24,2024-09-26,622597,12.0,28,ACTIVE
L0002147,C000725,LP002,BR005,2022-04-09,2022-04-17,2022-04-18,1119508,10.5,63,ACTIVE
L0002148,C000695,LP003,BR002,2022-12-23,2022-12-24,2022-12-27,4065000,8.5,78,ACTIVE
L0002149,C000297,LP003,BR003,2024-02-04,2024-02-14,2024-02-18,4711597,8.5,107,ACTIVE
L0002150,C000286,LP005,BR008,2021-12-21,2021-12-27,2022-01-01,402585,12.0,15,CLOSED
L0002151,C000398,LP002,BR003,2024-08-04,2024-08-11,2024-08-16,904198,10.5,22,CLOSED
L0002152,C000362,LP002,BR002,2024-11-24,2024-11-25,2024-11-28,1337640,10.5,45,CLOSED
L0002153,C000178,LP002,BR007,2026-04-02,2026-04-11,2026-04-16,1054181,10.5,67,ACTIVE
L0002154,C000172,LP005,BR003,2023-02-13,2023-02-21,2023-02-24,61779,12.0,15,ACTIVE
L0002155,C000095,LP002,BR004,2026-07-25,2026-08-02,2026-08-05,205011,10.5,59,ACTIVE
L0002156,C000498,LP005,BR009,2025-01-08,2025-01-15,2025-01-18,727784,12.0,21,ACTIVE
L0002157,C000878,LP004,BR008,2023-04-21,2023-04-30,2023-05-03,474820,16.0,49,ACTIVE
L0002158,C000906,LP004,BR010,2022-09-14,2022-09-21,2022-09-22,1036944,16.0,53,ACTIVE
L0002159,C000424,LP005,BR002,2024-04-30,2024-05-01,2024-05-06,137108,12.0,23,ACTIVE
L0002160,C000732,LP003,BR002,2024-05-20,2024-05-29,2024-06-02,2585632,8.5,56,ACTIVE
L0002161,C000618,LP003,BR004,2021-12-23,2022-01-01,2022-01-02,1557422,8.5,198,CLOSED
L0002162,C000630,LP002,BR010,2024-01-07,2024-01-15,2024-01-19,676079,10.5,56,ACTIVE
L0002163,C000192,LP004,BR009,2025-03-24,2025-04-03,2025-04-05,1831348,16.0,118,DEFAULT
L0002164,C000527,LP003,BR003,2022-06-12,2022-06-22,2022-06-26,840921,8.5,31,ACTIVE
L0002165,C000800,LP004,BR010,2025-12-08,2025-12-14,2025-12-15,407757,16.0,89,ACTIVE
L0002166,C000917,LP002,BR002,2023-09-24,2023-10-01,2023-10-06,265181,10.5,55,ACTIVE
L0002167,C000706,LP005,BR003,2024-11-13,2024-11-20,2024-11-24,43470,12.0,17,ACTIVE
L0002168,C000654,LP001,BR007,2025-07-21,2025-07-23,2025-07-27,111040,14.5,24,DEFAULT
L0002169,C000749,LP005,BR006,2024-04-13,2024-04-18,2024-04-21,665483,12.0,28,DEFAULT
L0002170,C000772,LP003,BR002,2023-07-19,2023-07-23,2023-07-24,3639322,8.5,158,ACTIVE
L0002171,C000316,LP003,BR010,2026-03-05,2026-03-09,2026-03-13,2805078,8.5,203,CLOSED
L0002172,C000192,LP005,BR009,2024-04-12,2024-04-17,2024-04-22,724055,12.0,13,DEFAULT
L0002173,C000756,LP003,BR005,2023-03-13,2023-03-20,2023-03-22,2890019,8.5,81,ACTIVE
L0002174,C000192,LP001,BR002,2022-08-30,2022-09-06,2022-09-08,59814,14.5,38,CLOSED
L0002175,C000103,LP005,BR006,2024-11-21,2024-11-26,2024-11-29,504904,12.0,31,ACTIVE
L0002176,C000912,LP005,BR010,2022-01-10,2022-01-12,2022-01-14,255745,12.0,12,ACTIVE
L0002177,C000002,LP002,BR002,2023-06-05,2023-06-09,2023-06-10,1382169,10.5,48,DEFAULT
L0002178,C000737,LP005,BR001,2022-06-30,2022-07-08,2022-07-13,461203,12.0,32,DEFAULT
L0002179,C000700,LP002,BR003,2025-06-25,2025-07-01,2025-07-06,915874,10.5,72,DEFAULT
L0002180,C000248,LP005,BR008,2026-01-05,2026-01-06,2026-01-09,377140,12.0,22,ACTIVE
L0002181,C000414,LP002,BR004,2021-12-02,2021-12-10,2021-12-12,1068774,10.5,75,CLOSED
L0002182,C000773,LP002,BR007,2025-10-24,2025-11-02,2025-11-04,918017,10.5,44,ACTIVE
L0002183,C000994,LP004,BR008,2025-12-17,2025-12-18,2025-12-23,264854,16.0,92,ACTIVE
L0002184,C000592,LP003,BR006,2023-01-07,2023-01-16,2023-01-19,1197026,8.5,65,DEFAULT
L0002185,C000269,LP003,BR005,2023-04-29,2023-05-05,2023-05-08,2947989,8.5,204,ACTIVE
L0002186,C000463,LP004,BR007,2024-08-07,2024-08-15,2024-08-19,162001,16.0,31,DEFAULT
L0002187,C000553,LP005,BR009,2025-10-27,2025-11-06,2025-11-08,674589,12.0,23,DEFAULT
L0002188,C000850,LP001,BR003,2026-02-28,2026-03-07,2026-03-11,451048,14.5,13,ACTIVE
L0002189,C000973,LP004,BR003,2024-05-07,2024-05-16,2024-05-20,592240,16.0,60,DEFAULT
L0002190,C000108,LP004,BR007,2024-06-29,2024-07-02,2024-07-06,1373226,16.0,120,ACTIVE
L0002191,C000751,LP005,BR008,2022-12-05,2022-12-07,2022-12-11,248909,12.0,18,ACTIVE
L0002192,C000420,LP001,BR002,2022-07-18,2022-07-28,2022-07-31,143649,14.5,22,ACTIVE
L0002193,C000720,LP002,BR007,2026-02-05,2026-02-14,2026-02-18,838249,10.5,39,ACTIVE
L0002194,C000352,LP003,BR010,2022-11-02,2022-11-12,2022-11-15,3179350,8.5,209,ACTIVE
L0002195,C000693,LP004,BR006,2023-06-15,2023-06-17,2023-06-20,1153409,16.0,80,DEFAULT
L0002196,C000728,LP001,BR010,2022-01-07,2022-01-14,2022-01-16,261794,14.5,43,ACTIVE
L0002197,C000141,LP004,BR009,2025-08-13,2025-08-18,2025-08-22,429185,16.0,34,ACTIVE
L0002198,C000291,LP004,BR009,2025-01-02,2025-01-07,2025-01-08,1217080,16.0,118,ACTIVE
L0002199,C000065,LP001,BR002,2026-02-24,2026-03-04,2026-03-06,408273,14.5,18,ACTIVE
L0002200,C000864,LP002,BR006,2022-09-10,2022-09-20,2022-09-24,977174,10.5,64,CLOSED
L0002201,C000397,LP005,BR009,2021-09-28,2021-09-29,2021-10-04,255082,12.0,16,DEFAULT
L0002202,C000370,LP003,BR007,2024-05-09,2024-05-19,2024-05-24,1175331,8.5,165,DEFAULT
L0002203,C000454,LP001,BR008,2022-01-30,2022-02-06,2022-02-07,220404,14.5,51,CLOSED
L0002204,C000769,LP002,BR008,2022-06-13,2022-06-16,2022-06-21,1411758,10.5,72,ACTIVE
L0002205,C000688,LP004,BR009,2024-07-17,2024-07-23,2024-07-24,1658111,16.0,88,ACTIVE
L0002206,C000315,LP001,BR006,2025-09-05,2025-09-14,2025-09-19,151204,14.5,22,ACTIVE
L0002207,C000060,LP002,BR003,2022-02-06,2022-02-12,2022-02-14,467444,10.5,72,CLOSED
L0002208,C000067,LP003,BR009,2022-08-02,2022-08-08,2022-08-10,2957710,8.5,28,ACTIVE
L0002209,C000019,LP004,BR001,2026-02-19,2026-02-23,2026-02-28,1067163,16.0,70,CLOSED
L0002210,C000758,LP003,BR009,2024-05-13,2024-05-23,2024-05-27,2529067,8.5,215,CLOSED
L0002211,C000385,LP005,BR005,2021-11-24,2021-12-02,2021-12-07,692534,12.0,15,DEFAULT
L0002212,C000861,LP003,BR002,2026-08-15,2026-08-21,2026-08-23,2554063,8.5,130,ACTIVE
L0002213,C000103,LP005,BR007,2024-05-12,2024-05-13,2024-05-14,735153,12.0,33,ACTIVE
L0002214,C000560,LP004,BR006,2023-06-29,2023-07-08,2023-07-12,1908099,16.0,61,ACTIVE
L0002215,C000352,LP001,BR005,2024-06-08,2024-06-15,2024-06-18,425377,14.5,46,ACTIVE
L0002216,C000869,LP002,BR010,2023-06-01,2023-06-11,2023-06-16,149744,10.5,68,ACTIVE
L0002217,C000673,LP002,BR006,2023-05-07,2023-05-08,2023-05-11,935498,10.5,17,ACTIVE
L0002218,C000968,LP001,BR009,2024-02-23,2024-03-01,2024-03-06,379917,14.5,53,ACTIVE
L0002219,C000647,LP003,BR010,2024-01-23,2024-01-30,2024-01-31,1369252,8.5,49,ACTIVE
L0002220,C000589,LP005,BR005,2026-03-27,2026-04-06,2026-04-07,777065,12.0,17,ACTIVE
L0002221,C000900,LP001,BR001,2024-06-03,2024-06-10,2024-06-13,124422,14.5,27,ACTIVE
L0002222,C000001,LP002,BR010,2025-06-17,2025-06-21,2025-06-24,303687,10.5,54,ACTIVE
L0002223,C000150,LP003,BR005,2022-09-16,2022-09-24,2022-09-28,2552930,8.5,205,ACTIVE
L0002224,C000623,LP004,BR007,2024-01-11,2024-01-17,2024-01-20,1545344,16.0,68,ACTIVE
L0002225,C000416,LP001,BR004,2022-12-23,2022-12-31,2023-01-03,347916,14.5,29,DEFAULT
L0002226,C000359,LP001,BR008,2023-01-18,2023-01-19,2023-01-21,127607,14.5,45,ACTIVE
L0002227,C000092,LP005,BR008,2024-01-14,2024-01-15,2024-01-17,942925,12.0,23,DEFAULT
L0002228,C000394,LP001,BR008,2022-09-06,2022-09-12,2022-09-15,210779,14.5,57,CLOSED
L0002229,C000003,LP005,BR005,2021-11-02,2021-11-12,2021-11-15,518372,12.0,34,ACTIVE
L0002230,C000214,LP005,BR004,2026-06-20,2026-06-25,2026-06-27,799860,12.0,34,CLOSED
L0002231,C000318,LP004,BR004,2026-01-30,2026-02-02,2026-02-07,713066,16.0,61,ACTIVE
L0002232,C000300,LP005,BR007,2022-07-31,2022-08-04,2022-08-05,912253,12.0,18,DEFAULT
L0002233,C000047,LP001,BR007,2023-06-19,2023-06-24,2023-06-26,356307,14.5,12,ACTIVE
L0002234,C000225,LP003,BR004,2026-04-28,2026-05-04,2026-05-09,4835383,8.5,115,ACTIVE
L0002235,C000612,LP003,BR002,2024-09-08,2024-09-18,2024-09-20,3387472,8.5,176,CLOSED
L0002236,C000800,LP002,BR005,2026-05-19,2026-05-29,2026-06-03,759126,10.5,78,ACTIVE
L0002237,C000942,LP002,BR009,2024-06-01,2024-06-08,2024-06-12,1459744,10.5,33,DEFAULT
L0002238,C000851,LP002,BR006,2024-01-06,2024-01-14,2024-01-16,1115018,10.5,60,ACTIVE
L0002239,C000879,LP004,BR005,2022-11-29,2022-12-01,2022-12-04,571492,16.0,51,CLOSED
L0002240,C000841,LP001,BR009,2024-02-13,2024-02-17,2024-02-19,195917,14.5,50,ACTIVE
L0002241,C000862,LP004,BR001,2026-08-04,2026-08-08,2026-08-11,1146038,16.0,70,DEFAULT
L0002242,C000810,LP001,BR001,2023-10-16,2023-10-17,2023-10-22,169732,14.5,59,CLOSED
L0002243,C000459,LP003,BR008,2023-03-02,2023-03-08,2023-03-09,3842786,8.5,172,ACTIVE
L0002244,C000884,LP001,BR007,2022-04-25,2022-05-01,2022-05-06,85230,14.5,29,DEFAULT
L0002245,C000002,LP001,BR003,2024-05-10,2024-05-19,2024-05-24,91653,14.5,15,ACTIVE
L0002246,C000002,LP004,BR008,2024-08-03,2024-08-13,2024-08-18,620034,16.0,43,ACTIVE
L0002247,C000345,LP004,BR006,2026-04-22,2026-04-25,2026-04-27,578863,16.0,100,ACTIVE
L0002248,C000953,LP001,BR002,2025-06-25,2025-06-28,2025-06-29,369363,14.5,29,DEFAULT
L0002249,C000590,LP002,BR005,2022-02-20,2022-02-25,2022-02-26,498488,10.5,20,CLOSED
L0002250,C000185,LP003,BR008,2022-10-25,2022-11-03,2022-11-06,1010573,8.5,65,CLOSED
L0002251,C000665,LP002,BR003,2021-12-15,2021-12-19,2021-12-24,1319012,10.5,73,ACTIVE
L0002252,C000682,LP004,BR006,2025-09-17,2025-09-19,2025-09-24,1948934,16.0,112,ACTIVE
L0002253,C000431,LP001,BR005,2022-02-19,2022-02-25,2022-02-26,152983,14.5,42,ACTIVE
L0002254,C000189,LP005,BR002,2022-08-11,2022-08-19,2022-08-20,519159,12.0,18,ACTIVE
L0002255,C000474,LP005,BR002,2024-12-20,2024-12-29,2025-01-03,245437,12.0,31,ACTIVE
L0002256,C000014,LP001,BR009,2022-03-02,2022-03-07,2022-03-12,55034,14.5,49,ACTIVE
L0002257,C000908,LP002,BR002,2022-06-10,2022-06-12,2022-06-16,1447687,10.5,36,DEFAULT
L0002258,C000551,LP004,BR002,2025-05-02,2025-05-12,2025-05-16,101038,16.0,44,ACTIVE
L0002259,C000257,LP003,BR001,2025-01-15,2025-01-25,2025-01-28,4632271,8.5,173,CLOSED
L0002260,C000426,LP003,BR005,2023-03-26,2023-04-01,2023-04-06,4554043,8.5,143,ACTIVE
L0002261,C000026,LP004,BR008,2025-07-02,2025-07-07,2025-07-10,1918778,16.0,80,CLOSED
L0002262,C000922,LP002,BR006,2024-09-24,2024-09-30,2024-10-03,1277056,10.5,76,ACTIVE
L0002263,C000129,LP003,BR005,2024-05-13,2024-05-21,2024-05-22,2028238,8.5,136,ACTIVE
L0002264,C000839,LP004,BR007,2024-07-14,2024-07-20,2024-07-25,1086723,16.0,75,CLOSED
L0002265,C000528,LP005,BR005,2023-05-24,2023-05-27,2023-05-28,817376,12.0,25,ACTIVE
L0002266,C000352,LP001,BR006,2026-03-31,2026-04-02,2026-04-06,229532,14.5,52,DEFAULT
L0002267,C000924,LP001,BR004,2022-05-18,2022-05-21,2022-05-23,458311,14.5,18,CLOSED
L0002268,C000557,LP005,BR007,2025-09-01,2025-09-05,2025-09-08,546154,12.0,21,ACTIVE
L0002269,C000384,LP001,BR009,2026-07-16,2026-07-25,2026-07-29,103958,14.5,55,ACTIVE
L0002270,C000858,LP001,BR009,2022-10-30,2022-11-09,2022-11-11,349372,14.5,55,CLOSED
L0002271,C000289,LP005,BR001,2022-07-01,2022-07-07,2022-07-09,221225,12.0,36,ACTIVE
L0002272,C000347,LP001,BR010,2025-09-09,2025-09-12,2025-09-14,369880,14.5,54,CLOSED
L0002273,C000135,LP001,BR007,2022-07-15,2022-07-21,2022-07-26,298394,14.5,53,DEFAULT
L0002274,C000535,LP005,BR002,2025-08-01,2025-08-08,2025-08-11,259834,12.0,20,ACTIVE
L0002275,C000545,LP004,BR008,2024-05-07,2024-05-12,2024-05-15,404058,16.0,51,ACTIVE
L0002276,C001000,LP004,BR007,2025-08-31,2025-09-06,2025-09-09,1043105,16.0,51,ACTIVE
L0002277,C000780,LP001,BR005,2025-09-16,2025-09-26,2025-09-30,449871,14.5,38,ACTIVE
L0002278,C000668,LP001,BR005,2023-09-05,2023-09-12,2023-09-13,264322,14.5,34,CLOSED
L0002279,C000756,LP003,BR001,2023-08-12,2023-08-20,2023-08-23,663406,8.5,221,CLOSED
L0002280,C000261,LP003,BR009,2022-12-06,2022-12-10,2022-12-13,2972935,8.5,225,ACTIVE
L0002281,C000010,LP005,BR008,2023-11-26,2023-11-27,2023-11-30,468264,12.0,24,ACTIVE
L0002282,C000983,LP001,BR001,2024-10-19,2024-10-28,2024-11-02,437457,14.5,24,CLOSED
L0002283,C000334,LP005,BR010,2025-01-16,2025-01-26,2025-01-31,481481,12.0,20,ACTIVE
L0002284,C000842,LP005,BR004,2023-04-08,2023-04-10,2023-04-12,188210,12.0,22,ACTIVE
L0002285,C000980,LP005,BR002,2024-07-08,2024-07-18,2024-07-22,68234,12.0,36,ACTIVE
L0002286,C000657,LP003,BR010,2024-06-20,2024-06-28,2024-06-30,2850006,8.5,167,DEFAULT
L0002287,C000358,LP003,BR009,2025-07-25,2025-08-01,2025-08-02,1350939,8.5,26,ACTIVE
L0002288,C000599,LP003,BR009,2025-11-08,2025-11-13,2025-11-18,3599161,8.5,124,ACTIVE
L0002289,C000644,LP005,BR003,2021-12-19,2021-12-21,2021-12-25,160807,12.0,35,ACTIVE
L0002290,C000491,LP002,BR001,2022-04-07,2022-04-13,2022-04-17,418290,10.5,31,DEFAULT
L0002291,C000767,LP002,BR002,2025-10-01,2025-10-06,2025-10-11,519418,10.5,83,ACTIVE
L0002292,C000579,LP005,BR002,2022-09-01,2022-09-09,2022-09-11,363767,12.0,30,DEFAULT
L0002293,C000944,LP005,BR003,2024-09-11,2024-09-16,2024-09-21,576822,12.0,21,ACTIVE
L0002294,C000994,LP002,BR003,2025-10-12,2025-10-15,2025-10-16,758424,10.5,58,ACTIVE
L0002295,C000807,LP003,BR009,2025-08-19,2025-08-23,2025-08-25,3194984,8.5,131,CLOSED
L0002296,C000791,LP005,BR001,2023-02-28,2023-03-08,2023-03-11,369188,12.0,18,ACTIVE
L0002297,C000761,LP002,BR001,2024-02-09,2024-02-14,2024-02-19,148524,10.5,29,ACTIVE
L0002298,C000504,LP005,BR009,2024-09-03,2024-09-10,2024-09-14,435559,12.0,27,ACTIVE
L0002299,C000811,LP002,BR007,2026-08-06,2026-08-15,2026-08-16,1174290,10.5,59,ACTIVE
L0002300,C000476,LP002,BR002,2022-10-16,2022-10-26,2022-10-30,167285,10.5,76,ACTIVE
L0002301,C000395,LP005,BR008,2026-01-11,2026-01-20,2026-01-24,316376,12.0,30,ACTIVE
L0002302,C000091,LP003,BR002,2022-08-01,2022-08-03,2022-08-04,1272955,8.5,154,ACTIVE
L0002303,C000004,LP002,BR003,2025-02-27,2025-03-08,2025-03-10,1176888,10.5,23,DEFAULT
L0002304,C000436,LP003,BR002,2022-08-14,2022-08-22,2022-08-27,2101280,8.5,204,ACTIVE
L0002305,C000522,LP002,BR004,2024-06-24,2024-07-01,2024-07-04,1076675,10.5,69,CLOSED
L0002306,C000528,LP005,BR005,2026-06-09,2026-06-15,2026-06-16,210498,12.0,32,DEFAULT
L0002307,C000599,LP005,BR004,2022-04-24,2022-04-30,2022-05-04,573348,12.0,36,ACTIVE
L0002308,C000198,LP005,BR002,2024-04-11,2024-04-12,2024-04-16,622656,12.0,21,ACTIVE
L0002309,C000870,LP001,BR009,2026-03-29,2026-04-08,2026-04-12,59894,14.5,12,CLOSED
L0002310,C000400,LP004,BR001,2025-08-18,2025-08-24,2025-08-28,415610,16.0,45,CLOSED
L0002311,C000855,LP004,BR002,2025-02-12,2025-02-22,2025-02-25,1216448,16.0,70,CLOSED
L0002312,C000374,LP002,BR010,2025-03-23,2025-04-02,2025-04-05,1309754,10.5,31,CLOSED
L0002313,C000547,LP002,BR007,2023-09-27,2023-09-30,2023-10-02,746932,10.5,35,ACTIVE
L0002314,C000681,LP002,BR003,2023-10-13,2023-10-14,2023-10-19,1362320,10.5,17,CLOSED
L0002315,C000258,LP002,BR008,2026-05-15,2026-05-24,2026-05-27,245263,10.5,53,ACTIVE
L0002316,C000748,LP001,BR002,2023-01-23,2023-01-27,2023-01-29,155749,14.5,31,CLOSED
L0002317,C000095,LP003,BR004,2025-10-23,2025-10-30,2025-11-02,2454368,8.5,67,ACTIVE
L0002318,C000344,LP003,BR006,2024-12-21,2024-12-22,2024-12-24,4187975,8.5,43,ACTIVE
L0002319,C000121,LP001,BR009,2022-04-09,2022-04-10,2022-04-14,440040,14.5,59,CLOSED
L0002320,C000769,LP001,BR010,2024-08-09,2024-08-16,2024-08-17,284258,14.5,40,ACTIVE
L0002321,C000327,LP001,BR003,2023-06-24,2023-06-28,2023-06-30,454217,14.5,36,DEFAULT
L0002322,C000098,LP004,BR004,2025-05-17,2025-05-19,2025-05-20,467204,16.0,76,DEFAULT
L0002323,C000372,LP005,BR004,2025-05-30,2025-06-08,2025-06-09,190795,12.0,36,CLOSED
L0002324,C000226,LP005,BR010,2026-07-14,2026-07-16,2026-07-20,796619,12.0,31,ACTIVE
L0002325,C000583,LP002,BR010,2024-08-14,2024-08-20,2024-08-24,500516,10.5,38,ACTIVE
L0002326,C000076,LP001,BR008,2026-05-04,2026-05-13,2026-05-16,300598,14.5,28,DEFAULT
L0002327,C000648,LP001,BR010,2023-09-19,2023-09-21,2023-09-25,58464,14.5,12,ACTIVE
L0002328,C000142,LP004,BR005,2023-03-07,2023-03-14,2023-03-18,1898293,16.0,24,ACTIVE
L0002329,C000133,LP004,BR004,2022-05-16,2022-05-22,2022-05-25,1854340,16.0,20,ACTIVE
L0002330,C000239,LP002,BR009,2026-08-04,2026-08-09,2026-08-11,277107,10.5,61,ACTIVE
L0002331,C000008,LP003,BR008,2025-11-05,2025-11-06,2025-11-09,3211793,8.5,23,CLOSED
L0002332,C000302,LP001,BR004,2022-09-06,2022-09-10,2022-09-12,346002,14.5,12,CLOSED
L0002333,C000959,LP005,BR010,2025-08-24,2025-09-02,2025-09-04,167031,12.0,34,ACTIVE
L0002334,C000732,LP003,BR008,2024-06-22,2024-06-23,2024-06-24,2260144,8.5,233,ACTIVE
L0002335,C000759,LP001,BR008,2026-06-06,2026-06-12,2026-06-17,267514,14.5,22,ACTIVE
L0002336,C000206,LP004,BR005,2022-07-16,2022-07-19,2022-07-21,1187582,16.0,31,CLOSED
L0002337,C000895,LP004,BR004,2025-06-30,2025-07-06,2025-07-07,1749529,16.0,32,ACTIVE
L0002338,C000995,LP003,BR010,2023-03-17,2023-03-25,2023-03-27,3067457,8.5,115,ACTIVE
L0002339,C000286,LP001,BR009,2024-04-30,2024-05-05,2024-05-10,218334,14.5,13,ACTIVE
L0002340,C000059,LP005,BR007,2025-02-27,2025-03-05,2025-03-06,951995,12.0,27,ACTIVE
L0002341,C000485,LP002,BR007,2022-04-20,2022-04-23,2022-04-27,197516,10.5,81,ACTIVE
L0002342,C000460,LP003,BR003,2022-08-19,2022-08-29,2022-09-03,1923884,8.5,52,ACTIVE
L0002343,C000425,LP005,BR010,2024-12-06,2024-12-07,2024-12-10,960770,12.0,19,ACTIVE
L0002344,C000293,LP001,BR006,2024-06-29,2024-07-06,2024-07-07,108935,14.5,42,ACTIVE
L0002345,C000709,LP001,BR003,2025-11-29,2025-12-06,2025-12-11,280904,14.5,20,DEFAULT
L0002346,C000917,LP005,BR005,2022-03-26,2022-03-27,2022-03-30,519377,12.0,27,ACTIVE
L0002347,C000228,LP003,BR008,2022-06-24,2022-06-27,2022-06-30,3566730,8.5,169,ACTIVE
L0002348,C000529,LP005,BR006,2023-07-24,2023-08-01,2023-08-05,805088,12.0,30,CLOSED
L0002349,C000823,LP003,BR001,2022-11-21,2022-11-24,2022-11-26,4817902,8.5,45,CLOSED
L0002350,C000515,LP002,BR003,2021-09-16,2021-09-20,2021-09-21,298787,10.5,63,ACTIVE
L0002351,C000835,LP001,BR004,2022-12-15,2022-12-25,2022-12-26,180956,14.5,26,ACTIVE
L0002352,C000657,LP005,BR007,2022-12-23,2022-12-26,2022-12-29,364589,12.0,34,ACTIVE
L0002353,C000076,LP003,BR009,2025-07-24,2025-08-03,2025-08-08,4836108,8.5,159,ACTIVE
L0002354,C000232,LP003,BR007,2026-03-24,2026-03-27,2026-03-30,4040168,8.5,107,CLOSED
L0002355,C000759,LP005,BR004,2024-03-09,2024-03-19,2024-03-20,804267,12.0,24,ACTIVE
L0002356,C000410,LP003,BR006,2025-01-09,2025-01-13,2025-01-15,620139,8.5,48,ACTIVE
L0002357,C000557,LP002,BR010,2026-08-16,2026-08-20,2026-08-22,932073,10.5,53,ACTIVE
L0002358,C000046,LP004,BR004,2025-07-06,2025-07-16,2025-07-20,1114696,16.0,56,CLOSED
L0002359,C000665,LP003,BR005,2023-05-16,2023-05-26,2023-05-30,4292524,8.5,66,ACTIVE
L0002360,C000069,LP004,BR010,2023-06-16,2023-06-26,2023-06-29,1244792,16.0,68,ACTIVE
L0002361,C000543,LP004,BR009,2024-05-26,2024-05-31,2024-06-05,807474,16.0,55,CLOSED
L0002362,C000537,LP003,BR008,2024-04-04,2024-04-09,2024-04-12,4588231,8.5,209,DEFAULT
L0002363,C000221,LP001,BR007,2026-07-23,2026-07-31,2026-08-01,400231,14.5,33,DEFAULT
L0002364,C000884,LP002,BR007,2024-04-19,2024-04-24,2024-04-25,866345,10.5,66,ACTIVE
L0002365,C000201,LP002,BR002,2025-05-28,2025-06-06,2025-06-08,298356,10.5,41,ACTIVE
L0002366,C000100,LP001,BR010,2024-08-20,2024-08-22,2024-08-23,338602,14.5,57,ACTIVE
L0002367,C000929,LP001,BR003,2022-06-20,2022-06-23,2022-06-26,210972,14.5,40,ACTIVE
L0002368,C000684,LP002,BR003,2021-10-11,2021-10-20,2021-10-21,1158482,10.5,35,ACTIVE
L0002369,C000971,LP001,BR004,2026-01-18,2026-01-27,2026-01-29,124296,14.5,55,CLOSED
L0002370,C000566,LP001,BR008,2025-02-22,2025-02-23,2025-02-25,434519,14.5,59,ACTIVE
L0002371,C000369,LP002,BR006,2022-10-17,2022-10-26,2022-10-31,418287,10.5,84,DEFAULT
L0002372,C000235,LP005,BR003,2024-03-17,2024-03-26,2024-03-27,859133,12.0,29,ACTIVE
L0002373,C000061,LP005,BR002,2022-03-28,2022-04-06,2022-04-08,747391,12.0,28,CLOSED
L0002374,C000512,LP005,BR004,2024-11-06,2024-11-12,2024-11-14,125002,12.0,33,CLOSED
L0002375,C000442,LP004,BR008,2026-05-18,2026-05-28,2026-05-30,1868399,16.0,108,CLOSED
L0002376,C000564,LP002,BR001,2022-02-28,2022-03-09,2022-03-14,989225,10.5,37,ACTIVE
L0002377,C000661,LP004,BR002,2021-09-18,2021-09-19,2021-09-23,721798,16.0,61,DEFAULT
L0002378,C000750,LP001,BR010,2026-06-21,2026-06-28,2026-07-02,295368,14.5,32,CLOSED
L0002379,C000853,LP002,BR006,2024-10-06,2024-10-11,2024-10-12,257014,10.5,44,DEFAULT
L0002380,C000516,LP004,BR005,2022-08-22,2022-08-27,2022-08-29,1638178,16.0,90,DEFAULT
L0002381,C000765,LP004,BR010,2024-02-09,2024-02-11,2024-02-12,1683705,16.0,64,CLOSED
L0002382,C000867,LP002,BR007,2021-12-21,2021-12-24,2021-12-28,436074,10.5,43,ACTIVE
L0002383,C000337,LP003,BR010,2023-09-16,2023-09-19,2023-09-23,3779942,8.5,163,CLOSED
L0002384,C000128,LP001,BR003,2025-05-19,2025-05-23,2025-05-26,86978,14.5,26,ACTIVE
L0002385,C000283,LP003,BR004,2025-01-22,2025-01-25,2025-01-29,1535753,8.5,197,DEFAULT
L0002386,C000323,LP001,BR010,2024-05-31,2024-06-03,2024-06-05,282459,14.5,21,ACTIVE
L0002387,C000557,LP001,BR010,2024-12-18,2024-12-24,2024-12-25,383843,14.5,19,DEFAULT
L0002388,C000354,LP002,BR002,2025-02-28,2025-03-05,2025-03-10,315193,10.5,72,CLOSED
L0002389,C000069,LP002,BR009,2024-12-14,2024-12-22,2024-12-25,361859,10.5,81,DEFAULT
L0002390,C000576,LP003,BR008,2025-05-30,2025-06-07,2025-06-09,1090580,8.5,237,ACTIVE
L0002391,C000472,LP004,BR002,2026-05-06,2026-05-11,2026-05-12,900067,16.0,119,ACTIVE
L0002392,C000068,LP003,BR001,2023-07-04,2023-07-06,2023-07-10,4072796,8.5,161,CLOSED
L0002393,C000702,LP005,BR009,2023-03-08,2023-03-16,2023-03-19,255545,12.0,28,ACTIVE
L0002394,C000287,LP003,BR009,2025-09-30,2025-10-02,2025-10-07,3541284,8.5,73,ACTIVE
L0002395,C000902,LP004,BR002,2022-11-22,2022-11-29,2022-12-03,218808,16.0,93,ACTIVE
L0002396,C000850,LP005,BR003,2023-04-23,2023-04-28,2023-05-01,968679,12.0,20,DEFAULT
L0002397,C000252,LP002,BR009,2026-06-07,2026-06-13,2026-06-17,1498755,10.5,44,ACTIVE
L0002398,C000125,LP003,BR001,2024-12-23,2024-12-25,2024-12-26,1348348,8.5,194,ACTIVE
L0002399,C000050,LP001,BR001,2024-10-09,2024-10-13,2024-10-18,309510,14.5,26,DEFAULT
L0002400,C000716,LP001,BR008,2025-04-04,2025-04-11,2025-04-14,104507,14.5,57,ACTIVE
L0002401,C000209,LP003,BR002,2023-01-08,2023-01-17,2023-01-22,3652626,8.5,167,DEFAULT
L0002402,C000785,LP002,BR003,2024-02-29,2024-03-07,2024-03-08,1361777,10.5,25,DEFAULT
L0002403,C000810,LP002,BR005,2022-10-11,2022-10-13,2022-10-18,299048,10.5,27,CLOSED
L0002404,C000002,LP005,BR008,2022-11-07,2022-11-13,2022-11-18,725282,12.0,34,DEFAULT
L0002405,C000863,LP002,BR002,2021-10-22,2021-10-29,2021-11-02,183602,10.5,56,ACTIVE
L0002406,C000960,LP002,BR007,2022-04-26,2022-05-04,2022-05-09,1196318,10.5,16,ACTIVE
L0002407,C000097,LP004,BR005,2021-11-03,2021-11-10,2021-11-11,553067,16.0,84,CLOSED
L0002408,C000766,LP005,BR007,2022-12-07,2022-12-08,2022-12-11,123603,12.0,21,ACTIVE
L0002409,C000255,LP004,BR005,2025-11-06,2025-11-07,2025-11-11,1881383,16.0,44,ACTIVE
L0002410,C000654,LP003,BR009,2025-06-03,2025-06-09,2025-06-12,2586255,8.5,82,ACTIVE
L0002411,C000839,LP003,BR005,2022-11-11,2022-11-12,2022-11-15,4343698,8.5,190,ACTIVE
L0002412,C000305,LP003,BR004,2022-06-06,2022-06-09,2022-06-11,3200134,8.5,201,ACTIVE
L0002413,C000711,LP002,BR007,2022-11-16,2022-11-22,2022-11-24,1148232,10.5,23,ACTIVE
L0002414,C000453,LP004,BR006,2025-03-31,2025-04-06,2025-04-11,1228760,16.0,106,CLOSED
L0002415,C000734,LP002,BR007,2025-08-02,2025-08-08,2025-08-11,312437,10.5,23,ACTIVE
L0002416,C000583,LP003,BR010,2025-04-30,2025-05-06,2025-05-11,4670754,8.5,175,CLOSED
L0002417,C000168,LP001,BR005,2023-03-28,2023-04-04,2023-04-06,188768,14.5,57,ACTIVE
L0002418,C000410,LP003,BR004,2025-07-28,2025-08-03,2025-08-06,4172273,8.5,104,CLOSED
L0002419,C000047,LP003,BR008,2026-01-15,2026-01-18,2026-01-21,633608,8.5,40,CLOSED
L0002420,C000651,LP003,BR009,2025-04-25,2025-05-05,2025-05-08,4745636,8.5,191,DEFAULT
L0002421,C000165,LP002,BR003,2026-05-28,2026-06-02,2026-06-07,1228801,10.5,34,ACTIVE
L0002422,C000853,LP001,BR003,2025-07-15,2025-07-25,2025-07-26,154133,14.5,17,ACTIVE
L0002423,C000927,LP002,BR010,2024-12-24,2025-01-03,2025-01-07,652327,10.5,30,ACTIVE
L0002424,C000699,LP003,BR010,2024-09-23,2024-10-02,2024-10-05,3828236,8.5,46,ACTIVE
L0002425,C000069,LP002,BR009,2023-08-18,2023-08-20,2023-08-23,1386435,10.5,84,ACTIVE
L0002426,C000138,LP004,BR009,2023-04-16,2023-04-22,2023-04-24,1028065,16.0,117,ACTIVE
L0002427,C000381,LP003,BR009,2025-04-27,2025-05-01,2025-05-06,1800333,8.5,182,ACTIVE
L0002428,C000257,LP002,BR003,2021-10-09,2021-10-10,2021-10-14,570744,10.5,40,CLOSED
L0002429,C000015,LP001,BR001,2026-08-16,2026-08-20,2026-08-24,389683,14.5,25,CLOSED
L0002430,C000265,LP001,BR010,2025-12-11,2025-12-12,2025-12-15,177758,14.5,13,DEFAULT
L0002431,C000736,LP002,BR009,2023-09-21,2023-09-29,2023-10-03,969323,10.5,83,DEFAULT
L0002432,C000224,LP003,BR001,2025-12-22,2026-01-01,2026-01-03,3958820,8.5,59,DEFAULT
L0002433,C000550,LP003,BR007,2023-12-31,2024-01-10,2024-01-14,3747261,8.5,203,ACTIVE
L0002434,C000149,LP003,BR006,2025-03-15,2025-03-21,2025-03-24,4118129,8.5,106,ACTIVE
L0002435,C000674,LP002,BR010,2026-05-09,2026-05-13,2026-05-16,1233236,10.5,57,ACTIVE
L0002436,C000365,LP003,BR009,2026-08-11,2026-08-14,2026-08-17,2571108,8.5,215,DEFAULT
L0002437,C000478,LP005,BR008,2024-10-30,2024-11-09,2024-11-11,121314,12.0,28,ACTIVE
L0002438,C000294,LP001,BR010,2021-12-28,2022-01-06,2022-01-09,104949,14.5,50,CLOSED
L0002439,C000155,LP004,BR008,2022-01-11,2022-01-17,2022-01-22,1821924,16.0,40,ACTIVE
L0002440,C000923,LP005,BR006,2026-07-17,2026-07-22,2026-07-27,897252,12.0,13,ACTIVE
L0002441,C000679,LP001,BR004,2025-10-26,2025-11-05,2025-11-09,310640,14.5,49,ACTIVE
L0002442,C000371,LP004,BR008,2024-11-04,2024-11-06,2024-11-08,146378,16.0,83,ACTIVE
L0002443,C000232,LP003,BR002,2022-09-02,2022-09-11,2022-09-12,3415906,8.5,134,CLOSED
L0002444,C000519,LP001,BR004,2025-10-21,2025-10-23,2025-10-26,84295,14.5,58,ACTIVE
L0002445,C000570,LP002,BR009,2022-05-22,2022-06-01,2022-06-04,157833,10.5,74,ACTIVE
L0002446,C000935,LP001,BR009,2022-12-01,2022-12-04,2022-12-08,162828,14.5,54,ACTIVE
L0002447,C000734,LP001,BR002,2026-03-09,2026-03-14,2026-03-19,415536,14.5,55,ACTIVE
L0002448,C000432,LP001,BR009,2024-02-01,2024-02-07,2024-02-09,348769,14.5,44,ACTIVE
L0002449,C000276,LP002,BR010,2025-08-30,2025-09-02,2025-09-07,1330760,10.5,52,ACTIVE
L0002450,C000803,LP003,BR010,2026-02-08,2026-02-18,2026-02-19,3506053,8.5,162,ACTIVE
L0002451,C000784,LP004,BR009,2022-05-17,2022-05-19,2022-05-24,233439,16.0,79,ACTIVE
L0002452,C000273,LP001,BR002,2026-02-28,2026-03-03,2026-03-05,180442,14.5,50,CLOSED
L0002453,C000499,LP003,BR007,2022-06-17,2022-06-20,2022-06-21,4652151,8.5,198,ACTIVE
L0002454,C000493,LP004,BR005,2023-10-17,2023-10-23,2023-10-24,297470,16.0,63,DEFAULT
L0002455,C000086,LP005,BR008,2025-09-22,2025-09-29,2025-10-03,419812,12.0,34,ACTIVE
L0002456,C000580,LP004,BR009,2022-05-16,2022-05-19,2022-05-22,483757,16.0,24,ACTIVE
L0002457,C000950,LP002,BR009,2026-04-18,2026-04-24,2026-04-26,1002532,10.5,44,ACTIVE
L0002458,C000393,LP003,BR009,2024-05-13,2024-05-15,2024-05-17,2685279,8.5,114,CLOSED
L0002459,C000730,LP001,BR010,2022-02-26,2022-03-02,2022-03-05,389332,14.5,52,ACTIVE
L0002460,C000851,LP001,BR008,2024-08-18,2024-08-24,2024-08-28,444167,14.5,18,DEFAULT
L0002461,C000320,LP005,BR007,2026-04-05,2026-04-10,2026-04-11,942014,12.0,31,ACTIVE
L0002462,C000745,LP005,BR008,2021-10-19,2021-10-28,2021-10-29,735873,12.0,23,ACTIVE
L0002463,C000471,LP005,BR009,2025-09-11,2025-09-14,2025-09-15,574823,12.0,12,ACTIVE
L0002464,C000687,LP001,BR002,2025-07-27,2025-08-02,2025-08-06,210570,14.5,13,DEFAULT
L0002465,C000257,LP005,BR008,2026-01-25,2026-02-04,2026-02-07,921102,12.0,14,CLOSED
L0002466,C000980,LP003,BR010,2025-09-12,2025-09-16,2025-09-21,4679215,8.5,58,DEFAULT
L0002467,C000037,LP004,BR004,2026-08-04,2026-08-08,2026-08-11,303351,16.0,99,CLOSED
L0002468,C000034,LP005,BR004,2024-07-11,2024-07-21,2024-07-24,621866,12.0,17,ACTIVE
L0002469,C000417,LP005,BR001,2025-04-16,2025-04-19,2025-04-24,176080,12.0,26,ACTIVE
L0002470,C000456,LP003,BR001,2024-09-16,2024-09-26,2024-09-27,1509007,8.5,218,ACTIVE
L0002471,C000920,LP001,BR003,2024-03-19,2024-03-24,2024-03-25,233004,14.5,55,CLOSED
L0002472,C000329,LP003,BR002,2024-03-02,2024-03-12,2024-03-17,1904129,8.5,37,ACTIVE
L0002473,C000771,LP005,BR004,2023-02-18,2023-02-22,2023-02-27,182794,12.0,31,ACTIVE
L0002474,C000971,LP005,BR004,2022-01-03,2022-01-11,2022-01-16,892174,12.0,24,ACTIVE
L0002475,C000169,LP003,BR008,2024-04-17,2024-04-19,2024-04-24,1049148,8.5,98,CLOSED
L0002476,C000639,LP002,BR006,2026-07-03,2026-07-09,2026-07-11,602165,10.5,74,CLOSED
L0002477,C000555,LP003,BR004,2023-12-04,2023-12-11,2023-12-12,3505817,8.5,27,ACTIVE
L0002478,C000586,LP002,BR007,2022-03-25,2022-04-04,2022-04-05,1190191,10.5,23,ACTIVE
L0002479,C000632,LP004,BR001,2025-09-25,2025-10-04,2025-10-09,1306044,16.0,101,DEFAULT
L0002480,C000902,LP004,BR005,2026-08-17,2026-08-26,2026-08-30,1687383,16.0,81,CLOSED
L0002481,C000961,LP001,BR009,2023-02-23,2023-02-28,2023-03-03,121028,14.5,40,CLOSED
L0002482,C000535,LP001,BR009,2026-07-31,2026-08-05,2026-08-09,261937,14.5,39,ACTIVE
L0002483,C000431,LP002,BR004,2022-02-23,2022-02-25,2022-03-01,149983,10.5,74,ACTIVE
L0002484,C000353,LP001,BR010,2024-03-10,2024-03-16,2024-03-21,303810,14.5,51,ACTIVE
L0002485,C000955,LP003,BR008,2021-12-09,2021-12-14,2021-12-18,2909157,8.5,209,ACTIVE
L0002486,C000214,LP002,BR008,2024-02-24,2024-03-04,2024-03-05,494430,10.5,23,ACTIVE
L0002487,C000745,LP004,BR002,2025-10-31,2025-11-10,2025-11-15,1238306,16.0,34,ACTIVE
L0002488,C000882,LP002,BR004,2022-05-30,2022-05-31,2022-06-05,158642,10.5,18,ACTIVE
L0002489,C000103,LP005,BR003,2022-10-15,2022-10-22,2022-10-24,388852,12.0,29,ACTIVE
L0002490,C000368,LP004,BR008,2026-01-03,2026-01-10,2026-01-15,1198875,16.0,120,CLOSED
L0002491,C000578,LP005,BR002,2022-05-12,2022-05-21,2022-05-24,734220,12.0,34,ACTIVE
L0002492,C000041,LP005,BR009,2024-01-27,2024-01-31,2024-02-01,499444,12.0,17,CLOSED
L0002493,C000140,LP005,BR007,2023-11-08,2023-11-14,2023-11-15,768719,12.0,18,ACTIVE
L0002494,C000993,LP005,BR007,2022-11-01,2022-11-05,2022-11-10,691530,12.0,31,ACTIVE
L0002495,C000796,LP004,BR001,2024-02-05,2024-02-06,2024-02-10,532075,16.0,100,ACTIVE
L0002496,C000196,LP004,BR005,2024-01-19,2024-01-24,2024-01-25,1996655,16.0,42,ACTIVE
L0002497,C000512,LP005,BR003,2023-11-23,2023-11-26,2023-11-30,886723,12.0,19,ACTIVE
L0002498,C000953,LP002,BR003,2021-10-30,2021-11-06,2021-11-07,427006,10.5,30,DEFAULT
L0002499,C000884,LP004,BR010,2022-08-28,2022-09-01,2022-09-06,1502014,16.0,45,ACTIVE
L0002500,C000376,LP005,BR010,2023-03-12,2023-03-22,2023-03-25,234828,12.0,32,ACTIVE
